site_id,date,aqi,so2,co,o3,pm2.5,pm10,nox,aqi_pm25,aqi_pm10
2428,01/01/2014,,2.0215,0.0,94.40525,,,7.4749165,,
2428,01/02/2014,,,,,,,,,
2428,01/03/2014,19.18777,1.987,,76.63529,0.00325,20.722792,7.1457915,0.013541667,19.18777
2428,01/04/2014,24.348148,,,82.46171,0.0,26.296,9.144459,0.0,24.348148
2428,01/05/2014,14.919329,1.540875,,76.877625,0.0,16.112875,8.890625,0.0,14.919329
2428,01/06/2014,15.14591,,,64.51767,0.0,16.357584,8.2039585,0.0,15.14591
2428,01/07/2014,15.878935,,,68.35467,0.000291667,17.14925,7.48525,0.001215279,15.878935
2428,01/08/2014,,,,,,,,,
2428,01/09/2014,,,,80.94546,,,8.230333,,
2428,01/10/2014,,,,72.90092,,,7.445875,,
2428,01/11/2014,,,,,,,,,
2428,01/12/2014,,,,,,,,,
2428,01/13/2014,,,,,,,,,
2428,01/14/2014,,,,,,,,,
2428,01/15/2014,,,,,,,,,
2428,01/16/2014,,,,,,,,,
2428,01/17/2014,,,,,,,,,
2428,01/18/2014,,,,,,,,,
2428,01/19/2014,,,,,,,,,
2428,01/20/2014,,,,,,,,,
2428,01/21/2014,,,,,,,,,
2428,01/22/2014,,,,,,,,,
2428,01/23/2014,0.52534723,,0.0,61.069084,0.12608333,0.0,12.495791,0.52534723,0.0
2428,01/24/2014,,,,,,,,,
2428,01/25/2014,,,,,,,,,
2428,01/26/2014,,,,,,,,,
2428,01/27/2014,,,,,,,,,
2428,01/28/2014,,,,,,,,,
2428,01/29/2014,,,,,,,,,
2428,01/30/2014,,,,,,,,,
2428,01/31/2014,,,,,,,,,
2428,02/01/2014,,,,,,,,,
2428,02/02/2014,,,,,,,,,
2428,02/03/2014,,,,,,,,,
2428,02/04/2014,,,,,,,,,
2428,02/05/2014,,,,,,,,,
2428,02/06/2014,,,,,,,,,
2428,02/07/2014,,,,,,,,,
2428,02/08/2014,,,,,,,,,
2428,02/09/2014,,,,,,,,,
2428,02/10/2014,,,,,,,,,
2428,02/11/2014,,,,,,,,,
2428,02/12/2014,,,,,,,,,
2428,02/13/2014,,,,,,,,,
2428,02/14/2014,,,,,,,,,
2428,02/15/2014,0.5314236,2.633125,4.17e-05,92.694336,0.12754166,0.0,18.943333,0.5314236,0.0
2428,02/16/2014,0.5310764,,0.0,89.750916,0.12745833,0.0,16.124,0.5310764,0.0
2428,02/17/2014,0.52673614,,0.000166667,95.44725,0.12641667,0.0,16.611876,0.52673614,0.0
2428,02/18/2014,0.5251736,,0.0,,0.12604167,0.0,,0.5251736,0.0
2428,02/19/2014,0.5265625,,0.0,93.17213,0.126375,0.0,15.866583,0.5265625,0.0
2428,02/20/2014,0.52239585,,0.0,84.95446,0.125375,0.0,18.584833,0.52239585,0.0
2428,02/21/2014,0.5185764,,0.0,77.21333,0.124458335,0.0,14.862792,0.5185764,0.0
2428,02/22/2014,0.51961803,,0.0,33.94275,0.12470833,0.0,,0.51961803,0.0
2428,02/23/2014,0.5171875,,0.0,68.35983,0.124125,0.0,18.474543,0.5171875,0.0
2428,02/24/2014,,,,,,,,,
2428,02/25/2014,,,,,,,,,
2428,02/26/2014,,,,,,,,,
2428,02/27/2014,0.52065974,,0.0,61.50904,0.12495834,0.0,11.401542,0.52065974,0.0
2428,02/28/2014,0.52586806,,0.0,59.067585,0.12620834,0.0,10.509209,0.52586806,0.0
2428,03/01/2014,0.5217014,,0.0,64.947,0.12520833,0.0,13.929375,0.5217014,0.0
2428,03/02/2014,0.5147569,,0.0,63.456165,0.12354167,0.0,11.084167,0.5147569,0.0
2428,03/03/2014,0.52013886,,0.0,56.696125,0.12483333,0.0,8.734667,0.52013886,0.0
2428,03/04/2014,0.52239585,,0.0,58.736958,0.125375,0.0,10.543167,0.52239585,0.0
2428,03/05/2014,,,,,,,,,
2428,03/06/2014,,,,,,,,,
2428,03/07/2014,,,,,,,,,
2428,03/08/2014,,,,,,,,,
2428,03/09/2014,,,,,,,,,
2428,03/10/2014,,,,,,,,,
2428,03/11/2014,,,,,,,,,
2428,03/12/2014,,,,,,,,,
2428,03/13/2014,,,,,,,,,
2428,03/14/2014,,,,,,,,,
2428,03/15/2014,,,,,,,,,
2428,03/16/2014,,,,,,,,,
2428,03/17/2014,,,,,,,,,
2428,03/18/2014,,,,,,,,,
2428,03/19/2014,44.236633,,0.0,78.80521,10.616792,11.7745,14.745584,44.236633,10.902315
2428,03/20/2014,17.064756,,0.0,64.62229,4.0955415,8.111417,13.78475,17.064756,7.510571
2428,03/21/2014,7.809375,,0.0,60.536,1.87425,3.7685833,9.82275,7.809375,3.489429
2428,03/22/2014,17.734375,,0.0,62.351418,4.25625,10.543875,9.843375,17.734375,9.762847
2428,03/23/2014,12.852547,,0.0,60.91071,1.9829167,13.88075,7.768708,8.262153,12.852547
2428,03/24/2014,13.819869,,0.0,58.733166,1.9648334,14.925458,7.9605,8.186806,13.819869
2428,03/25/2014,19.168404,,0.0,58.214832,4.6004167,18.732542,7.518833,19.168404,17.344946
2428,03/26/2014,10.8059025,,0.0,58.702126,2.1517084,11.670375,8.089042,8.965451,10.8059025
2428,03/27/2014,14.953395,,0.0,61.825706,0.94429165,16.149666,8.549167,3.9345486,14.953395
2428,03/28/2014,14.286999,,0.0,55.935543,2.2697084,15.429958,8.123,9.457118,14.286999
2428,03/29/2014,8.46821,,0.0,53.508373,1.44025,9.145667,10.852542,6.001042,8.46821
2428,03/30/2014,9.90571,,0.0,54.893333,1.6603333,10.698167,9.465792,6.9180555,9.90571
2428,03/31/2014,13.70027,,0.0,58.105415,1.764125,14.796291,7.136083,7.3505206,13.70027
2428,04/01/2014,14.333642,,0.0,57.88475,1.6249167,15.480333,9.393458,6.770486,14.333642
2428,04/02/2014,9.372724,,0.0,55.945168,1.8879167,10.122541,8.142333,7.8663197,9.372724
2428,04/03/2014,,,,,,,,,
2428,04/04/2014,3.8369985,,0.0,54.417667,0.89016664,4.1439586,6.820875,3.7090278,3.8369985
2428,04/05/2014,7.5746527,,0.0,46.824623,1.8179166,7.924625,8.378458,7.5746527,7.337616
2428,04/06/2014,7.829051,,0.0,51.13879,1.408375,8.455375,9.625042,5.8682294,7.829051
2428,04/07/2014,6.857639,,0.0,55.252792,1.6458334,6.4767084,6.4245834,6.857639,5.996952
2428,04/08/2014,6.0836806,,0.0,53.86696,1.4600834,4.687625,4.399083,6.0836806,4.3403935
2428,04/09/2014,45.636806,,0.0,52.71121,10.952833,16.828583,8.571167,45.636806,15.582022
2428,04/10/2014,6.8831596,,0.0,55.2885,1.6519583,5.6719165,7.6570415,6.8831596,5.251775
2428,04/11/2014,6.2850695,,0.0,54.493084,0.82033336,6.787875,9.5668335,3.4180555,6.2850695
2428,04/12/2014,,,,,,,,,
2428,04/13/2014,,,,,,,,,
2428,04/14/2014,,,,,,,,,
2428,04/15/2014,,,,,,,,,
2428,04/16/2014,,,,,,,,,
2428,04/17/2014,,,,,,,,,
2428,04/18/2014,,,,,,,,,
2428,04/19/2014,,,,,,,,,
2428,04/20/2014,,,,,,,,,
2428,04/21/2014,,,,,,,,,
2428,04/22/2014,,,,,,,,,
2428,04/23/2014,,,,,,,,,
2428,04/24/2014,,,,,,,,,
2428,04/25/2014,,,,,,,,,
2428,04/26/2014,,,,,,,,,
2428,04/27/2014,,,,,,,,,
2428,04/28/2014,12.380382,5.1995835,0.0,20.572208,2.9712918,1.8484583,15.146083,12.380382,1.7115355
2428,04/29/2014,14.121354,2.2715416,0.0,23.037916,3.389125,2.8609166,13.695458,14.121354,2.6489968
2428,04/30/2014,10.602083,2.5099583,0.0,23.667042,2.5445,2.2739167,14.700833,10.602083,2.1054783
2428,05/01/2014,13.938541,2.246625,0.005,23.264084,3.34525,2.9640834,19.349625,13.938541,2.7445216
2428,05/02/2014,15.500694,1.835125,0.000375,24.315916,3.7201667,3.3854582,18.317375,15.500694,3.1346836
2428,05/03/2014,11.369966,2.3705,0.0,23.600082,2.7287917,2.5675416,21.500584,11.369966,2.3773534
2428,05/04/2014,14.311459,1.9282917,0.0,24.23425,3.43475,3.114125,17.806126,14.311459,2.883449
2428,05/05/2014,13.93125,2.3729167,0.000291667,25.376541,3.3435,3.1053333,19.8335,13.93125,2.8753088
2428,05/06/2014,10.639757,4.6563334,0.0,38.568043,2.5535417,2.4027083,18.995167,10.639757,2.22473
2428,05/07/2014,10.323785,2.4377084,0.0,24.303041,2.4777083,2.2927916,18.690374,10.323785,2.1229553
2428,05/08/2014,8.052952,3.2395833,0.0,29.17875,1.9327084,1.8442917,15.078834,8.052952,1.7076775
2428,05/09/2014,12.345659,1.8612916,0.0,31.016708,2.9629583,2.798375,12.784625,12.345659,2.591088
2428,05/10/2014,14.856423,3.0624166,0.0,29.3135,3.5655417,3.3139167,14.38225,14.856423,3.0684414
2428,05/11/2014,12.882986,,0.000125,20.69875,3.0919166,3.964875,25.149084,12.882986,3.6711805
2428,05/12/2014,14.161111,,0.0,,3.3986666,3.1685834,15.59425,14.161111,2.9338734
2428,05/13/2014,10.228993,,0.000541667,,2.4549584,2.3007083,18.180666,10.228993,2.1302855
2428,05/14/2014,12.157118,,0.0,,2.9177084,2.6954167,17.623125,12.157118,2.4957561
2428,05/15/2014,36.452255,,0.014291667,,8.748542,13.021916,16.727541,36.452255,12.05733
2428,05/16/2014,15.900173,,0.0,,3.8160417,13.069292,12.972083,15.900173,12.101196
2428,05/17/2014,8.301852,,0.0,,1.807875,8.966,11.743083,7.5328126,8.301852
2428,05/18/2014,8.295139,,0.0,,1.408875,8.95875,13.972417,5.8703127,8.295139
2428,05/19/2014,6.0736113,,0.000125,,1.317625,6.5595,18.349583,5.490104,6.0736113
2428,05/20/2014,5.217477,,0.0,,1.158125,5.634875,16.246042,4.825521,5.217477
2428,05/21/2014,7.584375,,0.000166667,,1.1755,8.191125,15.2885,4.897917,7.584375
2428,05/22/2014,3.8017747,,0.0,,0.73616666,4.1059165,15.8925,3.067361,3.8017747
2428,05/23/2014,0.51875,,0.0,,0.1245,0.0,15.346209,0.51875,0.0
2428,05/24/2014,0.5232639,,0.000791667,,0.12558334,0.0,15.974625,0.5232639,0.0
2428,05/25/2014,0.52621526,,0.001291667,13.865042,0.12629166,0.0,12.932333,0.52621526,0.0
2428,05/26/2014,0.51354164,,0.0,,0.12325,0.0,11.171333,0.51354164,0.0
2428,05/27/2014,0.5217014,,0.0,,0.12520833,0.0,12.222667,0.5217014,0.0
2428,05/28/2014,0.50989586,,0.0005,,0.122375,0.0,15.309417,0.50989586,0.0
2428,05/29/2014,0.5203125,,0.001083333,15.845166,0.124875,0.0,17.880833,0.5203125,0.0
2428,05/30/2014,0.5125,,0.0,14.440458,0.123,0.0,13.71275,0.5125,0.0
2428,05/31/2014,0.51163197,,0.0,22.809166,0.12279167,0.0,16.450916,0.51163197,0.0
2428,06/01/2014,0.51944447,,0.002,17.620667,0.12466667,0.0,16.109667,0.51944447,0.0
2428,06/02/2014,0.5394097,,0.000625,18.956625,0.12945834,0.0,11.0885,0.5394097,0.0
2428,06/03/2014,0.5121528,,0.0,31.862083,0.12291667,0.0,13.581917,0.5121528,0.0
2428,06/04/2014,0.5090278,,0.001458333,20.4025,0.12216666,0.0,10.599,0.5090278,0.0
2428,06/05/2014,0.51024306,,0.0,19.86125,0.12245833,0.0,12.647875,0.51024306,0.0
2428,06/06/2014,0.5086806,2.0925834,0.002791667,18.572083,0.122083336,0.0,13.292042,0.5086806,0.0
2428,06/07/2014,0.5125,,0.000458333,20.240334,0.123,0.0,12.625125,0.5125,0.0
2428,06/08/2014,0.51666665,2.75225,0.000666667,23.512083,0.124,0.0,10.842417,0.51666665,0.0
2428,06/09/2014,0.5138889,,0.004208333,22.459291,0.123333335,0.0,10.209625,0.5138889,0.0
2428,06/10/2014,0.52916664,,0.000208333,21.574833,0.127,0.002416667,11.937583,0.52916664,0.002237655
2428,06/11/2014,0.50625,,0.001458333,21.85571,0.1215,0.0,12.138333,0.50625,0.0
2428,06/12/2014,0.50104165,3.6707084,0.001416667,32.41242,0.12025,0.0,12.411333,0.50104165,0.0
2428,06/13/2014,0.5104167,2.5235417,0.005208333,22.977459,0.1225,0.0,12.048375,0.5104167,0.0
2428,06/14/2014,0.5034722,1.777375,0.14416666,21.563,0.12083333,0.0,10.359834,0.5034722,0.0
2428,06/15/2014,0.5046875,,0.15108334,20.086624,0.121125,0.0,9.737041,0.5046875,0.0
2428,06/16/2014,0.50364584,,0.15395834,23.78975,0.120875,0.0,6.4729166,0.50364584,0.0
2428,06/17/2014,0.5092014,,0.17320833,,0.122208335,0.0,,0.5092014,0.0
2428,06/18/2014,0.51493055,,0.22045833,21.538084,0.12358333,0.0,11.195,0.51493055,0.0
2428,06/19/2014,0.52100694,,0.19058333,31.760834,0.12504166,0.0,9.223333,0.52100694,0.0
2428,06/20/2014,0.5147569,1.790875,0.19091667,19.317959,0.12354167,0.0,9.752334,0.5147569,0.0
2428,06/21/2014,0.5015625,,0.185875,22.546417,0.120375,0.0,7.1183333,0.5015625,0.0
2428,06/22/2014,0.5147569,,0.24083333,23.738125,0.12354167,0.0,12.237458,0.5147569,0.0
2428,06/23/2014,0.50572914,2.4195833,0.21379167,18.968916,0.121375,0.0,12.576625,0.50572914,0.0
2428,06/24/2014,0.5060764,4.1836667,0.22920834,32.63096,0.12145834,0.0,10.90375,0.5060764,0.0
2428,06/25/2014,0.50590277,3.5105417,0.20708333,24.205584,0.121416666,0.0,9.934792,0.50590277,0.0
2428,06/26/2014,0.5092014,,0.22570834,20.279083,0.122208335,0.0,10.994041,0.5092014,0.0
2428,06/27/2014,0.50885415,,0.25108334,21.568583,0.122125,0.0,10.995417,0.50885415,0.0
2428,06/28/2014,0.5029514,1.873375,0.22916667,18.574583,0.12070833,0.0,12.64175,0.5029514,0.0
2428,06/29/2014,0.5048611,,0.20575,19.842,0.12116667,0.0,10.223792,0.5048611,0.0
2428,06/30/2014,0.5048611,,0.20941667,22.00204,0.12116667,0.0,9.124458,0.5048611,0.0
2428,07/01/2014,0.50104165,,0.23095833,21.720833,0.12025,0.0,10.058583,0.50104165,0.0
2428,07/02/2014,0.49184027,,0.223,24.894833,0.118041664,0.0,13.357417,0.49184027,0.0
2428,07/03/2014,0.50850695,,0.16941667,27.386875,0.122041665,0.0,13.909875,0.50850695,0.0
2428,07/04/2014,0.5046875,,0.11175,27.645166,0.121125,0.0,10.461083,0.5046875,0.0
2428,07/05/2014,0.50277776,3.7562916,0.19933334,26.6795,0.12066667,0.0,11.522041,0.50277776,0.0
2428,07/06/2014,0.5003472,,0.16158333,23.640417,0.12008333,0.0,11.9855,0.5003472,0.0
2428,07/07/2014,0.5012153,2.8331666,0.20520833,28.5905,0.120291665,0.0,10.732,0.5012153,0.0
2428,07/08/2014,0.50329864,,0.201875,26.163542,0.120791666,0.0,9.589084,0.50329864,0.0
2428,07/09/2014,0.50555557,8.53475,0.24808334,,0.12133333,0.0,12.478833,0.50555557,0.0
2428,07/10/2014,0.51163197,,0.22458333,24.098625,0.12279167,0.0,14.321792,0.51163197,0.0
2428,07/11/2014,0.5034722,2.5845416,0.19254167,25.778584,0.12083333,0.0,12.190541,0.5034722,0.0
2428,07/12/2014,0.5078125,,0.22420834,25.23775,0.121875,0.0,11.974125,0.5078125,0.0
2428,07/13/2014,0.5013889,2.5139167,0.11945833,26.483583,0.12033334,0.0,12.811542,0.5013889,0.0
2428,07/14/2014,0.5064236,,0.13229166,31.018959,0.121541664,0.0,10.663584,0.5064236,0.0
2428,07/15/2014,0.51180553,,0.18204166,38.507668,0.122833334,0.0,12.3785,0.51180553,0.0
2428,07/16/2014,0.51006943,,0.19445834,29.106709,0.12241667,0.0,12.394083,0.51006943,0.0
2428,07/17/2014,0.50989586,2.59975,0.1775,28.907917,0.122375,0.0,12.880333,0.50989586,0.0
2428,07/18/2014,0.51145834,,0.23229167,31.317625,0.12275,0.0,15.320416,0.51145834,0.0
2428,07/19/2014,0.5109375,,0.33129168,,0.122625,4.17e-05,,0.5109375,3.861111e-05
2428,07/20/2014,0.5152778,,0.343375,,0.12366667,0.0,,0.5152778,0.0
2428,07/21/2014,0.51927084,,0.262125,,0.124625,0.0,,0.51927084,0.0
2428,07/22/2014,0.5161458,,0.24825,,0.123875,0.0,,0.5161458,0.0
2428,07/23/2014,0.50555557,,,,0.12133333,4.17e-05,,0.50555557,3.861111e-05
2428,07/24/2014,0.5104167,,,,0.1225,0.0,,0.5104167,0.0
2428,07/25/2014,0.50329864,,0.25304165,,0.120791666,4.17e-05,,0.50329864,3.861111e-05
2428,07/26/2014,0.5112847,,0.30541667,,0.122708336,0.0,,0.5112847,0.0
2428,07/27/2014,,,,,,,,,
2428,07/28/2014,0.5121528,,,,0.12291667,0.0,,0.5121528,0.0
2428,07/29/2014,0.5121528,,0.20158333,,0.12291667,0.0,,0.5121528,0.0
2428,07/30/2014,0.51232636,,0.15075,,0.12295833,0.0,,0.51232636,0.0
2428,07/31/2014,0.5078125,,0.26858333,,0.121875,0.0,,0.5078125,0.0
2428,08/01/2014,0.50989586,,0.27533334,,0.122375,0.0,,0.50989586,0.0
2428,08/02/2014,0.5069444,,,,0.12166667,0.0,,0.5069444,0.0
2428,08/03/2014,0.51493055,3.4910417,0.24329166,30.294542,0.12358333,4.17e-05,14.3967085,0.51493055,3.861111e-05
2428,08/04/2014,0.51336807,,,30.261417,0.12320834,0.0,14.104167,0.51336807,0.0
2428,08/05/2014,0.5121528,4.50375,0.187,33.11079,0.12291667,0.0,14.686708,0.5121528,0.0
2428,08/06/2014,0.50538194,3.8019166,0.254125,32.78583,0.12129167,0.0,15.588458,0.50538194,0.0
2428,08/07/2014,0.50538194,4.1514583,0.16158333,32.848915,0.12129167,0.0,18.0865,0.50538194,0.0
2428,08/08/2014,0.5092014,3.7702084,0.19075,33.335,0.122208335,0.0,21.651417,0.5092014,0.0
2428,08/09/2014,0.50625,3.6819167,0.18841666,37.72221,0.1215,4.17e-05,21.420292,0.50625,3.861111e-05
2428,08/10/2014,0.5109375,4.0677915,0.124875,39.356457,0.122625,0.0,18.625957,0.5109375,0.0
2428,08/11/2014,0.50451386,3.5515833,0.230625,36.546665,0.121083334,0.0,18.214417,0.50451386,0.0
2428,08/12/2014,0.5092014,3.45575,0.2625,30.560333,0.122208335,0.0,20.732084,0.5092014,0.0
2428,08/13/2014,0.5043403,,,39.71379,0.12104167,4.17e-05,18.020458,0.5043403,3.861111e-05
2428,08/14/2014,0.50208336,3.913125,,35.38233,0.1205,4.17e-05,21.7235,0.50208336,3.861111e-05
2428,08/15/2014,0.50329864,3.9132917,,40.870583,0.120791666,0.0,18.914291,0.50329864,0.0
2428,08/16/2014,0.50590277,5.342875,0.15508333,39.120125,0.121416666,4.17e-05,18.3995,0.50590277,3.861111e-05
2428,08/17/2014,0.49861112,2.5373333,0.5985,26.885584,0.119666666,0.0,19.648958,0.49861112,0.0
2428,08/18/2014,0.503125,3.6324167,,29.930584,0.12075,8.33e-05,14.687417,0.503125,7.712963e-05
2428,08/19/2014,0.49930555,3.9154584,,35.63321,0.119833335,0.0,13.206166,0.49930555,0.0
2428,08/20/2014,0.515625,,0.10316667,38.44425,0.12375,4.17e-05,13.409667,0.515625,3.861111e-05
2428,08/21/2014,0.5012153,3.6174583,0.123375,35.720917,0.120291665,0.0,16.18629,0.5012153,0.0
2428,08/22/2014,0.5043403,3.02275,0.146,35.12471,0.12104167,0.0,17.7945,0.5043403,0.0
2428,08/23/2014,0.5026042,,0.19916667,37.68646,0.120625,0.0,16.8645,0.5026042,0.0
2428,08/24/2014,0.50208336,,0.273875,33.8275,0.1205,4.17e-05,15.755167,0.50208336,3.861111e-05
2428,08/25/2014,0.50069445,4.235417,0.263125,39.6605,0.12016667,8.33e-05,14.120459,0.50069445,7.712963e-05
2428,08/26/2014,0.50381947,,0.28308332,41.76779,0.120916665,0.0,17.091541,0.50381947,0.0
2428,08/27/2014,0.5043403,3.9644582,0.299125,37.980667,0.12104167,0.0,15.806209,0.5043403,0.0
2428,08/28/2014,0.50104165,4.8829584,0.28954166,34.698624,0.12025,0.0,14.54925,0.50104165,0.0
2428,08/29/2014,0.49809027,,0.23533334,28.817041,0.11954167,0.0,17.428875,0.49809027,0.0
2428,08/30/2014,0.50399303,3.13475,0.17329167,29.902624,0.120958336,4.17e-05,15.884583,0.50399303,3.861111e-05
2428,08/31/2014,0.50364584,4.311875,0.21983333,36.95075,0.120875,0.0,15.819375,0.50364584,0.0
2428,09/01/2014,0.490625,2.8240833,0.23829167,29.245459,0.11775,0.0,15.232875,0.490625,0.0
2428,09/02/2014,0.5043403,3.2935417,0.250875,34.237167,0.12104167,0.0,15.148375,0.5043403,0.0
2428,09/03/2014,0.4921875,3.4369166,0.21291667,33.17475,0.118125,4.17e-05,14.239708,0.4921875,3.861111e-05
2428,09/04/2014,0.49878472,4.0477085,0.19354166,35.978874,0.11970833,0.0,15.457666,0.49878472,0.0
2428,09/05/2014,0.50277776,4.2789583,0.24095833,36.07625,0.12066667,0.0,12.985958,0.50277776,0.0
2428,09/06/2014,0.5026042,4.9205,0.27820835,38.50629,0.120625,0.0,15.69375,0.5026042,0.0
2428,09/07/2014,0.49479166,3.4331667,0.22775,39.487957,0.11875,0.0,13.893791,0.49479166,0.0
2428,09/08/2014,0.49739584,3.5778334,0.23054166,38.78879,0.119375,0.0,12.043167,0.49739584,0.0
2428,09/09/2014,0.5029514,3.299125,0.33258334,30.31225,0.12070833,0.0,21.124624,0.5029514,0.0
2428,09/10/2014,0.50364584,2.674625,,24.947666,0.120875,0.0,21.372541,0.50364584,0.0
2428,09/11/2014,0.5034722,2.71075,,24.670834,0.12083333,0.0,20.853333,0.5034722,0.0
2428,09/12/2014,0.5003472,,,32.165165,0.12008333,0.0,17.705708,0.5003472,0.0
2428,09/13/2014,0.50451386,3.1712084,0.27170834,30.360458,0.121083334,0.0,16.207708,0.50451386,0.0
2428,09/14/2014,0.50225693,,0.44983333,31.990541,0.12054167,0.0,16.894041,0.50225693,0.0
2428,09/15/2014,0.50625,,0.50220835,36.216583,0.1215,4.17e-05,13.342875,0.50625,3.861111e-05
2428,09/16/2014,0.50503474,3.2326667,0.20275,29.963667,0.12120833,0.0,17.949875,0.50503474,0.0
2428,09/17/2014,0.49479166,,0.1855,30.300209,0.11875,0.0,13.877625,0.49479166,0.0
2428,09/18/2014,0.49895832,,0.22633334,34.97029,0.11975,0.0,13.722834,0.49895832,0.0
2428,09/19/2014,0.50190973,,0.166625,36.673668,0.120458335,0.0,16.5245,0.50190973,0.0
2428,09/20/2014,0.50329864,,0.22291666,30.18775,0.120791666,0.0,18.174917,0.50329864,0.0
2428,09/21/2014,0.5003472,3.2675,0.32491666,29.479042,0.12008333,0.0,19.974083,0.5003472,0.0
2428,09/22/2014,0.5012153,,0.24108334,39.28225,0.120291665,4.17e-05,18.019417,0.5012153,3.861111e-05
2428,09/23/2014,0.5083333,,0.19975,38.773792,0.122,0.0,16.040958,0.5083333,0.0
2428,09/24/2014,0.50625,3.5425,0.23075,36.63725,0.1215,0.0,19.64429,0.50625,0.0
2428,09/25/2014,0.5005208,2.7091668,0.34754166,23.036667,0.120125,0.0,22.845125,0.5005208,0.0
2428,09/26/2014,0.50590277,4.368583,0.260375,37.784042,0.121416666,0.000166667,16.869833,0.50590277,0.000154321
2428,09/27/2014,0.5064236,4.48425,0.22379167,37.519707,0.121541664,0.0,20.972666,0.5064236,0.0
2428,09/28/2014,0.50538194,4.180375,0.18920833,36.69525,0.12129167,0.0,16.658792,0.50538194,0.0
2428,09/29/2014,0.49965277,,0.257125,38.573376,0.11991667,0.0,15.836667,0.49965277,0.0
2428,09/30/2014,0.5079861,4.295125,0.27858335,35.18171,0.12191667,0.0,18.33179,0.5079861,0.0
2428,10/01/2014,0.5034722,3.93875,0.31654167,36.66804,0.12083333,4.17e-05,22.673792,0.5034722,3.861111e-05
2428,10/02/2014,0.50208336,4.523083,0.35241666,35.016167,0.1205,0.0,17.864708,0.50208336,0.0
2428,10/03/2014,,,,,,,,,
2428,10/04/2014,,,,,,,,,
2428,10/05/2014,,,,,,,,,
2428,10/06/2014,,,,,,,,,
2428,10/07/2014,,,,,,,,,
2428,10/08/2014,,,,,,,,,
2428,10/09/2014,,,,,,,,,
2428,10/10/2014,,,,,,,,,
2428,10/11/2014,,,,,,,,,
2428,10/12/2014,,,,,,,,,
2428,10/13/2014,,,,,,,,,
2428,10/14/2014,,,,,,,,,
2428,10/15/2014,,,,,,,,,
2428,10/16/2014,,,,,,,,,
2428,10/17/2014,,,,,,,,,
2428,10/18/2014,,,,,,,,,
2428,10/19/2014,,,,,,,,,
2428,10/20/2014,,,,,,,,,
2428,10/21/2014,,,,,,,,,
2428,10/22/2014,,,,,,,,,
2428,10/23/2014,,,,,,,,,
2428,10/24/2014,,,,,,,,,
2428,10/25/2014,,,,,,,,,
2428,10/26/2014,,,,,,,,,
2428,10/27/2014,,,,,,,,,
2428,10/28/2014,,,,,,,,,
2428,10/29/2014,,,,,,,,,
2428,10/30/2014,,,,,,,,,
2428,10/31/2014,,,,,,,,,
2428,11/01/2014,,,,,,,,,
2428,11/02/2014,,,,,,,,,
2428,11/03/2014,,,,,,,,,
2428,11/04/2014,,,,,,,,,
2428,11/05/2014,,,,,,,,,
2428,11/06/2014,,,,,,,,,
2428,11/07/2014,,,,,,,,,
2428,11/08/2014,,,,,,,,,
2428,11/09/2014,,,,,,,,,
2428,11/10/2014,,,,,,,,,
2428,11/11/2014,,,,,,,,,
2428,11/12/2014,,,,,,,,,
2428,11/13/2014,,,,,,,,,
2428,11/14/2014,,,,,,,,,
2428,11/15/2014,,,,,,,,,
2428,11/16/2014,,,,,,,,,
2428,11/17/2014,,,,,,,,,
2428,11/18/2014,,,,,,,,,
2428,11/19/2014,,,,,,,,,
2428,11/20/2014,,,,,,,,,
2428,11/21/2014,,,,,,,,,
2428,11/22/2014,,,,,,,,,
2428,11/23/2014,,,,,,,,,
2428,11/24/2014,,,,,,,,,
2428,11/25/2014,,,,,,,,,
2428,11/26/2014,,,,,,,,,
2428,11/27/2014,,,,,,,,,
2428,11/28/2014,,,,,,,,,
2428,11/29/2014,,,,,,,,,
2428,11/30/2014,,,,,,,,,
2428,12/01/2014,,,,,,,,,
2428,12/02/2014,,,,,,,,,
2428,12/03/2014,,,,,,,,,
2428,12/04/2014,,,,,,,,,
2428,12/05/2014,,,,,,,,,
2428,12/06/2014,,,,,,,,,
2428,12/07/2014,,,,,,,,,
2428,12/08/2014,,,,,,,,,
2428,12/09/2014,,,,,,,,,
2428,12/10/2014,,,,,,,,,
2428,12/11/2014,,,,,,,,,
2428,12/12/2014,,,,,,,,,
2428,12/13/2014,,,,,,,,,
2428,12/14/2014,,,,,,,,,
2428,12/15/2014,,,,,,,,,
2428,12/16/2014,,,,,,,,,
2428,12/17/2014,,,,,,,,,
2428,12/18/2014,,,,,,,,,
2428,12/19/2014,,,,,,,,,
2428,12/20/2014,,,,,,,,,
2428,12/21/2014,,,,,,,,,
2428,12/22/2014,,,,,,,,,
2428,12/23/2014,,,,,,,,,
2428,12/24/2014,,,,,,,,,
2428,12/25/2014,,,,,,,,,
2428,12/26/2014,,,,,,,,,
2428,12/27/2014,,,,,,,,,
2428,12/28/2014,,,,,,,,,
2428,12/29/2014,,,,,,,,,
2428,12/30/2014,,,,,,,,,
2428,12/31/2014,,,,,,,,,
2428,01/01/2015,0.6559028,5.429,0.20720834,43.20971,0.15741667,0.0,11.576208,0.6559028,0.0
2428,01/02/2015,0.49930555,,0.17358333,39.06375,0.119833335,0.0,13.152125,0.49930555,0.0
2428,01/03/2015,0.49722221,4.248417,0.195,38.778873,0.119333334,0.0,16.649834,0.49722221,0.0
2428,01/04/2015,0.5012153,4.5712914,0.23891667,39.09,0.120291665,0.0,17.376541,0.5012153,0.0
2428,01/05/2015,0.5052083,,0.27158332,36.461834,0.12125,0.0,16.73175,0.5052083,0.0
2428,01/06/2015,0.5034722,4.150375,0.26120833,39.448166,0.12083333,0.0,13.758583,0.5034722,0.0
2428,01/07/2015,0.49079862,,0.253125,33.867584,0.11779167,0.0,18.7245,0.49079862,0.0
2428,01/08/2015,0.5069444,,0.21829167,36.499874,0.12166667,0.0,19.42,0.5069444,0.0
2428,01/09/2015,0.50190973,4.2089167,0.23991667,35.99525,0.120458335,0.0,15.283875,0.50190973,0.0
2428,01/10/2015,0.5034722,,0.20229167,38.156876,0.12083333,0.0,15.758417,0.5034722,0.0
2428,01/11/2015,0.49774304,,0.18558334,36.198708,0.11945833,0.0,14.540208,0.49774304,0.0
2428,01/12/2015,0.50364584,3.490375,0.21883333,35.20404,0.120875,0.0,19.696333,0.50364584,0.0
2428,01/13/2015,23.259201,,0.24741666,43.286125,5.582208,11.629375,18.374542,23.259201,10.76794
2428,01/14/2015,74.6892,,0.34966666,51.57971,23.364458,42.168125,15.438541,74.6892,39.04456
2428,01/15/2015,111.568855,,0.47583333,47.661335,39.79225,51.58696,16.145334,111.568855,47.7657
2428,01/16/2015,73.97287,,0.45545834,51.280624,23.023834,42.479458,16.892666,73.97287,39.332832
2428,01/17/2015,31.625174,,0.35583332,12.323833,7.5900416,32.39,,31.625174,29.99074
2428,01/18/2015,95.58001,,0.48108333,44.389,33.29825,53.434166,20.34675,95.58001,49.47608
2428,01/19/2015,71.49553,,0.461375,47.409668,21.845833,35.283627,21.823542,71.49553,32.670025
2428,01/20/2015,73.905136,,0.405375,49.463875,22.991625,39.267876,21.777374,73.905136,36.359142
2428,01/21/2015,76.73762,,0.30479166,53.27075,24.3385,40.118793,18.877333,76.73762,37.14703
2428,01/22/2015,64.39719,,0.22020833,69.20504,18.4705,39.573,11.065125,64.39719,36.641666
2428,01/23/2015,54.521656,,0.28433332,55.179626,13.774583,23.044542,24.908333,54.521656,21.337538
2428,01/24/2015,51.74981,,0.20920834,56.89517,12.456542,28.082542,22.66446,51.74981,26.002354
2428,01/25/2015,64.69678,,0.19583334,51.62533,18.612959,32.2875,18.992916,64.69678,29.895834
2428,01/26/2015,85.52029,,0.27191666,51.25729,28.51475,46.035,20.92825,85.52029,42.625
2428,01/27/2015,79.9709,,0.27766666,49.30279,25.875957,42.710293,19.272583,79.9709,39.546566
2428,01/28/2015,85.5422,,0.331625,50.186085,28.525167,45.209915,18.909708,85.5422,41.861034
2428,01/29/2015,88.630104,,0.287625,47.949207,29.9935,48.61121,17.747417,88.630104,45.01038
2428,01/30/2015,74.36175,,0.25541666,52.72271,23.20875,43.859917,18.041374,74.36175,40.611034
2428,01/31/2015,35.56684,,0.179375,52.323917,8.536041,28.929543,17.660418,35.56684,26.786613
2428,02/01/2015,51.759098,,0.20141667,60.285126,12.4609585,33.5795,15.192208,51.759098,31.092129
2428,02/02/2015,58.812134,,0.20841667,53.30025,15.81475,35.79696,20.663542,58.812134,33.145332
2428,02/03/2015,64.765915,,0.22475,52.435417,18.645834,42.768208,17.06425,64.765915,39.600193
2428,02/04/2015,70.33739,,0.25416666,53.116207,21.295124,45.37525,18.51825,70.33739,42.014122
2428,02/05/2015,75.84568,,0.272625,52.564877,23.914375,46.193333,18.030708,75.84568,42.771606
2428,02/06/2015,69.680725,,0.25479168,55.546043,20.982876,40.926125,19.51254,69.680725,37.89456
2428,02/07/2015,57.890232,,0.32554168,62.118126,15.376375,35.12179,16.069334,57.890232,32.520176
2428,02/08/2015,60.541245,,0.300375,57.054043,16.63696,37.831627,14.077791,60.541245,35.02928
2428,02/09/2015,73.82434,,0.31166667,54.83996,22.953209,48.275665,17.58125,73.82434,44.69969
2428,02/10/2015,69.27581,,0.29345834,56.12533,20.790333,43.82021,18.601084,69.27581,40.57427
2428,02/11/2015,61.599403,,0.24675,54.76329,17.140125,40.3695,15.784,61.599403,37.379166
2428,02/12/2015,78.53858,,0.26070833,57.181625,25.194876,53.32683,15.277125,78.53858,49.376698
2428,02/13/2015,81.20738,,0.308,58.745167,26.463917,52.501,17.411583,81.20738,48.612038
2428,02/14/2015,54.393898,,0.24045834,54.38925,13.713833,38.43017,16.629042,54.393898,35.58349
2428,02/15/2015,36.775867,,0.17925,51.52971,8.826208,28.414,14.431042,36.775867,26.30926
2428,02/16/2015,60.15394,,0.23783334,53.727543,16.452791,38.38,13.54925,60.15394,35.537037
2428,02/17/2015,60.153152,,0.198,48.609917,16.452417,43.386417,15.226084,60.153152,40.172607
2428,02/18/2015,49.772396,,0.1765,45.877457,11.945375,36.7065,16.40829,49.772396,33.9875
2428,02/19/2015,47.47691,,0.18625,48.47171,11.394459,33.218876,14.796166,47.47691,30.758217
2428,02/20/2015,43.016495,,0.21883333,56.343334,10.323958,34.122707,16.379667,43.016495,31.5951
2428,02/21/2015,59.668495,,0.199,53.589207,16.221958,42.05196,16.107876,59.668495,38.937
2428,02/22/2015,79.70601,,0.227375,51.284042,25.75,54.329876,15.594334,79.70601,
2428,02/23/2015,69.36615,,0.22645833,49.949417,20.833292,46.0315,16.762833,69.36615,42.621758
2428,02/24/2015,88.04451,,0.27841666,49.009167,29.715042,55.041374,15.568625,88.04451,51.020477
2428,02/25/2015,64.569725,,0.23866667,44.282585,18.552542,44.038,14.44825,64.569725,40.775925
2428,02/26/2015,76.64693,,0.2365,44.620335,24.295376,35.980835,16.758167,76.64693,33.315586
2428,02/27/2015,98.14918,,0.1895,41.076416,34.519917,32.684376,16.440624,98.14918,30.26331
2428,02/28/2015,97.08664,,0.24008334,34.94896,34.014668,33.886543,14.99775,97.08664,31.376427
2428,03/01/2015,103.213615,,0.24491666,37.807877,36.399,36.048542,13.083083,103.213615,33.37828
2428,03/02/2015,90.96348,,0.249125,39.38975,31.103043,28.695126,16.862709,90.96348,26.569561
2428,03/03/2015,94.91143,,0.37620834,41.48529,32.980335,42.437626,20.863874,94.91143,39.294098
2428,03/04/2015,84.88527,,0.25579166,38.66975,28.212791,50.90696,17.076876,84.88527,47.136074
2428,03/05/2015,74.4216,,0.20070833,35.99471,23.237207,44.20679,17.292625,74.4216,40.932213
2428,03/06/2015,81.347404,,0.22816667,38.23121,26.5305,45.911793,13.883333,81.347404,42.510918
2428,03/07/2015,82.04621,,0.26704165,36.346207,26.862791,43.540585,13.332791,82.04621,40.315353
2428,03/08/2015,57.75143,,0.18779166,35.346626,15.310375,32.005665,15.016,57.75143,29.634876
2428,03/09/2015,88.14922,,0.253375,39.6475,29.764833,47.728043,12.646625,88.14922,44.19263
2428,03/10/2015,56.218254,,0.17133333,36.792416,14.581333,33.60825,13.979959,56.218254,31.11875
2428,03/11/2015,70.89074,,0.21858333,40.941875,21.55825,39.67604,13.481417,70.89074,36.737076
2428,03/12/2015,68.02163,,0.22258334,46.51125,20.193958,36.337208,12.849417,68.02163,33.645565
2428,03/13/2015,67.08159,,0.23125,41.23771,19.746958,37.84396,15.691167,67.08159,35.040703
2428,03/14/2015,73.97418,,0.252,40.520584,23.024458,42.403957,15.941375,73.97418,39.262924
2428,03/15/2015,86.497925,,0.32366666,42.68175,28.979626,50.24829,15.207625,86.497925,46.526196
2428,03/16/2015,82.85368,,0.30404165,43.315666,27.24675,48.3035,17.149834,82.85368,44.725464
2428,03/17/2015,92.00718,,0.51958334,41.45954,31.599333,55.44625,19.224833,92.00718,51.22087
2428,03/18/2015,102.10794,,0.26991665,45.94246,35.94996,60.854458,12.924666,102.10794,53.89766
2428,03/19/2015,109.00303,,0.28141665,42.895832,38.75021,68.42284,19.619207,109.00303,57.643623
2428,03/20/2015,124.72797,,0.31891668,45.777668,45.13646,74.388374,16.570333,124.72797,60.596268
2428,03/21/2015,106.301155,,0.289625,42.991833,37.652916,65.20571,17.63925,106.301155,56.05131
2428,03/22/2015,52.158844,,0.18129167,32.798416,12.651042,27.607208,15.190291,52.158844,25.56223
2428,03/23/2015,31.382118,,0.12554167,32.377,7.5317082,21.199125,14.054791,31.382118,19.628819
2428,03/24/2015,58.422905,,0.17741667,35.367874,15.629666,29.704208,13.564834,58.422905,27.503897
2428,03/25/2015,65.8388,,0.24525,37.86154,19.156,36.98596,17.687792,65.8388,34.246258
2428,03/26/2015,68.461334,,0.267,37.583084,20.403042,35.834126,21.196793,68.461334,33.179745
2428,03/27/2015,57.21473,,0.207,39.017,15.055166,33.75375,19.334126,57.21473,31.253471
2428,03/28/2015,66.32433,,0.22995833,38.623875,19.386875,38.378082,15.960125,66.32433,35.535263
2428,03/29/2015,68.86581,,0.23716667,35.879208,20.595375,38.5375,15.865875,68.86581,35.68287
2428,03/30/2015,54.489586,,0.20754167,34.30904,13.759334,30.468374,16.047916,54.489586,28.211458
2428,03/31/2015,70.92141,,0.20891666,40.552418,21.572834,40.424873,17.023542,70.92141,37.43044
2428,04/01/2015,86.64382,,0.255625,40.426125,29.049,42.11321,16.33375,86.64382,38.99371
2428,04/02/2015,66.36052,,0.192625,38.568375,19.404083,31.024584,12.5165415,66.36052,28.726465
2428,04/03/2015,62.01939,,0.19195834,39.40775,17.339834,30.589792,11.63825,62.01939,28.323881
2428,04/04/2015,86.224884,,0.23870833,43.525043,28.849792,45.530876,12.454625,86.224884,42.15822
2428,04/05/2015,78.44675,,0.19570833,41.92175,25.151209,38.156124,13.29575,78.44675,35.329746
2428,04/06/2015,66.574234,,0.17008333,37.791916,19.505709,31.443792,16.608707,66.574234,29.114622
2428,04/07/2015,66.34352,,0.21616666,35.27325,19.396,33.57271,17.541042,66.34352,31.08584
2428,04/08/2015,,,,,,,,,
2428,04/09/2015,,,,,,,,,
2428,04/10/2015,,,,,,,,,
2428,04/11/2015,54.559948,,0.27841666,42.408875,13.792791,27.691042,11.778334,54.559948,25.639853
2428,04/12/2015,62.469784,,0.16366667,42.77746,17.554,30.346666,10.706291,62.469784,28.098766
2428,04/13/2015,58.19219,,0.19058333,39.977207,15.5199585,33.375626,10.069292,58.19219,30.903357
2428,04/14/2015,83.601295,,0.26683334,51.736958,27.60225,52.20829,9.884042,83.601295,48.34101
2428,04/15/2015,71.23283,,0.25375,45.265125,21.720917,38.94946,14.927167,71.23283,36.064312
2428,04/16/2015,77.79175,,0.28308332,42.928123,24.83975,42.242874,15.758667,77.79175,39.113773
2428,04/17/2015,39.694965,,0.219375,26.915958,9.526792,18.493834,14.017417,39.694965,17.12392
2428,04/18/2015,43.92031,,0.22016667,,10.540875,19.555626,,43.92031,18.10706
2428,04/19/2015,57.620434,,0.2415,,15.248083,23.734375,,57.620434,21.976273
2428,04/20/2015,62.16222,,0.228125,,17.40775,24.866625,,62.16222,23.024652
2428,04/21/2015,87.06845,,0.29520833,45.614334,29.250917,41.85575,15.657291,87.06845,38.755325
2428,04/22/2015,,,,,,,,,
2428,04/23/2015,42.406425,,0.26108333,38.222126,10.177542,17.94425,14.8272085,42.406425,16.615046
2428,04/24/2015,51.954678,,0.220625,43.909416,12.553958,21.703083,11.73775,51.954678,20.095448
2428,04/25/2015,61.327328,,0.27729166,39.681084,17.01075,28.106167,14.374833,61.327328,26.02423
2428,04/26/2015,54.383995,,0.22658333,39.41221,13.709125,23.618584,12.256375,54.383995,21.869059
2428,04/27/2015,49.533855,,0.203625,42.675415,11.888125,21.045834,10.215917,49.533855,19.486883
2428,04/28/2015,53.01687,,0.183625,42.348457,13.059042,22.512125,9.403542,53.01687,20.84456
2428,04/29/2015,51.710552,,0.20845833,41.114708,12.437875,19.91225,10.893833,51.710552,18.43727
2428,04/30/2015,63.585342,,0.20758334,41.5975,18.084457,27.8305,10.8637085,63.585342,25.768982
2428,05/01/2015,51.745075,,0.19620833,44.1235,12.454291,21.227291,10.561958,51.745075,19.6549
2428,05/02/2015,63.703724,,0.19491667,45.4625,18.14075,28.653667,10.113667,63.703724,26.531174
2428,05/03/2015,51.708363,,0.21233334,38.419624,12.436833,20.069374,15.254666,51.708363,18.582754
2428,05/04/2015,60.450375,,0.21304166,40.782207,16.59375,27.016834,14.575666,60.450375,25.015587
2428,05/05/2015,62.91904,,0.18929167,42.432957,17.767626,26.40375,14.2352915,62.91904,24.447916
2428,05/06/2015,70.98625,,0.186375,45.456707,21.603666,30.343042,12.182417,70.98625,28.09541
2428,05/07/2015,83.76112,,0.23375,47.463875,27.67825,34.991543,14.415,83.76112,32.399574
2428,05/08/2015,68.972534,,0.21729167,41.828957,20.646126,30.170458,13.971167,68.972534,27.93561
2428,05/09/2015,55.05056,,0.18566667,38.003418,14.026083,23.746542,9.970375,55.05056,21.98754
2428,05/10/2015,55.738506,,0.14845833,37.04629,14.353209,24.794043,8.177375,55.738506,22.957445
2428,05/11/2015,43.15729,,0.13504167,40.54354,10.35775,21.018625,10.558125,43.15729,19.461689
2428,05/12/2015,60.978844,,0.18408333,42.442543,16.845041,28.251083,13.448667,60.978844,26.158411
2428,05/13/2015,44.02986,,0.16391666,38.20125,10.567166,18.004333,12.786,44.02986,16.67068
2428,05/14/2015,51.227825,,0.16958334,42.055042,12.208333,22.49154,11.80125,51.227825,20.825502
2428,05/15/2015,48.199654,,0.15458333,41.965374,11.567917,21.944124,9.237291,48.199654,20.318634
2428,05/16/2015,51.88186,,0.15858333,45.319126,12.519333,24.225542,7.8904166,51.88186,22.431057
2428,05/17/2015,48.072224,,0.136375,44.227417,11.5373335,19.932583,7.2207084,48.072224,18.456095
2428,05/18/2015,63.87626,,0.141875,50.938,18.222792,27.806168,11.292209,63.87626,25.74645
2428,05/19/2015,68.60802,,0.14395833,49.180874,20.472792,31.625792,9.456083,68.60802,29.28314
2428,05/20/2015,74.39066,,0.24558333,46.64025,23.2225,35.706833,9.74575,74.39066,33.061882
2428,05/21/2015,59.61601,,0.169,42.519627,16.197,27.279167,10.323417,59.61601,25.258488
2428,05/22/2015,48.734722,,0.15733333,40.952915,11.696333,21.056707,8.406375,48.734722,19.496952
2428,05/23/2015,45.321007,,0.15533334,39.180916,10.877042,19.631708,10.617958,45.321007,18.177507
2428,05/24/2015,49.507465,,0.197875,41.484917,11.881792,20.40625,13.111417,49.507465,18.894676
2428,05/25/2015,52.744442,,0.182,41.659626,12.9295,21.561375,11.047625,52.744442,19.964235
2428,05/26/2015,63.586918,,0.18183333,38.022625,18.085209,22.395624,14.038625,63.586918,20.73669
2428,05/27/2015,39.14375,,0.143125,40.937874,9.3945,14.128208,12.596708,39.14375,13.081675
2428,05/28/2015,45.98594,,0.14208333,39.949707,11.036625,18.295666,11.647667,45.98594,16.940432
2428,05/29/2015,62.70716,,0.22125,41.61129,17.666876,27.857876,14.500292,62.70716,25.794329
2428,05/30/2015,49.949306,,0.181,41.40246,11.987833,20.57225,12.406292,49.949306,19.04838
2428,05/31/2015,55.231243,,0.1965,45.025043,14.112,23.561832,12.730958,55.231243,21.816513
2428,06/01/2015,59.62302,,0.20083334,46.230293,16.200333,24.447,12.981625,59.62302,22.63611
2428,06/02/2015,56.19039,,0.19891667,44.07446,14.568084,24.202833,15.918917,56.19039,22.41003
2428,06/03/2015,52.145084,,0.1635,44.64871,12.6445,22.9045,14.104333,52.145084,21.20787
2428,06/04/2015,67.30187,,0.21558334,,19.851707,30.862,,67.30187,28.575926
2428,06/05/2015,48.390278,,0.17095834,,11.613667,19.899666,,48.390278,18.425617
2428,06/06/2015,33.514236,,0.16425,36.7145,8.043417,15.424916,13.746667,33.514236,14.2823305
2428,06/07/2015,44.246876,,0.15625,37.521458,10.61925,17.23275,12.232041,44.246876,15.95625
2428,06/08/2015,47.18559,,0.17483333,42.315834,11.324542,17.006374,13.952042,47.18559,15.746643
2428,06/09/2015,47.4125,,0.21925,39.32942,11.379,18.5745,14.881291,47.4125,17.19861
2428,06/10/2015,43.62274,,0.18591666,40.98379,10.469459,15.508458,12.070666,43.62274,14.359684
2428,06/11/2015,46.02448,,0.16683333,,11.045875,14.926,,46.02448,13.820371
2428,06/12/2015,40.81927,,0.172875,35.65179,9.796625,15.817667,12.765375,40.81927,14.6459875
2428,06/13/2015,26.763369,,0.173375,33.382957,6.423208,11.966541,11.096958,26.763369,11.080132
2428,06/14/2015,40.45191,,0.16095833,35.46246,9.708458,12.782833,10.200417,40.45191,11.835957
2428,06/15/2015,41.998264,,0.158625,37.744915,10.079583,12.73225,12.543792,41.998264,11.789121
2428,06/16/2015,37.69375,,0.184,34.7365,9.0465,10.874333,13.04475,37.69375,10.068828
2428,06/17/2015,,,,,,,,,
2428,06/18/2015,,,,,,,,,
2428,06/19/2015,,,,,,,,,
2428,06/20/2015,,,,,,,,,
2428,06/21/2015,,,,,,,,,
2428,06/22/2015,,,,,,,,,
2428,06/23/2015,,,,,,,,,
2428,06/24/2015,,,,,,,,,
2428,06/25/2015,,,,,,,,,
2428,06/26/2015,,,,,,,,,
2428,06/27/2015,,,,,,,,,
2428,06/28/2015,,,,,,,,,
2428,06/29/2015,,,,,,,,,
2428,06/30/2015,,,,,,,,,
2428,07/01/2015,,,,,,,,,
2428,07/02/2015,,,,,,,,,
2428,07/03/2015,,,,,,,,,
2428,07/04/2015,,,,,,,,,
2428,07/05/2015,,,,,,,,,
2428,07/06/2015,,,,,,,,,
2428,07/07/2015,,,,,,,,,
2428,07/08/2015,,,,,,,,,
2428,07/09/2015,18.634375,1.81075,0.25208333,30.673208,4.47225,4.7629585,17.280167,18.634375,4.4101467
2428,07/10/2015,,,,,,,,,
2428,07/11/2015,,,,,,,,,
2428,07/12/2015,,,,,,,,,
2428,07/13/2015,,,,,,,,,
2428,07/14/2015,,,,,,,,,
2428,07/15/2015,,,,,,,,,
2428,07/16/2015,,,,,,,,,
2428,07/17/2015,,,,,,,,,
2428,07/18/2015,,,,,,,,,
2428,07/19/2015,,,,,,,,,
2428,07/20/2015,,,,,,,,,
2428,07/21/2015,,,,,,,,,
2428,07/22/2015,,,,,,,,,
2428,07/23/2015,,,,,,,,,
2428,07/24/2015,,,,,,,,,
2428,07/25/2015,53.14892,3.5937917,0.16758333,23.417625,13.121834,14.059958,17.754917,53.14892,13.01848
2428,07/26/2015,28.880035,,0.17370833,,6.931208,6.959875,,28.880035,6.444329
2428,07/27/2015,22.522223,1.0903333,0.23433334,17.962084,5.4053335,5.7690835,15.775917,22.522223,5.341744
2428,07/28/2015,28.926216,,0.24029167,24.813417,6.9422917,7.864333,14.395833,28.926216,7.2817903
2428,07/29/2015,34.52066,,0.24308333,20.497208,8.284958,9.288834,15.679125,34.52066,8.600772
2428,07/30/2015,35.255207,,0.22266667,,8.46125,9.540667,26.900042,35.255207,8.833951
2428,07/31/2015,51.01919,,0.247,23.322416,12.109125,12.515625,16.016,51.01919,11.588542
2428,08/01/2015,45.15191,,0.28416666,17.624666,10.836458,11.665375,16.419374,45.15191,10.801273
2428,08/02/2015,54.443405,,0.28958333,19.021084,13.737375,14.655375,16.808374,54.443405,13.569792
2428,08/03/2015,39.169964,,0.262625,17.233917,9.400792,10.525416,14.863791,39.169964,9.745756
2428,08/04/2015,,,,,,,,,
2428,08/05/2015,,,,,,,,,
2428,08/06/2015,,,,,,,,,
2428,08/07/2015,,,,,,,,,
2428,08/08/2015,,,,,,,,,
2428,08/09/2015,,,,,,,,,
2428,08/10/2015,,,,,,,,,
2428,08/11/2015,,,,,,,,,
2428,08/12/2015,,,,,,,,,
2428,08/13/2015,,,,,,,,,
2428,08/14/2015,,,,,,,,,
2428,08/15/2015,,,,,,,,,
2428,08/16/2015,,,,,,,,,
2428,08/17/2015,,,,,,,,,
2428,08/18/2015,,,,,,,,,
2428,08/19/2015,,,,,,,,,
2428,08/20/2015,,,,,,,,,
2428,08/21/2015,,,,,,,,,
2428,08/22/2015,,,,,,,,,
2428,08/23/2015,,,,,,,,,
2428,08/24/2015,,,,,,,,,
2428,08/25/2015,,,,,,,,,
2428,08/26/2015,,,,,,,,,
2428,08/27/2015,,,,,,,,,
2428,08/28/2015,,,,,,,,,
2428,08/29/2015,,,,,,,,,
2428,08/30/2015,,,,,,,,,
2428,08/31/2015,,,,,,,,,
2428,09/01/2015,,,,,,,,,
2428,09/02/2015,,,,,,,,,
2428,09/03/2015,,,,,,,,,
2428,09/04/2015,,,,,,,,,
2428,09/05/2015,26.794966,1.5556667,,13.918,6.430792,10.907917,15.132958,26.794966,10.099923
2428,09/06/2015,25.473612,,0.22620833,14.123667,6.1136665,7.148,12.589666,25.473612,6.6185184
2428,09/07/2015,26.351389,1.88125,0.23225,16.136042,6.324333,10.904208,13.163584,26.351389,10.096489
2428,09/08/2015,48.248264,0.96025,0.29508334,15.480416,11.579583,14.49125,15.959291,48.248264,13.417824
2428,09/09/2015,53.45149,1.3679583,0.33066666,18.660833,13.265708,16.363958,18.489124,53.45149,15.1518135
2428,09/10/2015,,,,,,,,,
2428,09/11/2015,20.771875,,0.27533334,16.677917,4.98525,6.9241667,17.137167,20.771875,6.4112654
2428,09/12/2015,26.347918,,0.28158334,15.392667,6.3235,8.27025,16.304625,26.347918,7.657639
2428,09/13/2015,33.130383,,0.2935,,7.9512916,10.924,13.307042,33.130383,10.114815
2428,09/14/2015,29.672396,,0.30025,,7.121375,7.923458,12.009167,29.672396,7.3365355
2428,09/15/2015,29.178125,,0.30566666,,7.00275,8.630125,11.155583,29.178125,7.9908566
2428,09/16/2015,35.368404,,0.31575,,8.488417,9.445125,11.920542,35.368404,8.745486
2428,09/17/2015,44.882812,,0.309375,,10.771875,12.306583,10.831959,44.882812,11.394984
2428,09/18/2015,46.891495,,0.30841666,,11.253959,14.031333,12.425709,46.891495,12.991975
2428,09/19/2015,52.80692,,0.34775,,12.9592085,14.558458,11.003834,52.80692,13.480054
2428,09/20/2015,32.296875,,0.26966667,,7.75125,8.29875,10.068,32.296875,7.6840277
2428,09/21/2015,31.010242,,0.289125,,7.442458,8.347042,9.494,31.010242,7.728742
2428,09/22/2015,36.271873,,0.29325,,8.70525,11.577416,10.884125,36.271873,10.7198305
2428,09/23/2015,46.341145,,0.33433333,,11.121875,12.019542,11.815,46.341145,11.129206
2428,09/24/2015,,,,,,,,,
2428,09/25/2015,,,,,,,,,
2428,09/26/2015,,,,,,,,,
2428,09/27/2015,,,,,,,,,
2428,09/28/2015,,,,,,,,,
2428,09/29/2015,,,,,,,,,
2428,09/30/2015,,,,,,,,,
2428,10/01/2015,,,,,,,,,
2428,10/02/2015,,,,,,,,,
2428,10/03/2015,56.428555,1.18675,0.59391665,18.888374,14.681334,13.404792,17.180916,56.428555,12.411844
2428,10/04/2015,,,,,,,,,
2428,10/05/2015,,,,,,,,,
2428,10/06/2015,,,,,,,,,
2428,10/07/2015,59.55905,,0.30458334,16.085125,16.169916,15.995125,12.8202915,59.55905,14.810301
2428,10/08/2015,55.279613,,0.32833332,,14.135,14.8245,11.3567915,55.279613,13.726389
2428,10/09/2015,62.845085,,0.35883334,,17.732458,18.503458,10.968542,62.845085,17.132832
2428,10/10/2015,,,,,,,,,
2428,10/11/2015,,,,,,,,,
2428,10/12/2015,,,,,,,,,
2428,10/13/2015,,,,,,,,,
2428,10/14/2015,,,,,,,,,
2428,10/15/2015,,,,,,,,,
2428,10/16/2015,,,,,,,,,
2428,10/17/2015,,,,,,,,,
2428,10/18/2015,,,,,,,,,
2428,10/19/2015,,,,,,,,,
2428,10/20/2015,,,,,,,,,
2428,10/21/2015,,,,,,,,,
2428,10/22/2015,22.265972,,,25.154709,5.3438334,4.6250834,10.138708,22.265972,4.2824845
2428,10/23/2015,61.058846,1.369875,,22.611334,16.883083,16.504375,15.354042,61.058846,15.281829
2428,10/24/2015,,,,,,,,,
2428,10/25/2015,,,,,,,,,
2428,10/26/2015,,,,,,,,,
2428,10/27/2015,,,,,,,,,
2428,10/28/2015,,1.8372084,,18.374,,,25.181541,,
2428,10/29/2015,,,,,,,,,
2428,10/30/2015,,,,,,,,,
2428,10/31/2015,,,,,,,30.186125,,
2428,11/01/2015,,2.7490833,,17.871708,,,16.767166,,
2428,11/02/2015,,,,15.409542,,,14.348208,,
2428,11/03/2015,97.850815,,,,34.37804,11.13925,16.171667,97.850815,10.31412
2428,11/04/2015,,,,,,,,,
2428,11/05/2015,,,,,,,,,
2428,11/06/2015,,,,,,,,,
2428,11/07/2015,,,,,,,,,
2428,11/08/2015,,,,,,,,,
2428,11/09/2015,,,,,,,,,
2428,11/10/2015,,,,,,,,,
2428,11/11/2015,,,,,,,,,
2428,11/12/2015,,,,,,,,,
2428,11/13/2015,,,,,,,,,
2428,11/14/2015,,,,,,,,,
2428,11/15/2015,,,,,,,,,
2428,11/16/2015,,,,,,,,,
2428,11/17/2015,,,,,,,,,
2428,11/18/2015,,,,,,,,,
2428,11/19/2015,,,,,,,,,
2428,11/20/2015,,,,,,,,,
2428,11/21/2015,,,,,,,,,
2428,11/22/2015,,,,,,,,,
2428,11/23/2015,,,,,,,,,
2428,11/24/2015,,,,,,,,,
2428,11/25/2015,,,,,,,,,
2428,11/26/2015,,,,,,,,,
2428,11/27/2015,,,,,,,,,
2428,11/28/2015,,,,,,,,,
2428,11/29/2015,,,,,,,,,
2428,11/30/2015,,,,,,,,,
2428,12/01/2015,,,,,,,,,
2428,12/02/2015,,,,,,,,,
2428,12/03/2015,,,,,,,,,
2428,12/04/2015,,,,,,,,,
2428,12/05/2015,,,,,,,,,
2428,12/06/2015,,,,,,,,,
2428,12/07/2015,,,,,,,,,
2428,12/08/2015,,,,,,,,,
2428,12/09/2015,,,,,,,,,
2428,12/10/2015,,,,,,,,,
2428,12/11/2015,,,,,,,,,
2428,12/12/2015,,,,,,,,,
2428,12/13/2015,,,,,,,,,
2428,12/14/2015,,,,,,,,,
2428,12/15/2015,,,,,,,,,
2428,12/16/2015,,,,,,,,,
2428,12/17/2015,,,,,,,,,
2428,12/18/2015,,,,,,,,,
2428,12/19/2015,,,,,,,,,
2428,12/20/2015,,,,,,,,,
2428,12/21/2015,,,,,,,,,
2428,12/22/2015,,,,,,,,,
2428,12/23/2015,,,,,,,,,
2428,12/24/2015,,,,,,,,,
2428,12/25/2015,,,,,,,,,
2428,12/26/2015,,,,,,,,,
2428,12/27/2015,,,,,,,,,
2428,12/28/2015,,,,,,,,,
2428,12/29/2015,,,,,,,,,
2428,12/30/2015,,,,,,,,,
2428,12/31/2015,,,,,,,,,
2428,01/01/2016,,2.0,,,,,20.0,,
2428,01/02/2016,,2.0,,,,,20.0,,
2428,01/03/2016,,2.0,,,,,20.0,,
2428,01/04/2016,,2.0,,,,,29.0,,
2428,01/05/2016,,1.0,,,,,22.0,,
2428,01/06/2016,,1.0,,,,,16.0,,
2428,01/07/2016,,1.0,,,,,18.0,,
2428,01/08/2016,,1.0,,,,,20.0,,
2428,01/09/2016,,1.0,,,,,19.0,,
2428,01/10/2016,,2.0,,,,,18.0,,
2428,01/11/2016,,4.0,,,,,22.0,,
2428,01/12/2016,,1.0,,,,,17.0,,
2428,01/13/2016,,0.0,,,,,23.0,,
2428,01/14/2016,,1.0,,,,,25.0,,
2428,01/15/2016,,1.0,,,,,24.0,,
2428,01/16/2016,,1.0,,,,,25.0,,
2428,01/17/2016,,1.0,,,,,17.0,,
2428,01/18/2016,,1.0,,,,,18.0,,
2428,01/19/2016,,,,,,,,,
2428,01/20/2016,,,,,,,,,
2428,01/21/2016,,,,,,,,,
2428,01/22/2016,,,,,,,,,
2428,01/23/2016,,,,,,,,,
2428,01/24/2016,,,,,,,,,
2428,01/25/2016,,,,,,,,,
2428,01/26/2016,,,,,,,,,
2428,01/27/2016,,,,,,,,,
2428,01/28/2016,,,,,,,,,
2428,01/29/2016,,,,,,,,,
2428,01/30/2016,,,,,,,,,
2428,01/31/2016,,,,,,,,,
2428,02/01/2016,,1.0,,,,,18.0,,
2428,02/02/2016,,,,,,,,,
2428,02/03/2016,,2.0,,,,,17.0,,
2428,02/04/2016,,,,,,,15.0,,
2428,02/05/2016,,1.0,,,,,16.0,,
2428,02/06/2016,,1.0,,,,,,,
2428,02/07/2016,,1.0,,,,,20.0,,
2428,02/08/2016,,3.0,,,,,20.0,,
2428,02/09/2016,,1.0,,,,,21.0,,
2428,02/10/2016,,,,,,,20.0,,
2428,02/11/2016,,,,,,,24.0,,
2428,02/12/2016,,4.0,,,,,19.0,,
2428,02/13/2016,,1.0,,,,,20.0,,
2428,02/14/2016,,1.0,,,,,17.0,,
2428,02/15/2016,,1.0,,,,,16.0,,
2428,02/16/2016,,1.0,,,,,15.0,,
2428,02/17/2016,,1.0,,,,,18.0,,
2428,02/18/2016,,1.0,,,,,19.0,,
2428,02/19/2016,,,,,,,35.0,,
2428,02/20/2016,,,,,,,,,
2428,02/21/2016,,,,,,,,,
2428,02/22/2016,,,,,,,,,
2428,02/23/2016,,,,,,,,,
2428,02/24/2016,,,,,,,,,
2428,02/25/2016,,,,,,,,,
2428,02/26/2016,,,,,,,,,
2428,02/27/2016,,,,,,,,,
2428,02/28/2016,,,,,,,,,
2428,02/29/2016,,,,,,,,,
2428,03/01/2016,,0.0,,,,,7.0,,
2428,03/02/2016,,0.0,,,,,17.0,,
2428,03/03/2016,,0.0,,,,,15.0,,
2428,03/04/2016,,1.0,,,,,14.0,,
2428,03/05/2016,,0.0,,,,,17.0,,
2428,03/06/2016,,7.0,,,,,26.0,,
2428,03/07/2016,,0.0,,,,,14.0,,
2428,03/08/2016,,0.0,,,,,21.0,,
2428,03/09/2016,,0.0,,,,,14.0,,
2428,03/10/2016,,4.0,,,,,14.0,,
2428,03/11/2016,,0.0,,,,,17.0,,
2428,03/12/2016,,0.0,,,,,14.0,,
2428,03/13/2016,,,,,,,17.0,,
2428,03/14/2016,,,,,,,20.0,,
2428,03/15/2016,,,,,,,27.0,,
2428,03/16/2016,,,,,,,16.0,,
2428,03/17/2016,,,,,,,20.0,,
2428,03/18/2016,,,,,,,17.0,,
2428,03/19/2016,,,,,,,15.0,,
2428,03/20/2016,,,,,,,12.0,,
2428,03/21/2016,,,,,,,17.0,,
2428,03/22/2016,,,,,,,16.0,,
2428,03/23/2016,,,,,,,6.0,,
2428,03/24/2016,,,,,,,11.0,,
2428,03/25/2016,,,,,,,4.0,,
2428,03/26/2016,,,,,,,22.0,,
2428,03/27/2016,,,,,,,19.0,,
2428,03/28/2016,,,,,,,20.0,,
2428,03/29/2016,,,,,,,10.0,,
2428,03/30/2016,,,,,,,,,
2428,03/31/2016,,,,,,,,,
2428,04/01/2016,,3.0,,,,,15.0,,
2428,04/02/2016,,4.0,,,,,16.0,,
2428,04/03/2016,,26.0,,,,,11.0,,
2428,04/04/2016,,1.0,,,,,13.0,,
2428,04/05/2016,,,,,,,17.0,,
2428,04/06/2016,,,,,,,16.0,,
2428,04/07/2016,,,,,,,15.0,,
2428,04/08/2016,,,,,,,13.0,,
2428,04/09/2016,,,,,,,14.0,,
2428,04/10/2016,,,,,,,12.0,,
2428,04/11/2016,,,,,,,17.0,,
2428,04/12/2016,,,,,,,22.0,,
2428,04/13/2016,,,,,,,27.0,,
2428,04/14/2016,,,,,,,38.0,,
2428,04/15/2016,,,,,,,15.0,,
2428,04/16/2016,,,,,,,14.0,,
2428,04/17/2016,,,,,,,21.0,,
2428,04/18/2016,,,,,,,14.0,,
2428,04/19/2016,,,,,,,15.0,,
2428,04/20/2016,,,,,,,19.0,,
2428,04/21/2016,,,,,,,17.0,,
2428,04/22/2016,,,,,,,16.0,,
2428,04/23/2016,,,,,,,14.0,,
2428,04/24/2016,,,,,,,13.0,,
2428,04/25/2016,,,,,,,14.0,,
2428,04/26/2016,,,,,,,18.0,,
2428,04/27/2016,,,,,,,20.0,,
2428,04/28/2016,,,,,,,,,
2428,04/29/2016,,,,,,,,,
2428,04/30/2016,,,,,,,,,
2428,05/01/2016,73.922745,3.0,,,23.0,24.0,23.0,73.922745,22.222221
2428,05/02/2016,80.23176,1.0,,,26.0,34.0,23.0,80.23176,31.481482
2428,05/03/2016,78.12875,12.0,,,25.0,67.0,20.0,78.12875,56.939392
2428,05/04/2016,86.14141,9.0,,,27.0,126.0,19.0,82.33476,86.14141
2428,05/05/2016,,1.0,,,,,17.0,,
2428,05/06/2016,,3.0,,,,,18.0,,
2428,05/07/2016,,4.0,,,,,15.0,,
2428,05/08/2016,,20.0,,,,,21.0,,
2428,05/09/2016,,13.0,,,,,13.0,,
2428,05/10/2016,,12.0,,,,,18.0,,
2428,05/11/2016,,6.0,,,,,13.0,,
2428,05/12/2016,,3.0,,,,,12.0,,
2428,05/13/2016,,3.0,,,,,13.0,,
2428,05/14/2016,,4.0,,,,,12.0,,
2428,05/15/2016,,3.0,,,,,10.0,,
2428,05/16/2016,,6.0,,,,,20.0,,
2428,05/17/2016,,8.0,,,,,18.0,,
2428,05/18/2016,,3.0,,,,,11.0,,
2428,05/19/2016,,,,,,,2.0,,
2428,05/20/2016,,,,,,,,,
2428,05/21/2016,,,,,,,,,
2428,05/22/2016,,,,,,,,,
2428,05/23/2016,,,,,,,,,
2428,05/24/2016,,,,,,,,,
2428,05/25/2016,,,,,,,,,
2428,05/26/2016,,,,,,,,,
2428,05/27/2016,,,,,,,,,
2428,05/28/2016,,,,,,,,,
2428,05/29/2016,,,,,,,,,
2428,05/30/2016,,,,,,,,,
2428,05/31/2016,,,,,,,,,
2428,06/01/2016,,,,,,,,,
2428,06/02/2016,,,,,,,,,
2428,06/03/2016,,,,,,,,,
2428,06/04/2016,,,,,,,,,
2428,06/05/2016,,,,,,,,,
2428,06/06/2016,,,,,,,,,
2428,06/07/2016,,,,,,,,,
2428,06/08/2016,,,,,,,,,
2428,06/09/2016,,,,,,,,,
2428,06/10/2016,,,,,,,,,
2428,06/11/2016,,,,,,,,,
2428,06/12/2016,,,,,,,,,
2428,06/13/2016,,,,,,,,,
2428,06/14/2016,,,,,,,,,
2428,06/15/2016,,,,,,,,,
2428,06/16/2016,,,,,,,,,
2428,06/17/2016,,,,,,,,,
2428,06/18/2016,,,,,,,,,
2428,06/19/2016,,,,,,,,,
2428,06/20/2016,,,,,,,,,
2428,06/21/2016,,,,,,,,,
2428,06/22/2016,,,,,,,,,
2428,06/23/2016,,,,,,,,,
2428,06/24/2016,,,,,,,,,
2428,06/25/2016,,,,,,,,,
2428,06/26/2016,,,,,,,,,
2428,06/27/2016,,,,,,,,,
2428,06/28/2016,,,,,,,,,
2428,06/29/2016,,,,,,,,,
2428,06/30/2016,,,,,,,,,
2428,07/01/2016,38.041668,1.0,,,9.13,18.84,12.0,38.041668,17.444445
2428,07/02/2016,58.465664,2.0,,,15.65,62.26,9.0,58.465664,54.593334
2428,07/03/2016,62.26505,1.0,,,12.84,77.76,9.0,52.556225,62.26505
2428,07/04/2016,69.443344,1.0,,,20.87,23.05,8.0,69.443344,21.342592
2428,07/05/2016,40.99074,1.0,,,6.59,44.27,9.0,27.458334,40.99074
2428,07/06/2016,47.375,1.0,,,11.37,43.94,11.0,47.375,40.685184
2428,07/07/2016,55.521458,1.0,,,14.25,7.59,12.0,55.521458,7.0277777
2428,07/08/2016,35.75,1.0,,,8.58,24.78,9.0,35.75,22.944445
2428,07/09/2016,32.833332,1.0,,,7.88,29.51,12.0,32.833332,27.324074
2428,07/10/2016,39.175926,2.0,,,5.54,42.31,8.0,23.083334,39.175926
2428,07/11/2016,21.875,0.0,,,5.25,11.95,9.0,21.875,11.064815
2428,07/12/2016,51.54678,1.0,,,12.36,28.0,7.0,51.54678,25.925926
2428,07/13/2016,54.932617,1.0,,,13.97,4.69,10.0,54.932617,4.3425927
2428,07/14/2016,74.532616,1.0,,,23.29,58.73,17.0,74.532616,52.84616
2428,07/15/2016,61.557083,,,,17.12,47.76,,61.557083,44.22222
2428,07/16/2016,27.601852,,,,5.99,29.81,,24.958334,27.601852
2428,07/17/2016,52.093563,,,,12.62,54.37,,52.093563,
2428,07/18/2016,55.01674,,,,14.01,20.54,,55.01674,19.018518
2428,07/19/2016,54.322746,,,,13.68,37.53,,54.322746,34.75
2428,07/20/2016,69.50644,,,,20.9,32.32,,69.50644,29.925926
2428,07/21/2016,41.166668,,,,9.88,11.24,,41.166668,10.407408
2428,07/22/2016,24.25,,,,5.82,3.88,,24.25,3.5925925
2428,07/23/2016,18.833334,,,,4.52,2.36,,18.833334,2.1851852
2428,07/24/2016,27.541666,,,,6.61,6.06,,27.541666,5.611111
2428,07/25/2016,49.416668,,,,11.86,15.79,,49.416668,14.62037
2428,07/26/2016,42.333332,,,,10.16,13.83,,42.333332,12.805555
2428,07/27/2016,28.875,,,,6.93,9.17,,28.875,8.490741
2428,07/28/2016,32.541668,,,,7.81,10.6,,32.541668,9.814815
2428,07/29/2016,29.166666,,,,7.0,11.05,,29.166666,10.231482
2428,07/30/2016,16.291666,,,,3.91,8.79,,16.291666,8.138889
2428,07/31/2016,,,,,,,,,
2428,08/01/2016,18.5,2.0,,,4.44,5.34,14.0,18.5,4.9444447
2428,08/02/2016,20.083334,1.0,,,4.82,5.1,11.0,20.083334,4.7222223
2428,08/03/2016,17.125,1.0,,,4.11,5.02,12.0,17.125,4.648148
2428,08/04/2016,20.875,6.0,,,5.01,9.05,12.0,20.875,8.37963
2428,08/05/2016,16.666666,1.0,,,4.0,6.2,11.0,16.666666,5.740741
2428,08/06/2016,19.125,1.0,,,4.59,6.18,10.0,19.125,5.7222223
2428,08/07/2016,5.8333335,4.0,,,1.4,2.02,13.0,5.8333335,1.8703704
2428,08/08/2016,13.958333,11.0,,,3.35,5.36,10.0,13.958333,4.962963
2428,08/09/2016,9.041667,8.0,,,2.17,5.14,14.0,9.041667,4.759259
2428,08/10/2016,16.833334,2.0,,,4.04,5.54,13.0,16.833334,5.1296296
2428,08/11/2016,20.208334,2.0,,,4.85,6.68,10.0,20.208334,6.185185
2428,08/12/2016,16.5,2.0,,,3.96,4.46,14.0,16.5,4.1296296
2428,08/13/2016,9.416667,6.0,,,2.26,2.69,15.0,9.416667,2.4907408
2428,08/14/2016,9.875,3.0,,,2.37,5.41,16.0,9.875,5.009259
2428,08/15/2016,11.708333,3.0,,,2.81,6.51,18.0,11.708333,6.0277777
2428,08/16/2016,6.625,2.0,,,1.59,6.0,14.0,6.625,5.5555553
2428,08/17/2016,10.708333,3.0,,,2.57,6.19,13.0,10.708333,5.7314816
2428,08/18/2016,15.166667,1.0,,,3.64,7.21,10.0,15.166667,6.6759257
2428,08/19/2016,10.958333,1.0,,,2.63,7.25,12.0,10.958333,6.712963
2428,08/20/2016,13.916667,2.0,,,3.34,3.37,10.0,13.916667,3.1203704
2428,08/21/2016,14.916667,2.0,,,3.58,6.88,8.0,14.916667,6.3703704
2428,08/22/2016,13.75,3.0,,,3.3,10.88,11.0,13.75,10.074074
2428,08/23/2016,16.5,2.0,,,3.96,8.31,9.0,16.5,7.6944447
2428,08/24/2016,15.666667,2.0,,,3.76,9.71,8.0,15.666667,8.990741
2428,08/25/2016,17.416666,1.0,,,4.18,13.3,8.0,17.416666,12.314815
2428,08/26/2016,16.583334,2.0,,,3.98,15.51,10.0,16.583334,14.361111
2428,08/27/2016,8.916667,3.0,,,2.14,6.61,14.0,8.916667,6.1203704
2428,08/28/2016,5.7916665,2.0,,,1.39,5.81,15.0,5.7916665,5.3796296
2428,08/29/2016,3.875,2.0,,,0.93,3.18,15.0,3.875,2.9444444
2428,08/30/2016,13.0,3.0,,,2.66,14.04,17.0,11.083333,13.0
2428,08/31/2016,10.958333,2.0,,,2.63,9.96,17.0,10.958333,9.222222
2428,09/01/2016,13.75,2.0,,,3.3,8.77,14.0,13.75,8.12037
2428,09/02/2016,20.208334,3.0,,,4.85,13.27,12.0,20.208334,12.287037
2428,09/03/2016,17.5,2.0,,,4.2,10.67,11.0,17.5,9.87963
2428,09/04/2016,9.708333,1.0,,,2.33,4.8,12.0,9.708333,4.4444447
2428,09/05/2016,15.208333,1.0,,,3.65,6.53,13.0,15.208333,6.046296
2428,09/06/2016,23.083334,7.0,,,5.54,7.65,11.0,23.083334,7.0833335
2428,09/07/2016,29.208334,2.0,,,7.01,9.58,12.0,29.208334,8.87037
2428,09/08/2016,40.333332,1.0,,,9.68,10.73,12.0,40.333332,9.935185
2428,09/09/2016,38.541668,1.0,,,9.25,4.87,16.0,38.541668,4.509259
2428,09/10/2016,47.291668,1.0,,,11.35,5.12,10.0,47.291668,4.740741
2428,09/11/2016,48.541668,1.0,,,11.65,5.68,11.0,48.541668,5.259259
2428,09/12/2016,46.041668,,,,11.05,5.89,,46.041668,5.453704
2428,09/13/2016,49.708332,,,,11.93,7.81,,49.708332,7.2314816
2428,09/14/2016,46.583332,,,,11.18,7.96,,46.583332,7.3703704
2428,09/15/2016,53.923176,,,,13.49,9.27,,53.923176,8.583333
2428,09/16/2016,59.033478,,,,15.92,4.9,,59.033478,4.537037
2428,09/17/2016,73.03948,,,,22.58,3.55,,73.03948,3.2870371
2428,09/18/2016,60.27425,,,,16.51,5.23,,60.27425,4.8425927
2428,09/19/2016,,,,,,,,,
2428,09/20/2016,,,,,,,,,
2428,09/21/2016,,,,,,,,,
2428,09/22/2016,,,,,,,,,
2428,09/23/2016,,,,,,,,,
2428,09/24/2016,,,,,,,,,
2428,09/25/2016,,,,,,,,,
2428,09/26/2016,,,,,,,,,
2428,09/27/2016,,,,,,,,,
2428,09/28/2016,,,,,,,,,
2428,09/29/2016,,,,,,,,,
2428,09/30/2016,,,,,,,,,
2428,10/01/2016,18.3125,1.0,,,4.395,15.0,12.0,18.3125,13.888889
2428,10/02/2016,19.583334,1.0,,,4.7,16.719,15.0,19.583334,15.480556
2428,10/03/2016,28.504168,1.0,,,6.841,21.862,14.0,28.504168,20.242592
2428,10/04/2016,15.7375,5.0,,,3.777,16.715,26.0,15.7375,15.476851
2428,10/05/2016,28.458334,5.0,,,6.83,25.119,7.0,28.458334,23.258333
2428,10/06/2016,29.7375,7.0,,,7.137,23.857,7.0,29.7375,22.089815
2428,10/07/2016,25.6625,5.0,,,6.159,18.562,9.0,25.6625,17.187037
2428,10/08/2016,16.183332,6.0,,,3.884,12.352,12.0,16.183332,11.437037
2428,10/09/2016,21.145834,6.0,,,5.075,11.223,9.0,21.145834,10.391666
2428,10/10/2016,44.570835,,,,10.697,19.582,55.0,44.570835,18.131481
2428,10/11/2016,51.2082,6.0,,,12.199,25.916,7.0,51.2082,23.996296
2428,10/12/2016,37.145832,5.0,,,8.915,18.951,6.0,37.145832,17.547222
2428,10/13/2016,28.441668,6.0,,,6.826,16.814,7.0,28.441668,15.568519
2428,10/14/2016,18.454166,6.0,,,4.429,14.653,6.0,18.454166,13.567593
2428,10/15/2016,39.145832,5.0,,,9.395,26.468,7.0,39.145832,24.507408
2428,10/16/2016,25.725,5.0,,,6.174,13.735,5.0,25.725,12.717592
2428,10/17/2016,10.9625,5.0,,,2.631,9.249,7.0,10.9625,8.563889
2428,10/18/2016,33.575,6.0,,,8.058,22.578,9.0,33.575,20.905556
2428,10/19/2016,41.429165,5.0,,,9.943,21.812,5.0,41.429165,20.196297
2428,10/20/2016,52.257595,6.0,,,12.698,24.025,5.0,52.257595,22.24537
2428,10/21/2016,52.39219,6.0,,,12.762,24.335,7.0,52.39219,22.532408
2428,10/22/2016,44.933334,5.0,,,10.784,23.24,8.0,44.933334,21.518518
2428,10/23/2016,85.24322,5.0,,,28.383,42.79,7.0,85.24322,39.62037
2428,10/24/2016,91.335625,5.0,,,31.28,46.744,9.0,91.335625,43.281483
2428,10/25/2016,136.37604,6.0,,,49.867,78.262,11.0,136.37604,62.513515
2428,10/26/2016,72.83339,6.0,,,22.482,36.111,12.0,72.83339,33.43611
2428,10/27/2016,67.82613,6.0,,,20.101,30.662,12.0,67.82613,28.390741
2428,10/28/2016,59.323692,5.0,,,16.058,25.351,12.0,59.323692,23.473148
2428,10/29/2016,,6.0,,,,,12.0,,
2428,10/30/2016,,5.0,,,,,16.0,,
2428,10/31/2016,,5.0,,,,,11.0,,
2428,11/01/2016,54.861115,5.0,,,13.936,22.106,8.0,54.861115,20.46852
2428,11/02/2016,80.16236,5.0,,,25.967,36.52,13.0,80.16236,33.814816
2428,11/03/2016,96.37022,,,,33.674,44.167,,96.37022,40.89537
2428,11/04/2016,78.742836,7.0,,,25.292,43.502,14.0,78.742836,40.27963
2428,11/05/2016,53.41004,6.0,,,13.246,27.459,12.0,53.41004,25.425
2428,11/06/2016,60.44249,6.0,,,16.59,31.18,10.0,60.44249,28.87037
2428,11/07/2016,64.47816,5.0,,,18.509,35.387,14.0,64.47816,32.76574
2428,11/08/2016,65.676865,5.0,,,19.079,35.42,16.0,65.676865,32.796295
2428,11/09/2016,66.74309,5.0,,,19.586,35.56,21.0,66.74309,32.925926
2428,11/10/2016,129.62683,6.0,,,47.126,72.33,17.0,129.62683,59.577477
2428,11/11/2016,80.70073,6.0,,,26.223,41.516,17.0,80.70073,38.440742
2428,11/12/2016,74.843864,6.0,,,23.438,32.378,18.0,74.843864,29.97963
2428,11/13/2016,58.764294,7.0,,,15.792,25.441,17.0,58.764294,23.556482
2428,11/14/2016,74.03631,6.0,,,23.054,32.741,16.0,74.03631,30.31574
2428,11/15/2016,96.5006,5.0,,,33.736,47.891,12.0,96.5006,44.343517
2428,11/16/2016,45.379166,5.0,,,10.891,14.325,9.0,45.379166,13.263889
2428,11/17/2016,69.36764,5.0,,,20.834,26.512,10.0,69.36764,24.548147
2428,11/18/2016,108.714424,5.0,,,38.633,43.222,10.0,108.714424,40.02037
2428,11/19/2016,143.63985,5.0,,,52.817,50.927,12.0,143.63985,47.15463
2428,11/20/2016,129.78197,5.0,,,47.189,43.42,8.0,129.78197,40.203705
2428,11/21/2016,162.97221,6.0,,,78.687,69.259,13.0,162.97221,58.057484
2428,11/22/2016,157.33902,12.0,,,67.777,60.54,38.0,157.33902,53.74202
2428,11/23/2016,133.22427,3.0,,,48.587,44.305,11.0,133.22427,41.023148
2428,11/24/2016,159.0424,3.0,,,71.076,66.393,14.0,159.0424,56.638958
2428,11/25/2016,157.5311,3.0,,,68.149,62.124,8.0,157.5311,54.52602
2428,11/26/2016,166.28706,3.0,,,85.107,79.903,12.0,166.28706,63.325726
2428,11/27/2016,,3.0,,,,,14.0,,
2428,11/28/2016,,3.0,,,,,12.0,,
2428,11/29/2016,,,,,,,,,
2428,11/30/2016,,,,,,,,,
2428,12/01/2016,110.28291,4.0,,,39.27,37.06,11.52,110.28291,34.314816
2428,12/02/2016,81.00987,4.0,,,26.37,24.44,11.955,81.00987,22.62963
2428,12/03/2016,95.583694,4.0,,,33.3,31.3,12.67,95.583694,28.981482
2428,12/04/2016,108.26382,4.0,,,38.45,38.24,11.949,108.26382,35.407406
2428,12/05/2016,79.79013,4.0,,,25.79,25.69,12.945,79.79013,23.787037
2428,12/06/2016,92.97597,,,,32.06,31.21,55.0,92.97597,28.898148
2428,12/07/2016,89.127464,4.0,,,30.23,30.02,12.77,89.127464,27.796297
2428,12/08/2016,95.98326,4.0,,,33.49,32.1,9.74,95.98326,29.722221
2428,12/09/2016,59.559227,4.0,,,16.17,20.79,13.334,59.559227,19.25
2428,12/10/2016,52.19871,4.0,,,12.67,15.31,10.773,52.19871,14.175926
2428,12/11/2016,65.21631,4.0,,,18.86,22.93,12.857,65.21631,21.231482
2428,12/12/2016,49.666668,4.0,,,11.92,19.19,11.559,49.666668,17.768518
2428,12/13/2016,21.875,4.0,,,5.25,12.07,14.192,21.875,11.175926
2428,12/14/2016,31.0,4.0,,,7.44,14.22,13.851,31.0,13.166667
2428,12/15/2016,23.125,4.0,,,5.55,11.11,12.077,23.125,10.287037
2428,12/16/2016,31.208334,3.0,,,7.49,13.25,10.797,31.208334,12.268518
2428,12/17/2016,43.791668,3.0,,,10.51,17.98,11.061,43.791668,16.648148
2428,12/18/2016,53.691845,3.0,,,13.38,21.7,10.86,53.691845,20.092592
2428,12/19/2016,51.483692,3.0,,,12.33,19.54,16.61,51.483692,18.092592
2428,12/20/2016,61.45193,4.0,,,17.07,26.16,13.408,61.45193,24.222221
2428,12/21/2016,60.02189,4.0,,,16.39,25.23,13.193,60.02189,23.36111
2428,12/22/2016,64.98498,4.0,,,18.75,27.39,17.119,64.98498,25.36111
2428,12/23/2016,74.89013,4.0,,,23.46,32.65,18.135,74.89013,30.231482
2428,12/24/2016,92.63949,3.0,,,31.9,41.09,11.44,92.63949,38.046295
2428,12/25/2016,36.291668,5.0,,,8.71,13.44,14.709,36.291668,12.444445
2428,12/26/2016,43.791668,4.0,,,10.51,15.38,15.808,43.791668,14.240741
2428,12/27/2016,47.416668,5.0,,,11.38,17.07,11.149,47.416668,15.805555
2428,12/28/2016,51.904293,5.0,,,12.53,17.35,14.211,51.904293,16.064816
2428,12/29/2016,45.708332,4.0,,,10.97,15.49,16.88,45.708332,14.342592
2428,12/30/2016,,4.0,,,,,22.543,,
2428,12/31/2016,,4.0,,,,,8.966,,
2428,01/01/2017,41.691666,4.049,,,10.006,13.024,6.33,41.691666,12.059259
2428,01/02/2017,57.48777,3.618,,,15.185,19.57,14.275,57.48777,18.12037
2428,01/03/2017,45.633335,3.376,,,10.952,15.798,15.335,45.633335,14.627778
2428,01/04/2017,58.856823,3.845,,,15.836,20.353,16.936,58.856823,18.845371
2428,01/05/2017,39.083332,3.771,,,9.38,13.657,11.873,39.083332,12.6453705
2428,01/06/2017,46.770832,3.754,,,11.225,16.066,14.489,46.770832,14.875926
2428,01/07/2017,57.552963,4.152,,,15.216,20.948,14.732,57.552963,19.396296
2428,01/08/2017,81.36738,4.018,,,26.54,34.474,14.578,81.36738,31.92037
2428,01/09/2017,66.957596,4.168,,,19.688,25.611,15.827,66.957596,23.713888
2428,01/10/2017,53.22498,3.679,,,13.158,17.022,13.084,53.22498,15.761111
2428,01/11/2017,24.983334,3.529,,,5.996,8.117,13.879,24.983334,7.515741
2428,01/12/2017,22.4375,3.334,,,5.385,8.015,11.291,22.4375,7.421296
2428,01/13/2017,53.439484,3.908,,,13.26,17.839,14.248,53.439484,16.517593
2428,01/14/2017,55.9694,3.997,,,14.463,18.257,11.476,55.9694,16.904629
2428,01/15/2017,51.78442,3.724,,,12.473,15.348,11.513,51.78442,14.211111
2428,01/16/2017,22.716667,3.695,,,5.452,7.664,13.076,22.716667,7.0962963
2428,01/17/2017,26.108334,3.415,,,6.266,8.523,10.483,26.108334,7.891667
2428,01/18/2017,40.191666,3.344,,,9.646,10.348,14.639,40.191666,9.581482
2428,01/19/2017,10.291667,3.623,,,2.47,4.286,15.617,10.291667,3.9685185
2428,01/20/2017,34.604168,3.722,,,8.305,7.468,13.405,34.604168,6.914815
2428,01/21/2017,33.204166,4.083,,,7.969,7.666,13.012,33.204166,7.0981483
2428,01/22/2017,64.72841,4.12,,,18.628,24.212,14.089,64.72841,22.418518
2428,01/23/2017,39.65,3.729,,,9.516,13.135,10.384,39.65,12.162037
2428,01/24/2017,24.154167,3.35,,,5.797,5.749,13.142,24.154167,5.3231483
2428,01/25/2017,34.120834,3.761,,,8.189,8.088,14.11,34.120834,7.4888887
2428,01/26/2017,19.766666,3.761,,,4.744,4.614,15.908,19.766666,4.272222
2428,01/27/2017,25.241667,4.221,,,6.058,7.64,14.118,25.241667,7.0740743
2428,01/28/2017,35.25,3.479,,,8.46,11.542,16.203,35.25,10.687037
2428,01/29/2017,45.983334,3.776,,,11.036,15.184,14.056,45.983334,14.059259
2428,01/30/2017,61.82837,4.411,,,17.249,23.336,12.837,61.82837,21.607407
2428,01/31/2017,57.21017,4.839,,,15.053,16.974,16.209,57.21017,15.716666
2428,02/01/2017,40.833332,4.216,,,9.8,12.36,11.961,40.833332,11.444445
2428,02/02/2017,23.229166,3.976,,,5.575,6.033,5.076,23.229166,5.586111
2428,02/03/2017,15.158334,3.139,,,3.638,4.426,8.776,15.158334,4.0981483
2428,02/04/2017,35.595833,3.236,,,8.543,11.303,10.073,35.595833,10.465741
2428,02/05/2017,36.654167,3.344,,,8.797,11.302,9.885,36.654167,10.464815
2428,02/06/2017,43.795834,4.102,,,10.511,13.526,12.225,43.795834,12.524074
2428,02/07/2017,26.7125,3.721,,,6.411,8.17,9.532,26.7125,7.564815
2428,02/08/2017,49.358334,4.909,,,11.846,15.307,15.0,49.358334,14.173148
2428,02/09/2017,56.499355,5.382,,,14.715,29.475,17.324,56.499355,27.291666
2428,02/10/2017,46.033333,3.913,,,11.048,28.588,16.018,46.033333,26.470371
2428,02/11/2017,33.770832,3.423,,,8.105,19.329,16.788,33.770832,17.897223
2428,02/12/2017,37.225,3.52,,,8.934,20.183,13.656,37.225,18.687963
2428,02/13/2017,24.629168,3.011,,,5.911,16.085,8.967,24.629168,14.893518
2428,02/14/2017,23.325,2.804,,,5.598,25.063,5.323,23.325,23.206482
2428,02/15/2017,41.8125,2.949,,,10.035,25.219,9.089,41.8125,23.350925
2428,02/16/2017,49.45,3.314,,,11.868,25.4,18.368,49.45,23.518518
2428,02/17/2017,67.15738,3.604,,,19.783,38.781,14.543,67.15738,35.908333
2428,02/18/2017,55.271202,3.869,,,14.131,26.582,10.107,55.271202,24.612963
2428,02/19/2017,18.116667,3.622,,,4.348,10.637,10.022,18.116667,9.849074
2428,02/20/2017,34.808334,3.463,,,8.354,18.613,10.008,34.808334,17.234259
2428,02/21/2017,31.983334,3.902,,,7.676,18.544,6.998,31.983334,17.17037
2428,02/22/2017,41.166668,3.591,,,9.88,22.722,12.195,41.166668,21.038889
2428,02/23/2017,54.83588,4.668,,,13.924,27.014,11.265,54.83588,25.012962
2428,02/24/2017,43.329166,3.739,,,10.399,22.848,11.035,43.329166,21.155556
2428,02/25/2017,35.079166,3.472,,,8.419,17.609,10.086,35.079166,16.30463
2428,02/26/2017,47.945835,14.104,,,11.507,21.811,22.898,47.945835,20.19537
2428,02/27/2017,41.1375,3.879,,,9.873,17.809,9.447,41.1375,16.489815
2428,02/28/2017,25.604166,4.266,,,6.145,14.495,10.45,25.604166,13.421296
2428,03/01/2017,51.311245,5.41,,,12.248,22.824,11.479,51.311245,21.133333
2428,03/02/2017,35.325,3.745,,,8.478,16.425,6.137,35.325,15.208333
2428,03/03/2017,40.1375,3.767,,,9.633,18.018,12.771,40.1375,16.683332
2428,03/04/2017,41.733334,3.681,,,10.016,18.416,8.996,41.733334,17.051851
2428,03/05/2017,27.6,3.174,,,6.624,13.809,7.814,27.6,12.786111
2428,03/06/2017,57.950428,5.57,,,15.405,25.851,11.575,57.950428,23.936111
2428,03/07/2017,71.13627,5.24,,,21.675,32.566,16.974,71.13627,30.153704
2428,03/08/2017,55.365837,3.64,,,14.176,25.238,13.317,55.365837,23.368519
2428,03/09/2017,68.7094,3.635,,,20.521,27.123,13.529,68.7094,25.11389
2428,03/10/2017,77.19712,4.76,,,24.557,21.974,14.75,77.19712,20.346296
2428,03/11/2017,94.44597,4.697,,,32.759,29.448,11.708,94.44597,27.266666
2428,03/12/2017,82.406265,4.119,,,27.034,24.386,12.623,82.406265,22.57963
2428,03/13/2017,86.80785,4.057,,,29.127,26.297,10.45,86.80785,24.349073
2428,03/14/2017,84.0403,5.542,,,27.811,25.111,11.949,84.0403,23.250925
2428,03/15/2017,70.86077,3.249,,,21.544,19.442,11.724,70.86077,18.001852
2428,03/16/2017,49.958332,3.055,,,11.99,10.908,10.366,49.958332,10.1
2428,03/17/2017,59.542404,3.129,,,16.162,14.6,11.46,59.542404,13.518518
2428,03/18/2017,58.558197,3.307,,,15.694,14.213,11.164,58.558197,13.160185
2428,03/19/2017,66.22996,3.046,,,19.342,17.475,12.556,66.22996,16.180555
2428,03/20/2017,65.36983,3.355,,,18.933,17.046,12.594,65.36983,15.783334
2428,03/21/2017,76.22133,3.517,,,24.093,21.761,10.305,76.22133,20.149075
2428,03/22/2017,63.596996,3.613,,,18.09,16.416,12.312,63.596996,15.2
2428,03/23/2017,63.578068,6.145,,,18.081,16.385,13.209,63.578068,15.171296
2428,03/24/2017,63.733692,3.808,,,18.155,16.409,11.889,63.733692,15.193519
2428,03/25/2017,60.88412,3.583,,,16.8,15.215,9.405,60.88412,14.087963
2428,03/26/2017,61.05236,3.403,,,16.88,15.32,9.005,61.05236,14.185185
2428,03/27/2017,31.6625,3.433,,,7.599,7.051,8.435,31.6625,6.5287037
2428,03/28/2017,40.225,3.689,,,9.654,14.964,10.66,40.225,13.855556
2428,03/29/2017,59.473003,3.801,,,16.129,28.023,13.427,59.473003,25.947222
2428,03/30/2017,,,,,,,,,
2428,03/31/2017,,,,,,,,,
2428,04/01/2017,,,,,,,,,
2428,04/02/2017,,,,,,,,,
2428,04/03/2017,,,,,,,,,
2428,04/04/2017,17.341667,1.355,0.238,37.798,4.162,17.301,7.208,17.341667,16.019444
2428,04/05/2017,52.165066,2.259,0.195,38.469,12.654,28.253,9.052,52.165066,26.160185
2428,04/06/2017,59.344723,2.17,0.17,34.139,16.068,31.94,10.358,59.344723,29.574074
2428,04/07/2017,57.20386,1.449,0.185,25.065,15.05,33.064,13.181,57.20386,30.614815
2428,04/08/2017,62.124893,1.618,0.148,28.02,17.39,29.627,11.368,62.124893,27.432407
2428,04/09/2017,63.02077,1.521,0.144,27.486,17.816,27.029,10.91,63.02077,25.026852
2428,04/10/2017,81.661804,3.034,0.131,43.374,26.68,40.112,10.895,81.661804,37.14074
2428,04/11/2017,61.803135,1.769,0.05,29.936,17.237,27.846,3.207,61.803135,25.783333
2428,04/12/2017,69.03747,1.735,0.097,39.241,20.677,35.125,9.283,69.03747,32.523148
2428,04/13/2017,53.845364,6.329,0.086,29.25,13.453,25.337,13.79,53.845364,23.460186
2428,04/14/2017,37.908333,0.617,0.076,29.169,9.098,19.86,5.369,37.908333,18.38889
2428,04/15/2017,58.11867,0.937,0.14,30.492,15.485,30.863,9.141,58.11867,28.576853
2428,04/16/2017,47.966667,0.772,0.157,19.593,11.512,24.845,9.489,47.966667,23.00463
2428,04/17/2017,52.978928,1.336,0.126,28.743,13.041,24.113,8.975,52.978928,22.326853
2428,04/18/2017,67.245705,2.089,0.176,34.896,19.825,30.328,15.815,67.245705,28.081482
2428,04/19/2017,53.85588,3.788,0.177,17.917,13.458,20.741,11.193,53.85588,19.20463
2428,04/20/2017,43.916668,3.871,0.131,30.928,10.54,15.418,10.735,43.916668,14.275926
2428,04/21/2017,55.155537,5.085,0.162,34.409,14.076,23.471,14.995,55.155537,21.732407
2428,04/22/2017,45.658333,2.503,0.121,16.272,10.958,20.978,11.757,45.658333,19.424074
2428,04/23/2017,46.745834,1.255,0.13,23.26,11.219,20.092,8.709,46.745834,18.603704
2428,04/24/2017,55.893692,1.513,0.171,35.047,14.427,26.893,9.674,55.893692,24.900927
2428,04/25/2017,63.46661,1.368,0.215,33.797,18.028,30.188,12.774,63.46661,27.951853
2428,04/26/2017,58.289013,1.018,0.164,32.659,15.566,25.704,11.958,58.289013,23.8
2428,04/27/2017,59.07133,1.761,0.165,27.429,15.938,30.974,7.524,59.07133,28.67963
2428,04/28/2017,57.67704,1.332,0.158,25.425,15.275,35.359,8.927,57.67704,32.739815
2428,04/29/2017,54.16502,2.218,0.169,25.562,13.605,34.275,12.731,54.16502,31.73611
2428,04/30/2017,61.90618,1.32,0.2,34.066,17.286,41.335,9.061,61.90618,38.273148
2428,05/01/2017,62.03236,1.871,0.201,37.496,17.346,38.454,5.396,62.03236,35.605556
2428,05/02/2017,68.987,1.947,0.222,42.243,20.653,40.334,14.671,68.987,37.346294
2428,05/03/2017,69.91022,1.35,0.231,36.34,21.092,40.723,16.519,69.91022,37.706482
2428,05/04/2017,39.141666,1.187,0.196,30.572,9.394,26.201,14.108,39.141666,24.260185
2428,05/05/2017,58.81266,1.581,0.214,24.841,15.815,32.969,18.005,58.81266,30.526852
2428,05/06/2017,43.275,1.393,0.188,29.379,10.386,25.234,11.522,43.275,23.364815
2428,05/07/2017,36.741665,1.767,0.173,24.463,8.818,22.939,9.547,36.741665,21.239815
2428,05/08/2017,53.19133,1.457,0.178,24.855,13.142,27.889,10.512,53.19133,25.823149
2428,05/09/2017,58.8379,1.343,0.178,36.235,15.827,30.914,13.083,58.8379,28.624075
2428,05/10/2017,45.004166,1.315,0.166,21.255,10.801,24.859,9.325,45.004166,23.017593
2428,05/11/2017,36.470833,1.692,0.175,17.983,8.753,27.353,11.155,36.470833,25.326853
2428,05/12/2017,45.179165,1.232,0.161,18.5,10.843,29.978,12.316,45.179165,27.757408
2428,05/13/2017,57.309013,1.297,0.177,25.194,15.1,35.468,10.197,57.309013,32.84074
2428,05/14/2017,53.910557,2.151,0.166,25.743,13.484,30.149,10.043,53.910557,27.915741
2428,05/15/2017,54.615063,1.34,0.175,30.175,13.819,28.879,8.278,54.615063,26.739815
2428,05/16/2017,64.522316,3.384,0.175,18.062,18.53,35.092,9.229,64.522316,32.49259
2428,05/17/2017,61.59704,2.095,0.201,7.687,17.139,29.412,11.775,61.59704,27.233334
2428,05/18/2017,53.754936,2.216,0.215,9.781,13.41,24.689,13.367,53.754936,22.860186
2428,05/19/2017,52.509956,1.788,0.203,10.606,12.818,24.265,10.971,52.509956,22.467592
2428,05/20/2017,48.9875,4.429,0.552,8.534,11.757,17.868,10.652,48.9875,16.544445
2428,05/21/2017,58.842102,2.451,0.214,6.723,15.829,26.408,7.058,58.842102,24.451853
2428,05/22/2017,33.625,2.607,0.144,6.684,8.07,19.407,6.942,33.625,17.969444
2428,05/23/2017,42.370834,3.543,0.154,5.609,10.169,22.642,9.443,42.370834,20.964815
2428,05/24/2017,46.233334,3.886,0.182,5.15,11.096,22.488,9.223,46.233334,20.822222
2428,05/25/2017,51.719227,3.14,0.247,8.375,12.442,27.281,10.374,51.719227,25.260185
2428,05/26/2017,49.5625,6.778,0.178,5.504,11.895,24.863,11.067,49.5625,23.021296
2428,05/27/2017,38.2625,1.844,0.168,6.683,9.183,17.119,8.404,38.2625,15.850926
2428,05/28/2017,20.1625,2.259,0.176,22.028,4.839,15.376,6.14,20.1625,14.237037
2428,05/29/2017,24.3125,1.93,0.196,5.705,5.835,21.987,8.399,24.3125,20.358334
2428,05/30/2017,24.929167,2.554,0.174,11.339,5.983,20.831,7.165,24.929167,19.287964
2428,05/31/2017,29.220833,3.237,0.185,5.133,7.013,16.064,7.46,29.220833,14.874074
2428,06/01/2017,32.333332,4.03,0.21,8.102,7.76,14.142,8.257,32.333332,13.094444
2428,06/02/2017,36.404167,1.533,0.23,,8.737,21.27,9.07,36.404167,19.694445
2428,06/03/2017,43.420834,1.457,0.218,4.135,10.421,32.903,10.516,43.420834,30.46574
2428,06/04/2017,31.729166,2.185,0.175,4.77,7.615,22.016,6.866,31.729166,20.385185
2428,06/05/2017,34.166668,2.816,0.168,5.924,8.2,22.499,9.171,34.166668,20.832407
2428,06/06/2017,45.15,2.017,0.193,10.841,10.836,28.156,10.191,45.15,26.07037
2428,06/07/2017,48.9625,1.77,0.245,7.629,11.751,27.059,11.032,48.9625,25.05463
2428,06/08/2017,30.758333,1.808,0.194,4.617,7.382,20.956,5.722,30.758333,19.403704
2428,06/09/2017,33.316666,1.263,0.193,4.114,7.996,21.252,5.086,33.316666,19.677778
2428,06/10/2017,19.941668,1.576,0.173,6.042,4.786,19.162,6.492,19.941668,17.742592
2428,06/11/2017,29.541666,2.133,0.158,3.933,7.09,20.369,5.745,29.541666,18.860186
2428,06/12/2017,42.375,2.959,0.171,6.033,10.17,28.57,7.28,42.375,26.453703
2428,06/13/2017,52.61511,1.368,0.195,3.194,12.868,29.5,7.958,52.61511,27.314816
2428,06/14/2017,54.694977,1.637,0.199,4.832,13.857,26.631,10.688,54.694977,24.658333
2428,06/15/2017,53.412148,1.669,0.17,8.632,13.247,39.856,11.206,53.412148,36.903706
2428,06/16/2017,,4.148,,7.712,,,12.809,,
2428,06/17/2017,,3.943,,27.393,,,8.798,,
2428,06/18/2017,,10.705,,14.876,,,26.44,,
2428,06/19/2017,,2.55,,18.788,,,9.268,,
2428,06/20/2017,,2.52,,18.282,,,10.692,,
2428,06/21/2017,,2.746,,26.014,,,18.734,,
2428,06/22/2017,,9.077,,,,,21.922,,
2428,06/23/2017,,7.622,,45.232,,,25.064,,
2428,06/24/2017,,6.654,,,,,21.083,,
2428,06/25/2017,,6.332,,,,,24.185,,
2428,06/26/2017,,5.977,,,,,27.777,,
2428,06/27/2017,,4.074,,,,,36.089,,
2428,06/28/2017,,5.542,,2.401,,,25.985,,
2428,06/29/2017,,9.056,,72.417,,,22.023,,
2428,06/30/2017,,16.119,,,,,59.927,,
2428,07/01/2017,13.858334,22.897,,,0.0,14.967,97.061,0.0,13.858334
2428,07/02/2017,15.237963,33.986,,,0.0,16.457,96.5,0.0,15.237963
2428,07/03/2017,9.310185,48.919,,17.356,0.0,10.055,33.621,0.0,9.310185
2428,07/04/2017,7.321296,1.497,,17.331,0.3,7.907,7.158,1.25,7.321296
2428,07/05/2017,10.076852,1.327,,22.257,0.017,10.883,7.265,0.07083333,10.076852
2428,07/06/2017,10.786111,2.106,,20.298,0.018,11.649,11.688,0.075,10.786111
2428,07/07/2017,9.825,1.972,,15.309,0.152,10.611,7.681,0.6333333,9.825
2428,07/08/2017,10.714815,2.133,,21.651,0.079,11.572,8.755,0.32916668,10.714815
2428,07/09/2017,6.887037,2.096,,20.221,0.157,7.438,7.192,0.65416664,6.887037
2428,07/10/2017,16.229166,2.61,,25.545,3.895,13.971,9.735,16.229166,12.936111
2428,07/11/2017,8.847222,1.335,,9.695,0.03,9.555,7.285,0.125,8.847222
2428,07/12/2017,7.736111,1.427,,6.071,0.0,8.355,7.485,0.0,7.736111
2428,07/13/2017,7.3398147,1.812,,12.867,0.269,7.927,7.114,1.1208333,7.3398147
2428,07/14/2017,30.333334,2.917,,14.623,7.28,11.532,5.842,30.333334,10.677778
2428,07/15/2017,6.6537037,2.199,,9.954,0.052,7.186,6.689,0.21666667,6.6537037
2428,07/16/2017,8.566667,1.052,,9.613,0.007,9.252,5.422,0.029166667,8.566667
2428,07/17/2017,6.9546294,1.801,,8.867,0.085,7.511,6.358,0.35416666,6.9546294
2428,07/18/2017,9.047222,1.191,,11.08,0.17,9.771,6.356,0.7083333,9.047222
2428,07/19/2017,10.181481,1.212,,10.678,0.0,10.996,8.906,0.0,10.181481
2428,07/20/2017,7.4259257,1.169,,7.851,0.0,8.02,7.757,0.0,7.4259257
2428,07/21/2017,11.166667,2.78,,16.818,0.0,12.06,8.107,0.0,11.166667
2428,07/22/2017,7.5740743,1.434,,16.702,0.0,8.18,5.751,0.0,7.5740743
2428,07/23/2017,7.2435184,1.723,,16.476,0.046,7.823,6.777,0.19166666,7.2435184
2428,07/24/2017,12.824074,2.864,,18.976,0.131,13.85,6.871,0.54583335,12.824074
2428,07/25/2017,9.209259,2.327,,17.504,0.039,9.946,6.442,0.1625,9.209259
2428,07/26/2017,7.696296,1.766,,9.336,0.0,8.312,7.069,0.0,7.696296
2428,07/27/2017,7.674074,1.869,,5.029,0.0,8.288,7.89,0.0,7.674074
2428,07/28/2017,6.991667,2.292,,15.232,0.009,7.551,10.107,0.0375,6.991667
2428,07/29/2017,9.213889,1.863,,4.941,0.006,9.951,20.524,0.025,9.213889
2428,07/30/2017,12.528704,1.297,,9.897,0.0,13.531,5.915,0.0,12.528704
2428,07/31/2017,16.22963,1.921,,10.508,2.666,17.528,5.856,11.108334,16.22963
2428,08/01/2017,,1.872,,11.236,,,6.525,,
2428,08/02/2017,21.270834,3.588,0.217,34.294,5.105,7.859,10.827,21.270834,7.2768517
2428,08/03/2017,38.429165,6.536,0.177,10.973,9.223,13.753,13.113,38.429165,12.73426
2428,08/04/2017,60.21326,3.366,0.17,13.596,16.481,25.515,8.857,60.21326,23.625
2428,08/05/2017,36.775,2.63,0.186,18.184,8.826,16.154,9.185,36.775,14.957407
2428,08/06/2017,42.970833,3.806,0.712,12.439,10.313,24.782,6.542,42.970833,22.946297
2428,08/07/2017,,3.266,,9.757,,,5.049,,
2428,08/08/2017,,4.616,,12.339,,,10.757,,
2428,08/09/2017,,38.526,,82.485,,,34.005,,
2428,08/10/2017,,42.407,,,,,65.477,,
2428,08/11/2017,,46.093,,,,,97.009,,
2428,08/12/2017,,111.499,,,,,98.251,,
2428,08/13/2017,,106.387,,,,,94.331,,
2428,08/14/2017,,121.959,,,,,73.601,,
2428,08/15/2017,,113.872,,,,,124.713,,
2428,08/16/2017,,114.002,,,,,97.471,,
2428,08/17/2017,,39.357,,,,,128.867,,
2428,08/18/2017,,,,,,,,,
2428,08/19/2017,,,,,,,,,
2428,08/20/2017,,,,,,,175.668,,
2428,08/21/2017,,,,,,,,,
2428,08/22/2017,,,,,,,,,
2428,08/23/2017,,,,,,,,,
2428,08/24/2017,,2.69,,9.618,,,9.88,,
2428,08/25/2017,,2.755,,14.114,,,5.198,,
2428,08/26/2017,,2.91,,7.408,,,6.312,,
2428,08/27/2017,,2.48,,15.875,,,2.836,,
2428,08/28/2017,,2.602,,14.288,,,6.211,,
2428,08/29/2017,,3.353,,16.193,,,7.646,,
2428,08/30/2017,,4.577,,27.698,,,7.748,,
2428,08/31/2017,,4.325,,11.988,,,7.053,,
2428,09/01/2017,,4.725,,14.483,,,8.428,,
2428,09/02/2017,,5.461,,23.347,,,8.247,,
2428,09/03/2017,,4.051,,18.205,,,5.335,,
2428,09/04/2017,,4.869,,14.103,,,5.118,,
2428,09/05/2017,,3.876,,8.505,,,6.238,,
2428,09/06/2017,,4.169,,17.136,,,11.236,,
2428,09/07/2017,,4.851,,22.662,,,4.512,,
2428,09/08/2017,59.144936,4.829,0.156,21.584,15.973,22.845,11.464,59.144936,21.152779
2428,09/09/2017,64.61695,3.953,0.115,18.635,18.575,28.904,10.504,64.61695,26.762962
2428,09/10/2017,61.941933,6.366,0.141,8.469,17.303,26.951,25.006,61.941933,24.95463
2428,09/11/2017,66.116394,4.356,0.154,17.066,19.288,28.641,5.095,66.116394,26.519444
2428,09/12/2017,41.741665,4.119,0.096,7.299,10.018,19.361,5.117,41.741665,17.926851
2428,09/13/2017,,,,,,,,,
2428,09/14/2017,,,,,,,,,
2428,09/15/2017,,,,,,,,,
2428,09/16/2017,,,,,,,,,
2428,09/17/2017,,,,,,,,,
2428,09/18/2017,,,,,,,,,
2428,09/19/2017,,,,,,,,,
2428,09/20/2017,,,,,,,,,
2428,09/21/2017,30.783333,6.063,0.098,32.312,7.388,7.943,6.306,30.783333,7.3546295
2428,09/22/2017,52.77704,7.617,0.095,30.826,12.945,20.734,9.628,52.77704,19.198149
2428,09/23/2017,26.941668,7.359,0.112,17.243,6.466,15.881,9.298,26.941668,14.70463
2428,09/24/2017,33.508335,6.147,0.13,20.352,8.042,19.266,10.132,33.508335,17.838888
2428,09/25/2017,42.995834,6.655,0.166,20.515,10.319,17.069,11.277,42.995834,15.804629
2428,09/26/2017,23.275,7.386,0.146,30.518,5.586,16.365,11.608,23.275,15.152778
2428,09/27/2017,29.358334,6.572,0.088,18.964,7.046,17.168,10.098,29.358334,15.8962965
2428,09/28/2017,39.604168,5.103,0.12,11.143,9.505,15.891,11.474,39.604168,14.713889
2428,09/29/2017,59.094463,4.862,0.17,11.226,15.949,25.079,11.851,59.094463,23.221296
2428,09/30/2017,51.78442,4.118,0.171,8.452,12.473,28.745,10.453,51.78442,26.61574
2428,10/01/2017,44.179165,4.579,0.152,28.091,10.603,21.843,9.257,44.179165,20.225
2428,10/02/2017,41.791668,3.919,0.146,14.422,10.03,23.698,6.508,41.791668,21.942593
2428,10/03/2017,40.020832,3.96,0.143,7.663,9.605,23.008,7.228,40.020832,21.303703
2428,10/04/2017,52.999958,5.442,0.114,12.861,13.051,16.95,7.211,52.999958,15.694445
2428,10/05/2017,30.225,12.142,0.264,15.525,7.254,11.023,7.364,30.225,10.206482
2428,10/06/2017,34.8875,10.699,0.14,40.976,8.373,11.431,3.852,34.8875,10.584259
2428,10/07/2017,44.491665,11.446,0.298,33.256,10.678,14.887,8.572,44.491665,13.784259
2428,10/08/2017,43.8125,11.443,0.313,37.21,10.515,15.277,5.118,43.8125,14.1453705
2428,10/09/2017,48.3875,12.362,0.289,35.375,11.613,14.348,4.425,48.3875,13.285185
2428,10/10/2017,34.8875,11.29,0.232,43.896,8.373,9.636,3.767,34.8875,8.922222
2428,10/11/2017,51.689785,12.285,0.28,40.661,12.428,14.796,6.011,51.689785,13.7
2428,10/12/2017,48.254166,13.074,0.303,36.072,11.581,14.486,6.141,48.254166,13.412963
2428,10/13/2017,63.300472,12.34,0.099,26.23,17.949,16.689,2.518,63.300472,15.452778
2428,10/14/2017,40.691666,12.683,0.106,26.101,9.766,9.331,2.827,40.691666,8.639814
2428,10/15/2017,25.6125,12.278,0.144,46.832,6.147,7.689,2.278,25.6125,7.1194444
2428,10/16/2017,23.104166,11.17,0.238,43.582,5.545,7.414,3.524,23.104166,6.8648148
2428,10/17/2017,48.375,11.321,0.29,46.064,11.61,14.031,5.156,48.375,12.991667
2428,10/18/2017,63.687424,11.966,0.328,52.976,18.133,21.871,7.776,63.687424,20.250925
2428,10/19/2017,63.203735,14.041,0.394,53.01,17.903,21.127,8.495,63.203735,19.562037
2428,10/20/2017,37.908333,14.815,0.201,77.822,9.098,10.785,4.48,37.908333,9.986111
2428,10/21/2017,55.750687,14.895,0.139,57.467,14.359,18.054,3.801,55.750687,16.716667
2428,10/22/2017,44.9,14.556,0.193,70.619,10.776,13.258,1.818,44.9,12.275926
2428,10/23/2017,69.66416,14.419,0.425,67.736,20.975,24.529,6.844,69.66416,22.712036
2428,10/24/2017,57.109226,14.277,0.457,66.983,15.005,18.179,7.729,57.109226,16.832407
2428,10/25/2017,,12.716,0.471,56.428,,,10.733,,
2428,10/26/2017,,13.041,0.352,60.143,,,6.465,,
2428,10/27/2017,,13.589,0.411,60.702,,,6.726,,
2428,10/28/2017,,13.59,0.326,65.879,,,5.745,,
2428,10/29/2017,,13.677,0.453,62.946,,,7.597,,
2428,10/30/2017,,13.792,0.364,71.44,,,5.392,,
2428,10/31/2017,,12.554,0.297,80.023,,,3.602,,
2428,11/01/2017,,13.053,0.421,65.461,,,9.324,,
2428,11/02/2017,,,,,,,,,
2428,11/03/2017,,,,,,,,,
2428,11/04/2017,,,,,,,,,
2428,11/05/2017,,,,,,,,,
2428,11/06/2017,,,,,,,,,
2428,11/07/2017,,,,,,,,,
2428,11/08/2017,,,,,,,,,
2428,11/09/2017,,,,,,,,,
2428,11/10/2017,,,,,,,,,
2428,11/11/2017,,,,,,,,,
2428,11/12/2017,,,,,,,,,
2428,11/13/2017,,,,,,,,,
2428,11/14/2017,49.533333,9.012,0.421,35.665,11.888,29.847,8.941,49.533333,27.63611
2428,11/15/2017,51.702404,14.241,0.308,24.357,12.434,27.227,7.901,51.702404,25.210186
2428,11/16/2017,53.502575,13.814,0.356,22.606,13.29,25.216,5.878,53.502575,23.348148
2428,11/17/2017,72.57682,13.926,0.413,25.072,22.36,33.675,5.498,72.57682,31.180555
2428,11/18/2017,52.41953,13.529,0.307,24.811,12.775,21.604,3.428,52.41953,20.003704
2428,11/19/2017,52.91794,12.678,0.309,15.012,13.012,23.874,5.636,52.91794,22.105556
2428,11/20/2017,34.808334,12.452,0.246,15.512,8.354,17.233,4.091,34.808334,15.956482
2428,11/21/2017,38.416668,12.575,0.284,19.885,9.22,16.874,4.063,38.416668,15.624074
2428,11/22/2017,49.491665,13.224,0.395,22.51,11.878,20.847,6.599,49.491665,19.302778
2428,11/23/2017,55.23545,12.721,0.409,23.366,14.114,22.115,6.987,55.23545,20.476852
2428,11/24/2017,53.76545,11.959,0.348,21.296,13.415,20.331,4.715,53.76545,18.825
2428,11/25/2017,60.970345,11.62,0.376,19.491,16.841,25.18,6.99,60.970345,23.314816
2428,11/26/2017,49.483334,11.817,0.352,18.581,11.876,19.159,6.669,49.483334,17.739815
2428,11/27/2017,55.910515,11.95,0.356,20.247,14.435,24.049,7.406,55.910515,22.267593
2428,11/28/2017,64.56017,11.989,0.415,18.889,18.548,29.987,14.516,64.56017,27.765741
2428,11/29/2017,53.42056,12.55,0.335,19.508,13.251,22.753,9.593,53.42056,21.067593
2428,11/30/2017,57.563477,12.321,0.373,17.861,15.221,20.743,9.381,57.563477,19.206482
2428,12/01/2017,58.295322,12.644,0.366,22.629,15.569,20.248,8.819,58.295322,18.748148
2428,12/02/2017,68.92601,12.834,0.448,25.665,20.624,27.313,6.119,68.92601,25.289814
2428,12/03/2017,68.635796,12.335,0.52,22.573,20.486,29.432,7.269,68.635796,27.251852
2428,12/04/2017,55.58455,12.751,0.386,22.447,14.28,22.123,7.482,55.58455,20.484259
2428,12/05/2017,43.466667,12.387,0.341,24.198,10.432,15.402,5.568,43.466667,14.261111
2428,12/06/2017,54.657124,,0.343,,13.839,22.165,,54.657124,20.523148
2428,12/07/2017,65.49811,12.481,0.414,28.038,18.994,28.875,2.302,65.49811,26.73611
2428,12/08/2017,44.716667,12.573,0.302,24.264,10.732,20.468,7.64,44.716667,18.951853
2428,12/09/2017,62.217426,13.054,0.372,27.462,17.434,25.561,9.9,62.217426,23.667593
2428,12/10/2017,66.976524,12.83,0.479,25.864,19.697,25.206,8.299,66.976524,23.338888
2428,12/11/2017,60.158585,12.723,0.466,21.927,16.455,23.197,7.196,60.158585,21.478704
2428,12/12/2017,52.915836,12.549,0.314,25.491,13.011,20.451,6.055,52.915836,18.936111
2428,12/13/2017,43.0375,12.571,0.341,22.541,10.329,17.347,6.871,43.0375,16.062037
2428,12/14/2017,53.262833,12.228,0.33,26.234,13.176,23.871,9.682,53.262833,22.102777
2428,12/15/2017,64.03863,12.273,0.414,23.543,18.3,28.394,14.161,64.03863,26.290741
2428,12/16/2017,83.474594,12.463,0.471,25.858,27.542,38.95,16.794,83.474594,36.064816
2428,12/17/2017,89.86142,13.053,0.493,21.353,30.579,40.794,15.951,89.86142,37.77222
2428,12/18/2017,91.95601,12.58,0.492,17.048,31.575,38.815,9.236,91.95601,35.939816
2428,12/19/2017,72.18567,12.992,0.423,26.918,22.174,28.098,8.405,72.18567,26.016666
2428,12/20/2017,35.845833,12.175,0.256,22.668,8.603,12.927,5.779,35.845833,11.969444
2428,12/21/2017,21.041666,10.766,0.206,28.264,5.05,18.542,2.453,21.041666,17.168518
2428,12/22/2017,63.344635,12.009,0.287,22.79,17.97,24.923,6.683,63.344635,23.076853
2428,12/23/2017,65.64111,12.432,0.357,19.99,19.062,24.915,8.543,65.64111,23.069445
2428,12/24/2017,53.466824,12.166,0.317,21.425,13.273,17.699,6.953,53.466824,16.387962
2428,12/25/2017,62.126995,12.539,0.383,19.525,17.391,23.205,6.59,62.126995,21.48611
2428,12/26/2017,51.9821,12.106,0.386,20.585,12.567,18.316,8.027,51.9821,16.959259
2428,12/27/2017,57.952534,11.927,0.362,17.282,15.406,21.581,9.94,57.952534,19.982407
2428,12/28/2017,39.291668,15.08,0.282,9.949,9.43,15.346,16.866,39.291668,14.209259
2428,12/29/2017,49.975,12.031,0.259,20.837,11.994,18.723,9.048,49.975,17.336111
2428,12/30/2017,40.495834,11.989,0.249,22.338,9.719,15.125,13.303,40.495834,14.00463
2428,12/31/2017,58.25747,12.768,0.315,26.561,15.551,21.188,8.892,58.25747,19.618519
2428,01/01/2018,48.602257,12.005625,0.22558333,25.659584,11.664541,17.878876,,48.602257,16.554514
2428,01/02/2018,28.861631,,0.262625,,6.9267917,14.192083,,28.861631,13.140818
2428,01/03/2018,42.581425,11.303792,0.24633333,26.150375,10.219542,16.609333,,42.581425,15.379012
2428,01/04/2018,41.111286,11.960417,0.25075,18.3155,9.866709,15.494375,,41.111286,14.346643
2428,01/05/2018,63.62977,12.489333,0.33345833,18.474,18.105583,24.197,,63.62977,22.404629
2428,01/06/2018,27.11007,11.940583,0.25033334,15.193459,6.506417,12.43,,27.11007,11.509259
2428,01/07/2018,60.409718,12.246166,0.28925,18.076584,16.574417,22.708542,,60.409718,21.026428
2428,01/08/2018,39.325172,12.052125,,15.174958,9.438042,11.724584,,39.325172,10.856095
2428,01/09/2018,58.85069,12.530666,,17.070292,15.833083,18.942,,58.85069,17.538889
2428,01/10/2018,56.98261,12.661167,,22.031792,14.944792,19.797583,,56.98261,18.331095
2428,01/11/2018,37.96285,12.088083,,23.968542,9.111083,13.736167,,37.96285,12.718673
2428,01/12/2018,21.296354,11.709708,,32.58592,5.111125,9.31525,,21.296354,8.625232
2428,01/13/2018,22.536112,11.533875,,30.594126,5.4086666,10.693916,,22.536112,9.901774
2428,01/14/2018,38.52882,11.409667,,27.272541,9.246917,13.533916,,38.52882,12.5314045
2428,01/15/2018,57.206753,12.220125,,25.753208,15.051375,23.522083,,57.206753,21.779707
2428,01/16/2018,78.881805,12.498042,,23.167042,25.358084,32.243126,,78.881805,29.854746
2428,01/17/2018,80.24245,,,,26.005083,29.839375,21.66375,80.24245,27.629051
2428,01/18/2018,64.02609,12.69075,,,18.294043,22.608418,,64.02609,20.93372
2428,01/19/2018,30.505035,12.315416,,15.570125,7.3212085,12.088959,,30.505035,11.19348
2428,01/20/2018,65.455086,12.720166,,19.244375,18.973541,24.543959,,65.455086,22.725887
2428,01/21/2018,60.584003,12.675625,,20.694834,16.657291,21.156084,,60.584003,19.588966
2428,01/22/2018,60.91146,13.1657915,,20.975458,16.813,20.497375,,60.91146,18.979052
2428,01/23/2018,61.331097,12.562208,,20.124332,17.01254,24.136875,,61.331097,22.348959
2428,01/24/2018,64.23929,12.892542,,21.593082,18.395416,29.549625,,64.23929,27.360764
2428,01/25/2018,75.17649,13.0269165,,22.388834,23.596167,36.961166,,75.17649,34.2233
2428,01/26/2018,61.103886,12.774292,,21.750126,16.9045,30.135958,,61.103886,27.903666
2428,01/27/2018,,,,,,,,,
2428,01/28/2018,,,,,,,,,
2428,01/29/2018,,,,,,,,,
2428,01/30/2018,,,,,,,,,
2428,01/31/2018,,,,,,,,,
2428,02/01/2018,68.816475,13.538375,,30.493208,20.571917,35.056957,,68.816475,32.460148
2428,02/02/2018,75.00737,13.416958,,31.074417,23.51575,39.31675,7.26725,75.00737,36.4044
2428,02/03/2018,77.52361,13.494667,,32.687458,24.71225,47.668293,,77.52361,44.137306
2428,02/04/2018,67.53916,13.312208,,33.17267,19.964542,41.262375,,67.53916,38.205902
2428,02/05/2018,51.165874,13.021125,,38.482834,12.178875,33.956333,,51.165874,31.44105
2428,02/06/2018,56.58479,13.023,,41.0615,14.755625,30.391083,,56.58479,28.139893
2428,02/07/2018,64.94695,13.366917,,28.409542,18.731916,32.129166,,64.94695,29.749228
2428,02/08/2018,25.672396,12.9925,,38.696835,6.161375,11.870833,,25.672396,10.991512
2428,02/09/2018,84.61521,13.376041,,32.521374,28.084375,38.784,,84.61521,35.91111
2428,02/10/2018,76.06457,13.339084,,34.408875,24.018457,36.757126,,76.06457,34.034374
2428,02/11/2018,51.449078,13.415459,,33.267334,12.313541,23.370209,,51.449078,21.639082
2428,02/12/2018,54.354206,13.639584,,32.65196,13.694959,27.376917,,54.354206,25.348997
2428,02/13/2018,31.88316,12.490583,,40.498085,7.6519585,17.857334,5.3215,31.88316,16.534569
2428,02/14/2018,68.0445,13.750417,,36.74354,20.204834,33.4825,,68.0445,31.002316
2428,02/15/2018,69.66206,13.499541,,34.0295,20.974,30.944666,,69.66206,28.65247
2428,02/16/2018,51.44347,13.447833,,29.204624,12.310875,20.286709,,51.44347,18.783989
2428,02/17/2018,65.81242,13.471292,,28.502958,19.143457,31.864374,,65.81242,29.504051
2428,02/18/2018,59.131268,13.348375,,26.584541,15.9665,26.606625,,59.131268,24.635763
2428,02/19/2018,61.541046,13.269417,,27.315374,17.112375,34.54171,,61.541046,31.983063
2428,02/20/2018,76.72324,14.123042,,33.596832,24.331667,39.987,,76.72324,37.025
2428,02/21/2018,58.517277,13.980917,,27.036875,15.674541,27.756666,,58.517277,25.700617
2428,02/22/2018,58.146885,13.475166,,24.565916,15.498417,28.326584,,58.146885,26.228317
2428,02/23/2018,54.8839,11.717584,,13.437625,13.946834,33.381542,,54.8839,30.908834
2428,02/24/2018,57.07365,11.678,,,14.988083,31.916,,57.07365,29.551851
2428,02/25/2018,65.96358,11.663709,,14.339334,19.215334,34.4675,,65.96358,31.914352
2428,02/26/2018,61.180557,12.103458,,15.675959,16.940958,31.028,,61.180557,28.72963
2428,02/27/2018,37.07552,11.168709,,11.728209,8.898125,20.977125,,37.07552,19.423264
2428,02/28/2018,53.263447,11.606542,,16.03271,13.176291,24.450417,,53.263447,22.639275
2428,03/01/2018,57.84186,11.861042,,,15.353375,30.004,,57.84186,27.78148
2428,03/02/2018,63.0595,11.548333,,,17.834417,28.417583,,63.0595,26.312576
2428,03/03/2018,43.398262,,,,10.415584,23.501917,,43.398262,21.761034
2428,03/04/2018,43.34236,11.242833,,11.216042,10.402166,20.992374,,43.34236,19.437384
2428,03/05/2018,55.956257,,,,14.45675,30.713667,,55.956257,28.43858
2428,03/06/2018,70.32179,11.882083,,17.637959,21.287708,37.140125,,70.32179,34.389004
2428,03/07/2018,60.41997,11.601375,,16.814291,16.579292,33.03,,60.41997,30.583334
2428,03/08/2018,57.647858,11.720875,,19.75725,15.261125,31.325834,,57.647858,29.005402
2428,03/09/2018,59.426563,11.671083,,19.887583,16.106916,30.211834,,59.426563,27.973919
2428,03/10/2018,31.175694,11.211583,,26.457375,7.482167,17.596958,,31.175694,16.29348
2428,03/11/2018,45.216667,11.414375,,27.826916,10.852,22.5445,,45.216667,20.874537
2428,03/12/2018,56.750053,11.421416,,27.32925,14.8342085,31.09,,56.750053,28.787037
2428,03/13/2018,55.412453,11.5505,,26.077375,14.198167,28.866625,,55.412453,26.728357
2428,03/14/2018,62.694107,11.694583,,23.462418,17.660667,38.21996,,62.694107,35.38885
2428,03/15/2018,57.18581,11.577458,,24.14175,15.041417,31.16325,,57.18581,28.85486
2428,03/16/2018,74.03403,11.797209,0.12941667,23.36425,23.052917,70.15804,,74.03403,58.502464
2428,03/17/2018,57.967606,11.082375,0.09791667,19.360083,15.413167,46.14121,,57.967606,42.723343
2428,03/18/2018,60.6506,10.709375,0.10845833,19.268959,16.68896,44.116543,,60.6506,40.848648
2428,03/19/2018,67.0461,10.745833,0.10445833,19.156124,19.730083,51.71275,,67.0461,47.882175
2428,03/20/2018,71.785835,11.512875,0.11675,18.693293,21.983875,50.3915,,71.785835,46.658794
2428,03/21/2018,83.20243,11.27,0.12816666,24.213041,27.412582,50.331123,,83.20243,46.602894
2428,03/22/2018,62.669308,10.877209,0.15325,21.30175,17.648874,41.999084,,62.669308,38.88804
2428,03/23/2018,54.316174,10.431875,0.1205,26.424,13.676875,35.972916,,54.316174,33.308258
2428,03/24/2018,65.4033,10.443459,0.12716667,23.473125,18.948917,43.728207,,65.4033,40.489082
2428,03/25/2018,71.39774,10.489208,0.12516667,24.25975,21.799334,41.643833,,71.39774,38.559105
2428,03/26/2018,74.90468,10.807917,0.15945834,24.290417,23.466917,41.845085,,74.90468,38.74545
2428,03/27/2018,88.18068,11.1536665,0.17383334,25.82025,29.77979,49.850082,,88.18068,46.157486
2428,03/28/2018,92.92006,11.83175,0.1465,24.541208,32.033417,53.666542,,92.92006,49.691242
2428,03/29/2018,90.333626,10.8359165,0.16783333,24.397083,30.803541,49.201374,,90.333626,45.556828
2428,03/30/2018,71.54775,10.703208,0.11370833,21.261457,21.870667,36.52575,,71.54775,33.820137
2428,03/31/2018,34.51389,9.972292,,17.767084,8.283334,15.019875,,34.51389,13.907291
2428,04/01/2018,41.714756,10.493042,0.114083335,21.239834,10.011541,18.650126,,41.714756,17.268635
2428,04/02/2018,53.97181,11.260208,0.101125,16.644209,13.513125,22.525291,,53.97181,20.856752
2428,04/03/2018,52.330063,11.299708,0.08875,,12.732458,23.005793,,52.330063,21.301659
2428,04/04/2018,37.86059,10.762292,0.08454166,,9.086542,17.74771,,37.86059,16.433064
2428,04/05/2018,40.384895,10.606375,0.07204167,,9.692375,22.217667,,40.384895,20.571913
2428,04/06/2018,47.87066,10.492416,,19.462,11.488958,21.81825,,47.87066,20.202084
2428,04/07/2018,58.048042,10.572375,,19.5715,15.451417,25.16325,,58.048042,23.299305
2428,04/08/2018,48.284897,10.159291,0.11683334,22.032875,11.588375,18.735374,,48.284897,17.347569
2428,04/09/2018,54.45909,,,,13.744833,22.3185,,54.45909,20.665277
2428,04/10/2018,51.061073,10.373792,,,12.129042,22.539333,,51.061073,20.869753
2428,04/11/2018,51.620388,10.441916,,,12.395,19.527876,,51.620388,18.081366
2428,04/12/2018,48.81875,10.411041,,,11.7165,20.641874,,48.81875,19.112846
2428,04/13/2018,53.5888,10.632584,,,13.331,25.751417,,53.5888,23.843904
2428,04/14/2018,48.606945,10.09025,,,11.665667,24.060791,,48.606945,22.278511
2428,04/15/2018,54.57283,10.692583,0.17308334,15.27225,13.798917,21.076792,,54.57283,19.515549
2428,04/16/2018,67.74298,10.732959,,14.1849165,20.061459,29.9035,,67.74298,27.688425
2428,04/17/2018,,,,,,,,,
2428,04/18/2018,52.883503,10.6515,0.15733333,15.186,12.995625,22.648167,,52.883503,20.970524
2428,04/19/2018,47.49375,10.841416,0.152125,,11.3985,18.03354,,47.49375,16.697723
2428,04/20/2018,54.643017,10.56,0.14054167,16.703167,13.832292,22.250166,,54.643017,20.602007
2428,04/21/2018,70.13313,10.480125,,,21.198,32.726418,,70.13313,30.302238
2428,04/22/2018,63.683483,10.682834,,13.093,18.131124,27.609041,,63.683483,25.563927
2428,04/23/2018,59.18472,10.417209,,14.78125,15.991917,28.300041,,59.18472,26.203743
2428,04/24/2018,55.731583,10.778292,0.19245833,,14.349916,22.049583,,55.731583,20.41628
2428,04/25/2018,,,,,,,,,
2428,04/26/2018,52.571644,10.685375,0.18425,13.389584,12.847333,19.467209,,52.571644,18.025192
2428,04/27/2018,55.17131,,,,14.0835,22.721333,,55.17131,21.03827
2428,04/28/2018,56.699406,10.655708,,,14.810125,23.564709,,56.699406,21.819174
2428,04/29/2018,53.953056,10.887,0.210125,,13.504209,20.795,,53.953056,19.25463
2428,04/30/2018,55.35015,,0.18820833,,14.168542,23.919792,,55.35015,22.147955
2428,05/01/2018,60.83067,,0.21670833,,16.774584,26.874916,,60.83067,24.884182
2428,05/02/2018,42.8533,10.632542,,,10.284792,15.457541,,42.8533,14.312538
2428,05/03/2018,57.994415,,,,15.425917,24.574,,57.994415,22.753704
2428,05/04/2018,49.126736,10.652833,,10.234667,11.790417,19.547167,,49.126736,18.099228
2428,05/05/2018,60.909092,,0.20816667,,16.811874,41.22325,,60.909092,38.169678
2428,05/06/2018,54.58387,11.094625,,12.70075,13.804167,34.750584,,54.58387,32.176468
2428,05/07/2018,52.561657,12.13,,,12.842584,27.100292,,52.561657,25.092863
2428,05/08/2018,69.03536,12.760792,0.154625,17.665916,20.676,33.76642,,69.03536,31.265202
2428,05/09/2018,62.943924,11.850792,0.15495834,17.257416,17.779459,29.914,,62.943924,27.698149
2428,05/10/2018,51.448727,11.3795,0.15425,,12.313375,15.617875,,51.448727,14.460996
2428,05/11/2018,58.359463,10.855333,0.17858334,,15.5995,22.525583,,58.359463,20.857021
2428,05/12/2018,43.35625,11.609917,0.19483334,,10.4055,21.099709,,43.35625,19.536766
2428,05/13/2018,36.367363,11.558375,0.19295834,,8.728167,14.024834,,36.367363,12.985957
2428,05/14/2018,44.35295,10.798458,,,10.644709,25.548042,,44.35295,23.655594
2428,05/15/2018,34.52205,10.955167,,10.348875,8.285292,25.045334,,34.52205,23.190123
2428,05/16/2018,42.43889,11.415916,,,10.185333,22.426708,,42.43889,20.76547
2428,05/17/2018,45.536804,11.279834,,,10.928833,30.896042,,45.536804,28.607447
2428,05/18/2018,57.82346,11.550208,0.16508333,14.337584,15.344625,29.608625,,57.82346,27.415394
2428,05/19/2018,64.1259,,0.1765,,18.3415,28.547667,,64.1259,26.433025
2428,05/20/2018,49.623436,,,,11.909625,21.28025,,49.623436,19.703936
2428,05/21/2018,33.74288,11.354584,,,8.098291,18.829666,,33.74288,17.434877
2428,05/22/2018,31.23559,11.965042,,,7.4965415,18.397375,,31.23559,17.034607
2428,05/23/2018,51.3746,11.5935,,17.850584,12.278125,20.177917,,51.3746,18.683256
2428,05/24/2018,37.743576,11.411875,,12.895083,9.058458,20.767124,,37.743576,19.228819
2428,05/25/2018,35.10087,,0.189875,,8.424209,24.540417,,35.10087,22.722609
2428,05/26/2018,55.66902,,0.19316667,,14.320167,28.133167,,55.66902,26.049229
2428,05/27/2018,25.52423,,0.15433334,,12.077541,27.566166,,,25.52423
2428,05/28/2018,51.924797,,,,12.53975,24.561583,,51.924797,22.742207
2428,05/29/2018,56.033714,,0.17583333,,14.493584,22.487125,,56.033714,20.821411
2428,05/30/2018,48.956425,,0.27983335,,11.749541,21.918959,,48.956425,20.295332
2428,05/31/2018,21.279282,13.031834,0.25116667,,12.073042,22.981625,,,21.279282
2428,06/01/2018,49.442707,,0.198875,,11.86625,21.915417,,49.442707,20.292053
2428,06/02/2018,45.346527,12.942667,0.19391666,,10.883166,19.930792,,45.346527,18.454437
2428,06/03/2018,53.799538,13.085542,0.17679167,,13.431209,22.193666,,53.799538,20.549692
2428,06/04/2018,58.14627,13.845917,0.16554166,,15.498125,25.04775,,58.14627,23.192362
2428,06/05/2018,58.589043,,0.168,,15.708667,24.009417,,58.589043,22.230942
2428,06/06/2018,,,,,,,,,
2428,06/07/2018,31.171875,,0.48191667,,7.48125,16.283583,,31.171875,15.077392
2428,06/08/2018,36.528126,9.644459,0.052583333,,8.081125,39.450375,,33.671352,36.528126
2428,06/09/2018,21.761883,,0.08083333,,5.1327915,23.502832,,21.386631,21.761883
2428,06/10/2018,25.956596,9.595875,0.1085,,6.2295833,21.88725,,25.956596,20.265972
2428,06/11/2018,21.728645,9.909583,0.10975,,5.214875,19.137083,,21.728645,17.719522
2428,06/12/2018,21.95899,,0.107208334,,4.3118334,23.715708,,17.965973,21.95899
2428,06/13/2018,17.755594,9.341084,0.1025,,3.7082083,19.176043,,15.450868,17.755594
2428,06/14/2018,34.135242,9.651208,0.105958335,,8.192458,26.311333,,34.135242,24.362345
2428,06/15/2018,27.228298,9.176666,0.095583335,,6.5347915,23.88675,,27.228298,22.117361
2428,06/16/2018,25.649652,9.0668335,0.08891667,,6.1559167,21.768208,,25.649652,20.155748
2428,06/17/2018,28.70191,9.1575,0.10629167,,6.8884583,22.87075,,28.70191,21.17662
2428,06/18/2018,34.12118,8.886875,0.12620834,,8.189083,27.665417,,34.12118,25.616127
2428,06/19/2018,36.367012,10.798458,0.106625,,8.728084,17.647125,,36.367012,16.339931
2428,06/20/2018,45.270485,10.307625,0.11220834,,10.864917,19.772833,,45.270485,18.30818
2428,06/21/2018,27.566145,9.532208,0.09245833,,6.615875,13.691167,,27.566145,12.677006
2428,06/22/2018,26.890278,9.510208,0.10175,,6.4536667,12.594459,,26.890278,11.661535
2428,06/23/2018,27.944271,9.967,0.099,,6.706625,11.68175,,27.944271,10.816435
2428,06/24/2018,45.703472,10.376375,0.09041667,,10.968833,16.959084,,45.703472,15.702855
2428,06/25/2018,34.093575,9.1849165,0.08916666,,8.182458,12.679375,,34.093575,11.740162
2428,06/26/2018,36.403473,10.003458,0.120958336,,8.736834,16.355959,,36.403473,15.144406
2428,06/27/2018,28.049305,9.8115835,0.0955,,6.7318335,14.29775,,28.049305,13.238657
2428,06/28/2018,37.65382,12.099625,0.08783333,,9.036917,15.130625,,37.65382,14.009838
2428,06/29/2018,32.8,9.783208,0.094,,7.872,11.448167,,32.8,10.600154
2428,06/30/2018,31.712326,11.095125,0.09183333,,7.610958,11.064042,,31.712326,10.244483
2428,07/01/2018,52.564022,11.94375,0.108625,,12.843708,19.768959,,52.564022,18.30459
2428,07/02/2018,48.822395,10.087958,0.102916665,,11.717375,19.941584,,48.822395,18.46443
2428,07/03/2018,46.09618,10.202375,0.09770833,,11.063084,19.026709,,46.09618,17.617323
2428,07/04/2018,51.09849,8.82975,0.14779167,,12.146833,21.832458,,51.09849,20.215239
2428,07/05/2018,43.69184,8.988417,0.11908333,,10.486042,21.823708,,43.69184,20.207138
2428,07/06/2018,51.49026,,0.107208334,,12.333125,22.489292,,51.49026,20.823418
2428,07/07/2018,36.922398,9.198709,0.08875,,8.861375,17.700459,,36.922398,16.389313
2428,07/08/2018,29.942188,9.202375,0.08408333,,7.186125,13.136917,,29.942188,12.163812
2428,07/09/2018,31.584028,9.502,0.093125,,7.580167,15.383375,,31.584028,14.243866
2428,07/10/2018,28.292013,8.887083,0.082,,6.7900834,13.033125,,28.292013,12.067708
2428,07/11/2018,32.978645,9.69875,0.093208335,,7.914875,18.446209,,32.978645,17.079823
2428,07/12/2018,39.053646,9.276875,0.082833335,,9.372875,16.17075,,39.053646,14.972917
2428,07/13/2018,33.1217,9.533208,0.07958333,,7.9492083,14.284291,,33.1217,13.226196
2428,07/14/2018,26.759375,9.590792,0.075125,,6.42225,13.226,,26.759375,12.246296
2428,07/15/2018,28.490452,9.570375,0.082875,,6.8377085,10.913792,,28.490452,10.105363
2428,07/16/2018,29.837326,9.777416,0.095458336,,7.1609583,10.552333,,29.837326,9.770679
2428,07/17/2018,20.827257,10.861834,0.09870833,,4.998542,5.9051666,,20.827257,5.4677467
2428,07/18/2018,22.726736,14.785958,0.11191667,10.810208,5.4544168,6.1517916,6.0435834,22.726736,5.6961036
2428,07/19/2018,28.868923,15.318666,0.1,20.90771,6.9285417,7.407417,,28.868923,6.8587193
2428,07/20/2018,17.335417,15.60925,0.087875,,4.1605,4.6314583,3.9875417,17.335417,4.2883873
2428,07/21/2018,19.51875,15.675917,0.10275,,4.6845,4.896875,,19.51875,4.5341434
2428,07/22/2018,18.42118,15.7560835,0.086666666,24.87925,4.4210835,4.707625,,18.42118,4.358912
2428,07/23/2018,25.16736,15.487541,0.119666666,23.38075,6.040167,6.7375,3.9025,25.16736,6.2384257
2428,07/24/2018,40.211807,15.903,0.12620834,19.088375,9.650833,10.664541,,40.211807,9.874576
2428,07/25/2018,28.989063,16.042583,0.13333334,26.270666,6.957375,7.7299166,,28.989063,7.15733
2428,07/26/2018,37.171528,15.057417,0.13433333,17.330791,8.921166,9.654458,,37.171528,8.939313
2428,07/27/2018,47.256943,16.56721,0.13608333,23.056168,11.341666,12.46,,47.256943,11.537037
2428,07/28/2018,35.665974,15.482041,0.122541666,21.310083,8.559834,9.619416,,35.665974,8.906867
2428,07/29/2018,30.664236,15.707583,0.115208335,18.310917,7.3594165,7.8934584,,30.664236,7.308758
2428,07/30/2018,45.02743,15.817792,0.11608333,14.904667,10.806583,12.268958,,45.02743,11.3601465
2428,07/31/2018,51.369953,17.186625,0.1265,,12.275917,13.360458,,51.369953,12.370794
2428,08/01/2018,12.274769,16.032541,0.14341667,13.883083,12.042209,13.25675,,,12.274769
2428,08/02/2018,35.310764,19.179916,0.115875,13.24,8.474584,9.283334,,35.310764,8.595679
2428,08/03/2018,31.251215,15.007625,0.113,,7.500292,8.66125,,31.251215,8.019676
2428,08/04/2018,,,,,,,,,
2428,08/05/2018,,,,,,,,,
2428,08/06/2018,43.26545,18.400042,0.099625,24.970583,10.383708,11.36175,5.4168334,43.26545,10.520139
2428,08/07/2018,41.76493,18.397333,0.121375,17.81025,10.023583,12.343583,6.1049166,41.76493,11.429244
2428,08/08/2018,35.216145,17.923124,0.11333333,17.878834,8.451875,10.709375,4.390875,35.216145,9.916088
2428,08/09/2018,43.71406,16.38325,0.12866667,19.5525,10.491375,13.248417,6.1660833,43.71406,12.267053
2428,08/10/2018,29.561806,16.462957,0.108125,21.232374,7.0948334,9.675292,,29.561806,8.958604
2428,08/11/2018,25.441319,16.96275,0.116958335,19.564125,6.1059165,7.5737915,5.798042,25.441319,7.01277
2428,08/12/2018,31.410938,17.892376,0.12791666,23.301,7.538625,9.206208,5.467583,31.410938,8.524267
2428,08/13/2018,38.317707,17.790543,0.12275,23.791458,9.19625,11.204958,5.8972917,38.317707,10.374962
2428,08/14/2018,43.853474,18.007917,0.12870833,23.281334,10.524834,13.097917,5.4684167,43.853474,12.127701
2428,08/15/2018,56.8864,16.780375,0.13279167,24.697208,14.899042,17.326334,,56.8864,16.042902
2428,08/16/2018,54.704617,16.361126,0.14520833,15.71675,13.861584,15.984875,5.07575,54.704617,14.80081
2428,08/17/2018,46.40538,16.098417,0.14091666,16.68375,11.137292,13.665,8.088333,46.40538,12.652778
2428,08/18/2018,37.67448,16.551332,,21.553041,9.041875,9.80575,5.980375,37.67448,9.079398
2428,08/19/2018,23.218403,16.63525,0.14058334,,5.572417,6.7349167,,23.218403,6.236034
2428,08/20/2018,24.145313,17.792042,0.12829167,13.255834,5.794875,7.0245,6.917625,24.145313,6.5041666
2428,08/21/2018,46.483505,17.09575,0.1465,23.910418,11.156042,13.413959,5.9434166,46.483505,12.420332
2428,08/22/2018,57.693512,16.662167,0.156,18.663958,15.282833,18.376833,,57.693512,17.015587
2428,08/23/2018,62.41423,16.591667,0.15229167,14.679916,17.527584,20.958542,,62.41423,19.406057
2428,08/24/2018,47.849827,16.705917,0.11766667,18.659208,11.483958,13.815792,,47.849827,12.792399
2428,08/25/2018,37.587326,,0.151,,9.020958,10.63775,,37.587326,9.849769
2428,08/26/2018,52.232098,16.464624,0.16420834,17.2945,12.685875,15.678375,3.27275,52.232098,14.517014
2428,08/27/2018,,,,,,,,,
2428,08/28/2018,54.492126,18.26325,,20.0455,13.760542,16.88125,5.99275,54.492126,15.630787
2428,08/29/2018,54.90966,16.298208,0.14916667,22.36946,13.959084,17.406042,,54.90966,16.116705
2428,08/30/2018,76.7852,17.542583,0.18604167,26.175083,24.361126,27.439459,,76.7852,25.406906
2428,08/31/2018,67.06389,16.231459,0.158,20.750668,19.738543,23.649876,,67.06389,21.898033
2428,09/01/2018,45.439064,,0.12683333,,10.905375,13.8155,,45.439064,12.7921295
2428,09/02/2018,40.230556,16.157,0.11479167,21.398417,9.6553335,12.520291,,40.230556,11.592863
2428,09/03/2018,28.17552,16.106,0.108,18.773,6.762125,9.672,4.6204166,28.17552,8.955556
2428,09/04/2018,36.80434,16.834042,0.056083333,21.996084,8.833041,9.859709,,36.80434,9.129359
2428,09/05/2018,32.40764,15.7355,0.004708333,26.644793,7.7778335,10.37475,,32.40764,9.60625
2428,09/06/2018,36.236458,15.671166,0.004791667,17.67229,8.69675,12.017125,,36.236458,11.126967
2428,09/07/2018,20.144444,15.901625,0.0045,17.797417,4.8346667,7.727875,4.5409584,20.144444,7.15544
2428,09/08/2018,33.169098,15.368125,0.004625,22.838333,7.960583,10.658916,,33.169098,9.869368
2428,09/09/2018,40.297745,15.770667,0.004666667,18.976418,9.671458,13.0459585,,40.297745,12.079591
2428,09/10/2018,,,,,,,,,
2428,09/11/2018,33.408855,17.040958,0.004041667,26.622375,8.018125,10.299583,,33.408855,9.536652
2428,09/12/2018,46.749477,16.489,0.004,20.411917,11.219875,14.857708,,46.749477,13.757137
2428,09/13/2018,33.919445,16.2805,0.004083333,28.436583,8.140667,10.093375,,33.919445,9.345717
2428,09/14/2018,22.273611,15.498042,0.004416667,16.105959,5.345667,6.439125,,22.273611,5.962153
2428,09/15/2018,,,,,,,,,
2428,09/16/2018,43.703995,16.18825,0.005083333,19.0925,10.488958,12.727041,2.66075,43.703995,11.784298
2428,09/17/2018,40.67691,15.60675,0.004083333,18.904291,9.762459,12.26425,,40.67691,11.355787
2428,09/18/2018,55.33359,15.6224165,0.004,21.702875,14.160666,16.94596,,55.33359,15.690702
2428,09/19/2018,62.72276,16.594166,0.004583333,18.546,17.674292,20.748959,,62.72276,19.211998
2428,09/20/2018,36.708332,15.320541,0.003833333,16.2765,8.81,11.84075,,36.708332,10.963657
2428,09/21/2018,32.559895,16.4455,0.004375,23.970375,7.814375,9.817792,,32.559895,9.090548
2428,09/22/2018,47.53368,15.702042,0.003958333,19.620167,11.408083,13.302834,,47.53368,12.317438
2428,09/23/2018,54.83439,16.122791,0.004041667,19.864626,13.923291,16.034,,54.83439,14.846296
2428,09/24/2018,62.155388,17.008875,0.003791667,,17.4045,20.207209,,62.155388,18.710379
2428,09/25/2018,61.348007,,0.003208333,,17.020584,19.56,,61.348007,18.11111
2428,09/26/2018,58.457428,,0.00325,,15.646083,18.593,,58.457428,17.21574
2428,09/27/2018,60.89691,15.182208,0.003666667,20.38075,16.806084,19.860792,,60.89691,18.389622
2428,09/28/2018,,,,,,,,,
2428,09/29/2018,74.37384,17.398666,0.00425,,23.2145,28.795542,,74.37384,26.662539
2428,09/30/2018,77.07287,16.046625,0.003958333,,24.497917,30.05875,,77.07287,27.832176
2428,10/01/2018,84.00849,16.206583,0.0045,,27.795876,33.34575,,84.00849,30.875694
2428,10/02/2018,54.844467,15.745083,0.004416667,,13.928083,17.190834,,54.844467,15.9174385
2428,10/03/2018,76.98209,16.151917,0.00425,,24.45475,30.511833,,76.98209,28.251698
2428,10/04/2018,60.175934,15.39825,0.004125,,16.46325,23.0455,,60.175934,21.338427
2428,10/05/2018,75.79477,15.561916,0.004208333,21.4225,23.890167,29.618876,,75.79477,27.424885
2428,10/06/2018,85.81147,16.163416,0.004,22.401709,28.653208,35.07221,,85.81147,32.474266
2428,10/07/2018,,,,,,,,,
2428,10/08/2018,,,,,,,,,
2428,10/09/2018,,,,,,,,,
2428,10/10/2018,,,,,,,,,
2428,10/11/2018,,,,,,,,,
2428,10/12/2018,,,,,,,,,
2428,10/13/2018,,,,,,,,,
2428,10/14/2018,60.348557,15.737416,0.003875,17.831083,16.545334,19.652666,,60.348557,18.196913
2428,10/15/2018,67.05942,16.5405,0.004125,21.340584,19.736416,24.783833,6.6091666,67.05942,22.947994
2428,10/16/2018,56.053608,17.561543,0.0045,32.627625,14.503041,24.996292,,56.053608,23.144714
2428,10/17/2018,60.11556,,0.0045,,16.434542,21.897,,60.11556,20.275
2428,10/18/2018,49.907986,15.0895,0.004125,,11.977917,24.514042,,49.907986,22.698187
2428,10/19/2018,66.8818,15.088917,0.003833333,16.445333,19.651958,32.867207,,66.8818,30.4326
2428,10/20/2018,71.23984,15.474542,0.003875,,21.72425,39.25304,,71.23984,36.34541
2428,10/21/2018,74.18983,15.243292,0.004541667,19.841208,23.127,40.632915,,74.18983,37.62307
2428,10/22/2018,68.53827,15.68225,0.004458333,23.835041,20.439625,38.86854,,68.53827,35.98939
2428,10/23/2018,,,,,,,,,
2428,10/24/2018,84.69469,16.015959,0.00425,23.146,28.122168,36.3085,,84.69469,33.61898
2428,10/25/2018,103.22028,15.809125,0.003791667,,36.401707,47.596043,7.8937917,103.22028,44.070408
2428,10/26/2018,82.82065,15.979959,0.003291667,,27.231041,44.930668,,82.82065,41.60247
2428,10/27/2018,86.92589,,0.003291667,,29.183125,46.406666,,86.92589,42.969135
2428,10/28/2018,84.85522,16.080584,0.00325,23.790543,28.1985,48.01975,,84.85522,44.46273
2428,10/29/2018,84.41034,16.500542,0.003333333,23.910292,27.986958,40.354958,,84.41034,37.365704
2428,10/30/2018,,,,,,,,,
2428,10/31/2018,,,,,,,,,
2428,11/01/2018,,,,,,,,,
2428,11/02/2018,,,,,,,,,
2428,11/03/2018,,,,,,,,,
2428,11/04/2018,,,,,,,,,
2428,11/05/2018,,,,,,,,,
2428,11/06/2018,,,,,,,,,
2428,11/07/2018,,,,,,,,,
2428,11/08/2018,,,,,,,,,
2428,11/09/2018,,,,,,,,,
2428,11/10/2018,,,,,,,,,
2428,11/11/2018,,,,,,,,,
2428,11/12/2018,,,,,,,,,
2428,11/13/2018,,,,,,,,,
2428,11/14/2018,,,,,,,,,
2428,11/15/2018,,,,,,,,,
2428,11/16/2018,,,,,,,,,
2428,11/17/2018,71.05924,16.530125,0.004583333,,21.638374,29.629333,9.1425,71.05924,27.434568
2428,11/18/2018,76.53993,16.44571,0.003958333,,24.2445,33.751415,9.265708,76.53993,31.251312
2428,11/19/2018,89.65637,16.752832,0.003833333,,30.4815,41.26329,13.568417,89.65637,38.206753
2428,11/20/2018,125.46768,17.079584,0.003916667,,45.436874,56.58371,19.192709,125.46768,51.783855
2428,11/21/2018,87.67043,16.729334,0.004125,,29.537167,38.06217,16.251709,87.67043,35.24275
2428,11/22/2018,62.084934,16.16,0.004041667,,17.371,29.653917,14.167459,62.084934,27.45733
2428,11/23/2018,56.132557,16.126167,0.004041667,,14.540584,31.069542,11.428625,56.132557,28.768095
2428,11/24/2018,52.01952,16.241333,0.004291667,,12.584792,33.452835,10.678958,52.01952,30.974846
2428,11/25/2018,58.505886,16.086208,0.003916667,,15.669125,32.11479,11.518958,58.505886,29.735918
2428,11/26/2018,,16.059084,,,,,11.818042,,
2428,11/27/2018,60.89884,15.938875,0.003708333,,16.807,21.7115,10.068292,60.89884,20.103241
2428,11/28/2018,68.90314,15.656792,0.003875,,20.613125,26.378,10.139875,68.90314,24.424074
2428,11/29/2018,57.367107,14.34625,0.003708333,,15.127625,19.504583,9.615417,57.367107,18.0598
2428,11/30/2018,52.1393,13.866667,0.004,,12.64175,17.092916,8.177792,52.1393,15.826775
2428,12/01/2018,57.243294,14.315708,0.003875,,15.06875,19.976334,8.132125,57.243294,18.496605
2428,12/02/2018,44.306946,13.696959,0.004916667,,10.633667,14.844209,,44.306946,13.7446375
2428,12/03/2018,78.350624,14.35325,0.004125,,25.1055,30.366917,10.251917,78.350624,28.117516
2428,12/04/2018,81.55683,14.618584,0.003791667,,26.630083,31.6925,12.103875,81.55683,29.344908
2428,12/05/2018,71.32457,14.373083,0.003875,,21.764542,26.170166,6.9735417,71.32457,24.231636
2428,12/06/2018,61.874634,14.05975,0.003208333,,17.271,22.042458,7.6327915,61.874634,20.409683
2428,12/07/2018,61.343452,13.888,0.003208333,,17.018417,21.970541,,61.343452,20.343094
2428,12/08/2018,61.80436,13.959125,0.00325,,17.237583,22.878834,,61.80436,21.184105
2428,12/09/2018,,,,,,,,,
2428,12/10/2018,78.210335,14.41875,0.003583333,,25.038792,30.95425,8.724958,78.210335,28.661343
2428,12/11/2018,84.73403,15.042084,0.003291667,,28.140875,34.481,,84.73403,31.926851
2428,12/12/2018,70.900375,13.436417,0.003958333,,21.562834,26.775084,8.377167,70.900375,24.791744
2428,12/13/2018,63.35033,13.629583,0.00375,,17.972708,23.341959,,63.35033,21.612925
2428,12/14/2018,34.87969,13.123917,0.003375,,8.371125,14.599459,,34.87969,13.518017
2428,12/15/2018,51.80116,13.248709,0.003791667,,12.480958,17.395082,,51.80116,16.106558
2428,12/16/2018,64.849335,13.679292,0.002916667,,18.6855,23.518457,,64.849335,21.77635
2428,12/17/2018,67.22284,13.773375,0.003875,,19.814125,25.275208,7.1613336,67.22284,23.402971
2428,12/18/2018,56.319813,13.259666,0.003125,,14.629625,20.172125,10.107792,56.319813,18.677893
2428,12/19/2018,62.48109,13.948083,0.003583333,,17.559376,22.74075,10.275208,62.48109,21.05625
2428,12/20/2018,77.32944,,0.003125,,24.619917,31.682959,12.68775,77.32944,29.336073
2428,12/21/2018,79.94321,13.721583,0.003541667,,25.862791,32.062042,,79.94321,29.687077
2428,12/22/2018,70.217255,,0.00425,,21.238,22.434376,,70.217255,20.77257
2428,12/23/2018,84.76163,,0.0035,,28.154,29.631916,20.173916,84.76163,27.43696
2428,12/24/2018,69.76782,14.038333,0.002541667,,21.024292,22.958708,,69.76782,21.258062
2428,12/25/2018,49.87639,13.088417,0.003208333,,11.970333,13.572083,,49.87639,12.566744
2428,12/26/2018,57.512478,12.978042,0.003083333,,15.19675,18.09929,,57.512478,16.758604
2428,12/27/2018,62.52376,17.528126,0.003083333,,17.579666,21.374542,,62.52376,19.791243
2428,12/28/2018,75.5517,13.479709,0.002958333,,23.774584,27.269875,11.316958,75.5517,25.249884
2428,12/29/2018,29.280382,12.047334,0.003375,,7.027292,8.774792,7.064375,29.280382,8.124807
2428,12/30/2018,46.50955,12.3619585,0.003125,,11.162292,13.566916,5.3479166,46.50955,12.56196
2428,12/31/2018,59.96362,13.273875,0.003708333,,16.362291,18.112875,6.9508333,59.96362,16.771181
2428,01/01/2019,52.703434,14.244,0.004,10.106,12.91,14.259,12.654,52.703434,13.202778
2428,01/02/2019,29.2125,13.515,0.004,14.838,7.011,8.906,8.444,29.2125,8.246296
2428,01/03/2019,57.599228,13.231,0.004,16.515,15.238,18.531,7.619,57.599228,17.158333
2428,01/04/2019,24.0,12.935,0.003,11.089,5.76,8.44,8.881,24.0,7.814815
2428,01/05/2019,53.189228,12.71,0.004,9.839,13.141,16.734,8.904,53.189228,15.494445
2428,01/06/2019,62.692703,13.351,0.004,16.915,17.66,21.219,8.004,62.692703,19.647223
2428,01/07/2019,48.716667,13.463,0.003,9.143,11.692,15.095,9.615,48.716667,13.976851
2428,01/08/2019,52.514164,12.817,0.004,11.408,12.82,16.949,13.163,52.514164,15.693519
2428,01/09/2019,62.18588,12.873,0.003,10.402,17.419,21.49,11.352,62.18588,19.898148
2428,01/10/2019,63.990257,12.875,0.003,11.445,18.277,22.316,12.356,63.990257,20.662964
2428,01/11/2019,65.56541,13.033,0.003,14.938,19.026,24.238,11.39,65.56541,22.442593
2428,01/12/2019,82.82476,13.931,0.003,9.774,27.233,33.813,12.021,82.82476,31.308332
2428,01/13/2019,64.19425,13.996,0.004,12.593,18.374,22.944,10.203,64.19425,21.244444
2428,01/14/2019,47.241665,12.436,0.004,10.529,11.338,15.285,11.08,47.241665,14.152778
2428,01/15/2019,49.7125,13.228,0.004,14.343,11.931,15.968,12.767,49.7125,14.785185
2428,01/16/2019,53.063046,13.613,0.004,11.469,13.081,17.609,9.657,53.063046,16.30463
2428,01/17/2019,68.59163,14.257,0.004,14.807,20.465,24.086,14.788,68.59163,22.301851
2428,01/18/2019,44.1875,13.796,0.004,12.977,10.605,14.754,12.441,44.1875,13.661111
2428,01/19/2019,51.555195,13.626,0.004,10.174,12.364,16.677,10.315,51.555195,15.441667
2428,01/20/2019,61.323647,13.337,0.004,10.683,17.009,21.188,8.788,61.323647,19.618519
2428,01/21/2019,55.954678,11.613,0.006,20.313,14.456,18.219,21.039,55.954678,16.869444
2428,01/22/2019,71.13627,10.338,0.004,19.779,21.675,25.903,38.979,71.13627,23.984259
2428,01/23/2019,68.446526,11.201,0.005,21.009,20.396,26.098,41.324,68.446526,24.164814
2428,01/24/2019,62.171158,9.394,0.004,20.869,17.412,22.614,36.273,62.171158,20.938889
2428,01/25/2019,52.150345,9.041,0.004,20.709,12.647,17.032,30.025,52.150345,15.7703705
2428,01/26/2019,49.3625,9.174,0.004,19.717,11.847,15.932,32.051,49.3625,14.751852
2428,01/27/2019,33.841667,8.787,0.005,22.381,8.122,11.106,27.776,33.841667,10.283334
2428,01/28/2019,42.570835,8.631,0.003,21.39,10.217,14.145,25.807,42.570835,13.097222
2428,01/29/2019,35.15,7.878,0.003,20.641,8.436,13.111,33.107,35.15,12.139814
2428,01/30/2019,75.48738,8.709,0.004,22.235,23.744,29.568,35.085,75.48738,27.377777
2428,01/31/2019,77.17189,9.488,0.004,18.722,24.545,30.092,38.563,77.17189,27.862963
2428,02/01/2019,38.083332,8.576,0.004,19.623,9.14,13.195,38.551,38.083332,12.217592
2428,02/02/2019,53.418453,8.24,0.004,19.801,13.25,18.834,38.123,53.418453,17.438889
2428,02/03/2019,66.00704,9.139,0.004,20.396,19.236,24.223,28.581,66.00704,22.428703
2428,02/04/2019,52.697124,8.762,0.004,19.744,12.907,17.475,36.805,52.697124,16.180555
2428,02/05/2019,53.973648,8.895,0.004,19.317,13.514,18.299,35.323,53.973648,16.943518
2428,02/06/2019,58.77691,9.037,0.005,18.672,15.798,22.052,32.553,58.77691,20.418518
2428,02/07/2019,62.768414,9.578,0.005,20.084,17.696,23.7,33.394,62.768414,21.944445
2428,02/08/2019,65.04386,9.151,0.004,18.503,18.778,24.074,32.779,65.04386,22.290741
2428,02/09/2019,67.55695,9.636,0.004,18.461,19.973,26.563,33.855,67.55695,24.595371
2428,02/10/2019,60.00927,9.264,0.005,17.522,16.384,20.825,24.633,60.00927,19.282408
2428,02/11/2019,40.420834,9.52,0.005,17.898,9.701,15.024,25.62,40.420834,13.911111
2428,02/12/2019,38.691666,9.714,0.005,19.059,9.286,14.371,31.258,38.691666,13.306481
2428,02/13/2019,67.02068,9.865,0.005,19.855,19.718,25.345,32.628,67.02068,23.467592
2428,02/14/2019,44.8125,9.827,0.004,19.678,10.755,15.943,35.155,44.8125,14.762037
2428,02/15/2019,52.499443,9.737,0.004,20.015,12.813,18.403,41.925,52.499443,17.039814
2428,02/16/2019,78.10142,9.692,0.004,19.886,24.987,29.642,28.642,78.10142,27.446297
2428,02/17/2019,54.642403,9.351,0.005,19.606,13.832,19.312,31.448,54.642403,17.881481
2428,02/18/2019,45.266666,8.945,0.004,17.595,10.864,16.144,29.621,45.266666,14.948148
2428,02/19/2019,55.94206,9.395,0.004,18.918,14.45,20.405,34.004,55.94206,18.893518
2428,02/20/2019,53.44159,9.753,0.004,18.51,13.261,18.335,30.858,53.44159,16.976852
2428,02/21/2019,70.637856,9.214,0.003,19.487,21.438,28.016,43.091,70.637856,25.94074
2428,02/22/2019,85.36309,9.704,0.004,21.455,28.44,34.495,29.835,85.36309,31.939816
2428,02/23/2019,64.25103,9.485,0.004,18.895,18.401,23.655,33.001,64.25103,21.902779
2428,02/24/2019,75.75026,9.379,0.003,21.424,23.869,29.061,28.634,75.75026,26.908333
2428,02/25/2019,74.927986,9.885,0.003,20.768,23.478,29.192,29.51,74.927986,27.029629
2428,02/26/2019,61.523434,9.295,0.003,18.703,17.104,22.271,34.51,61.523434,20.621296
2428,02/27/2019,48.158333,9.243,0.003,18.526,11.558,17.038,28.849,48.158333,15.775926
2428,02/28/2019,59.525578,8.476,0.004,19.948,16.154,21.222,25.441,59.525578,19.65
2428,03/01/2019,57.004078,9.724,0.004,19.79,14.955,24.193,27.736,57.004078,22.400927
2428,03/02/2019,176.07933,10.107,0.013,19.545,104.072,121.363,41.787,176.07933,83.84634
2428,03/03/2019,104.442314,9.939,0.004,20.703,36.898,54.975,20.274,104.442314,
2428,03/04/2019,77.48944,9.472,0.004,20.586,24.696,38.038,30.709,77.48944,35.22037
2428,03/05/2019,37.041668,8.651,0.004,17.784,8.89,31.712,29.207,37.041668,29.362963
2428,03/06/2019,68.5706,9.329,0.004,18.103,20.455,30.649,29.781,68.5706,28.378704
2428,03/07/2019,55.07352,8.598,0.004,18.06,14.037,24.776,27.854,55.07352,22.94074
2428,03/08/2019,48.716667,8.4,0.004,18.756,11.692,22.304,30.622,48.716667,20.651852
2428,03/09/2019,68.837685,9.701,0.003,19.002,20.582,31.109,33.673,68.837685,28.80463
2428,03/10/2019,81.79429,10.857,0.004,20.736,26.743,48.218,25.312,81.79429,44.646297
2428,03/11/2019,68.42129,10.364,0.004,20.829,20.384,33.538,23.12,68.42129,31.053703
2428,03/12/2019,73.35704,9.296,0.004,20.079,22.731,42.491,26.347,73.35704,39.343517
2428,03/13/2019,72.42541,8.743,0.004,20.279,22.288,41.845,31.912,72.42541,38.74537
2428,03/14/2019,67.56116,9.887,0.004,21.488,19.975,22.525,23.878,67.56116,20.856482
2428,03/15/2019,65.61378,8.941,0.005,22.605,19.049,24.814,24.296,65.61378,22.975925
2428,03/16/2019,29.795834,8.678,0.005,18.888,7.151,16.687,34.945,29.795834,15.450926
2428,03/17/2019,57.66442,8.547,0.004,17.907,15.269,23.271,32.22,57.66442,21.547222
2428,03/18/2019,52.047295,7.88,0.004,17.804,12.598,23.215,32.944,52.047295,21.49537
2428,03/19/2019,55.853733,7.718,0.004,16.424,14.408,24.255,32.09,55.853733,22.458334
2428,03/20/2019,57.304806,8.07,0.004,16.01,15.098,28.255,33.56,57.304806,26.162037
2428,03/21/2019,60.791588,8.571,0.004,18.36,16.756,28.618,24.72,60.791588,26.498148
2428,03/22/2019,60.249012,7.918,0.005,18.907,16.498,29.437,26.538,60.249012,27.256481
2428,03/23/2019,69.77352,8.154,0.005,21.894,21.027,29.183,33.077,69.77352,27.021296
2428,03/24/2019,45.666668,7.122,0.005,17.244,10.96,20.233,30.315,45.666668,18.734259
2428,03/25/2019,63.77575,8.262,0.004,17.32,18.175,25.819,36.22,63.77575,23.90648
2428,03/26/2019,52.276524,7.04,0.005,17.03,12.707,20.932,32.22,52.276524,19.381481
2428,03/27/2019,49.5375,7.723,0.005,17.616,11.889,21.744,31.847,49.5375,20.133333
2428,03/28/2019,64.25734,7.43,0.005,18.561,18.404,30.053,23.244,64.25734,27.826853
2428,03/29/2019,66.38348,7.908,0.005,19.48,19.415,34.858,24.465,66.38348,32.275925
2428,03/30/2019,69.723045,8.736,0.005,19.835,21.003,36.176,28.814,69.723045,33.496296
2428,03/31/2019,51.862232,7.006,0.005,17.839,12.51,27.798,28.047,51.862232,25.73889
2428,04/01/2019,49.875,6.406,0.005,15.956,11.97,30.3,24.167,49.875,28.055555
2428,04/02/2019,47.141666,6.756,0.005,17.801,11.314,27.219,23.222,47.141666,25.202778
2428,04/03/2019,76.33489,9.348,0.004,19.955,24.147,32.358,23.745,76.33489,29.961111
2428,04/04/2019,73.4012,11.611,,20.047,22.752,23.609,24.553,73.4012,21.860186
2428,04/05/2019,92.27356,11.551,,19.37,31.726,31.903,21.641,92.27356,29.539814
2428,04/06/2019,55.721245,10.774,,18.443,14.345,16.418,22.932,55.721245,15.201852
2428,04/07/2019,41.958332,12.505,,19.354,10.07,11.151,24.284,41.958332,10.325
2428,04/08/2019,34.095833,10.138,,18.38,8.183,7.044,27.432,34.095833,6.522222
2428,04/09/2019,45.320835,10.596,,16.781,10.877,13.589,26.978,45.320835,12.582407
2428,04/10/2019,56.751717,11.911,,17.42,14.835,17.846,29.125,56.751717,16.524075
2428,04/11/2019,58.156525,11.292,,18.469,15.503,19.714,23.477,58.156525,18.253704
2428,04/12/2019,48.708332,12.238,,17.345,11.69,11.666,30.649,48.708332,10.801852
2428,04/13/2019,46.3375,12.575,,15.019,11.121,17.177,27.845,46.3375,15.90463
2428,04/14/2019,48.570835,12.522,,17.298,11.657,16.735,18.842,48.570835,15.49537
2428,04/15/2019,54.310127,12.093,,15.764,13.674,20.33,29.584,54.310127,18.824074
2428,04/16/2019,65.048065,13.97,,20.672,18.78,28.855,23.923,65.048065,26.717592
2428,04/17/2019,61.941933,13.006,,17.287,17.303,26.098,23.97,61.941933,24.164814
2428,04/18/2019,58.926224,11.949,,11.746,15.869,23.923,39.302,58.926224,22.150927
2428,04/19/2019,53.37429,11.664,,19.795,13.229,25.867,12.157,53.37429,23.950926
2428,04/20/2019,67.38871,9.649,,18.113,19.893,31.287,23.884,67.38871,28.969444
2428,04/21/2019,53.468925,7.685,,17.395,13.274,19.913,22.596,53.468925,18.437963
2428,04/22/2019,68.0785,7.548,,14.503,20.221,32.846,30.23,68.0785,30.412964
2428,04/23/2019,32.045834,7.276,,14.852,7.691,17.238,21.467,32.045834,15.961111
2428,04/24/2019,36.604168,7.29,,14.567,8.785,16.695,23.178,36.604168,15.458333
2428,04/25/2019,23.604166,8.658,,14.51,5.665,11.629,20.546,23.604166,10.767592
2428,04/26/2019,48.291668,12.243,,16.494,11.59,21.153,25.703,48.291668,19.586111
2428,04/27/2019,37.225,11.484,,15.444,8.934,18.054,24.826,37.225,16.716667
2428,04/28/2019,52.495235,12.039,,17.28,12.811,22.659,21.098,52.495235,20.980556
2428,04/29/2019,34.983334,12.021,,16.754,8.396,14.626,21.398,34.983334,13.542593
2428,04/30/2019,49.579166,12.404,,17.101,11.899,17.832,21.782,49.579166,16.51111
2428,05/01/2019,57.548756,12.649,,17.032,15.214,20.893,21.902,57.548756,19.345371
2428,05/02/2019,61.7106,12.005,,17.411,17.193,29.085,15.949,61.7106,26.930555
2428,05/03/2019,56.511974,12.395,,15.269,14.721,23.897,22.767,56.511974,22.126852
2428,05/04/2019,71.7209,13.796,,16.527,21.953,33.006,26.677,71.7209,30.561111
2428,05/05/2019,54.019913,12.388,,16.863,13.536,21.977,21.875,54.019913,20.349073
2428,05/06/2019,51.998928,13.221,,13.485,12.575,20.147,32.855,51.998928,18.654629
2428,05/07/2019,38.125,13.613,,14.957,9.15,13.486,32.202,38.125,12.487037
2428,05/08/2019,38.3,14.264,,18.364,9.192,14.76,26.502,38.3,13.666667
2428,05/09/2019,24.1125,14.32,,19.874,5.787,7.975,22.237,24.1125,7.384259
2428,05/10/2019,27.05,13.786,,18.08,6.492,9.82,19.606,27.05,9.092592
2428,05/11/2019,26.995832,13.987,,15.582,6.479,12.864,27.257,26.995832,11.911111
2428,05/12/2019,23.704166,13.339,,18.466,5.689,11.12,22.766,23.704166,10.296296
2428,05/13/2019,21.7375,13.554,,16.679,5.217,10.276,23.355,21.7375,9.514814
2428,05/14/2019,53.44369,14.419,,17.858,13.262,24.715,22.14,53.44369,22.88426
2428,05/15/2019,74.00687,14.115,,16.485,23.04,38.679,31.705,74.00687,35.81389
2428,05/16/2019,49.929165,13.334,,16.112,11.983,21.53,20.442,49.929165,19.935184
2428,05/17/2019,44.616665,12.106,,15.217,10.708,16.777,11.876,44.616665,15.534259
2428,05/18/2019,57.571888,14.634,,14.682,15.225,23.499,16.173,57.571888,21.758333
2428,05/19/2019,53.19764,14.069,,14.671,13.145,22.096,17.18,53.19764,20.459259
2428,05/20/2019,63.805195,13.481,,13.755,18.189,27.921,16.218,63.805195,25.852777
2428,05/21/2019,55.216522,12.125,,14.387,14.105,21.29,17.229,55.216522,19.712963
2428,05/22/2019,41.608334,12.304,,15.122,9.986,17.723,18.497,41.608334,16.410185
2428,05/23/2019,56.286953,12.351,,16.922,14.614,23.597,17.757,56.286953,21.849073
2428,05/24/2019,53.93369,12.173,,15.967,13.495,21.563,22.566,53.93369,19.96574
2428,05/25/2019,35.279167,12.101,,16.369,8.467,12.61,25.581,35.279167,11.675926
2428,05/26/2019,31.691668,14.177,,19.884,7.606,8.991,28.628,31.691668,8.325
2428,05/27/2019,25.641666,13.293,,20.637,6.154,9.404,20.021,25.641666,8.707407
2428,05/28/2019,32.245834,13.785,,23.513,7.739,12.232,22.106,32.245834,11.325926
2428,05/29/2019,45.5375,12.514,,16.699,10.929,16.109,29.3,45.5375,14.915741
2428,05/30/2019,45.425,13.204,,16.08,10.902,17.338,21.406,45.425,16.053703
2428,05/31/2019,24.429167,12.392,,15.347,5.863,9.142,19.653,24.429167,8.464815
2428,06/01/2019,14.720834,12.231,,13.546,3.533,6.326,22.219,14.720834,5.8574076
2428,06/02/2019,25.883333,12.374,,13.333,6.212,9.807,21.493,25.883333,9.080556
2428,06/03/2019,30.945833,13.184,,18.106,7.427,11.891,24.36,30.945833,11.010185
2428,06/04/2019,31.4125,11.902,,13.86,7.539,12.749,28.261,31.4125,11.804629
2428,06/05/2019,24.083334,13.202,,16.602,5.78,10.878,24.435,24.083334,10.072222
2428,06/06/2019,19.65,11.81,,14.135,4.716,9.338,21.626,19.65,8.6462965
2428,06/07/2019,66.110085,11.733,,14.963,19.285,34.385,18.101,66.110085,31.837963
2428,06/08/2019,61.561287,12.415,,15.442,17.122,24.703,20.089,61.561287,22.873148
2428,06/09/2019,45.466667,14.91,,20.47,10.912,11.92,15.805,45.466667,11.037037
2428,06/10/2019,73.91223,13.163,,16.738,22.995,26.243,23.312,73.91223,24.299074
2428,06/11/2019,16.783333,13.848,,18.151,4.028,7.864,19.549,16.783333,7.2814813
2428,06/12/2019,31.875,13.222,,14.477,7.65,11.344,21.759,31.875,10.503704
2428,06/13/2019,32.0375,12.822,,15.008,7.689,11.605,16.23,32.0375,10.74537
2428,06/14/2019,32.395832,12.393,,14.683,7.775,11.367,22.278,32.395832,10.525
2428,06/15/2019,26.695833,12.282,,14.515,6.407,10.396,23.272,26.695833,9.625926
2428,06/16/2019,30.958334,12.228,,14.873,7.43,11.848,19.569,30.958334,10.97037
2428,06/17/2019,32.25,12.288,,15.892,7.74,13.749,20.233,32.25,12.730556
2428,06/18/2019,30.95,11.761,,14.566,7.428,11.444,19.754,30.95,10.596296
2428,06/19/2019,44.083332,12.011,,15.596,10.58,15.285,23.335,44.083332,14.152778
2428,06/20/2019,44.079166,14.003,,16.81,10.579,14.678,18.589,44.079166,13.590741
2428,06/21/2019,59.153347,16.489,,18.85,15.977,20.833,21.93,59.153347,19.289814
2428,06/22/2019,51.86854,13.513,,16.576,12.513,17.156,21.851,51.86854,15.885185
2428,06/23/2019,45.370834,14.515,,17.348,10.889,19.346,19.074,45.370834,17.912964
2428,06/24/2019,68.32665,13.711,,15.865,20.339,32.998,20.171,68.32665,30.553703
2428,06/25/2019,102.86397,14.828,,15.966,36.257,48.353,19.06,102.86397,44.771297
2428,06/26/2019,62.47399,13.584,,16.606,17.556,21.681,19.417,62.47399,20.075
2428,06/27/2019,18.683332,13.613,,16.02,4.484,5.345,23.643,18.683332,4.9490743
2428,06/28/2019,44.983334,14.46,,16.955,10.796,11.626,21.508,44.983334,10.764814
2428,06/29/2019,54.926308,13.075,,13.95,13.967,14.864,16.692,54.926308,13.762963
2428,06/30/2019,51.74236,13.71,,14.19,12.453,14.555,17.136,51.74236,13.476851
2428,07/01/2019,37.254166,10.558,,13.996,8.941,13.903,18.446,37.254166,12.873148
2428,07/02/2019,51.21661,11.258,,12.913,12.203,17.18,24.328,51.21661,15.907408
2428,07/03/2019,82.553474,11.22,,16.318,27.104,35.837,22.636,82.553474,33.182407
2428,07/04/2019,85.83206,13.187,,15.274,28.663,49.526,21.75,85.83206,45.857407
2428,07/05/2019,90.24206,14.277,,13.97,30.76,50.936,19.928,90.24206,47.162964
2428,07/06/2019,71.060555,12.715,,11.034,21.639,34.958,26.039,71.060555,32.36852
2428,07/07/2019,75.87854,12.916,,10.964,23.93,43.7,17.153,75.87854,40.462963
2428,07/08/2019,75.87854,14.625,,13.974,23.93,43.7,18.361,75.87854,40.462963
2428,07/09/2019,75.87854,13.623,,10.356,23.93,43.7,19.855,75.87854,40.462963
2428,07/10/2019,60.8694,13.256,,11.544,16.793,30.095,21.42,60.8694,27.86574
2428,07/11/2019,41.758335,12.538,,11.331,10.022,7.553,21.462,41.758335,6.9935184
2428,07/12/2019,65.725235,12.243,,12.502,19.102,19.641,20.992,65.725235,18.186111
2428,07/13/2019,63.68322,13.317,,12.985,18.131,32.084,15.498,63.68322,29.707407
2428,07/14/2019,64.52442,14.749,,13.21,18.531,13.455,13.63,64.52442,12.458333
2428,07/15/2019,61.42459,13.328,,11.672,17.057,18.513,20.352,61.42459,17.141666
2428,07/16/2019,39.35,13.819,,8.669,9.444,18.637,15.288,39.35,17.256481
2428,07/17/2019,28.420834,13.151,,8.983,6.821,12.437,14.228,28.420834,11.51574
2428,07/18/2019,30.779167,12.44,,10.435,7.387,11.512,18.89,30.779167,10.659259
2428,07/19/2019,43.304165,12.143,,10.619,10.393,15.471,19.172,43.304165,14.325
2428,07/20/2019,29.708334,12.48,,11.323,7.13,10.847,14.038,29.708334,10.043518
2428,07/21/2019,42.379166,12.724,,8.732,10.171,15.813,17.628,42.379166,14.641666
2428,07/22/2019,36.354168,12.105,,10.41,8.725,26.789,17.508,36.354168,24.80463
2428,07/23/2019,30.0875,11.919,,10.664,7.221,21.038,13.195,30.0875,19.47963
2428,07/24/2019,53.103004,11.842,,11.305,13.1,36.88,16.095,53.103004,34.148148
2428,07/25/2019,69.668365,11.01,,13.291,20.977,28.293,21.583,69.668365,26.197222
2428,07/26/2019,67.76305,12.712,,13.776,20.071,27.495,29.417,67.76305,25.458334
2428,07/27/2019,68.25515,12.846,,17.228,20.305,27.712,28.257,68.25515,25.65926
2428,07/28/2019,40.941666,12.172,,19.428,9.826,14.075,20.552,40.941666,13.032408
2428,07/29/2019,27.0125,11.523,,15.77,6.483,10.317,26.895,27.0125,9.552778
2428,07/30/2019,34.991665,11.033,,16.525,8.398,12.045,26.374,34.991665,11.152778
2428,07/31/2019,42.108334,11.184,,15.956,10.106,15.159,30.723,42.108334,14.036111
2428,08/01/2019,53.229183,11.804,,14.793,13.16,20.408,33.0,53.229183,18.896296
2428,08/02/2019,39.679165,12.255,,16.016,9.523,14.74,23.341,39.679165,13.648149
2428,08/03/2019,41.8625,12.146,,15.484,10.047,15.036,27.695,41.8625,13.922222
2428,08/04/2019,32.833332,11.252,,17.6,7.88,12.103,21.751,32.833332,11.206482
2428,08/05/2019,48.85,13.01,,17.353,11.724,17.684,31.391,48.85,16.374075
2428,08/06/2019,47.045834,11.356,,17.925,11.291,15.72,24.052,47.045834,14.555555
2428,08/07/2019,49.095833,10.95,,15.644,11.783,17.008,26.973,49.095833,15.748148
2428,08/08/2019,30.741667,11.25,,14.525,7.378,11.68,22.201,30.741667,10.814815
2428,08/09/2019,29.341667,12.226,,15.659,7.042,10.86,26.779,29.341667,10.055555
2428,08/10/2019,8.108334,11.504,,13.878,1.946,3.422,22.728,8.108334,3.1685185
2428,08/11/2019,36.891666,11.244,,16.417,8.854,7.488,13.176,36.891666,6.9333334
2428,08/12/2019,71.14889,10.873,,14.572,21.681,29.282,14.088,71.14889,27.112963
2428,08/13/2019,80.324295,10.618,,14.4,26.044,32.935,18.263,80.324295,30.49537
2428,08/14/2019,74.5894,11.022,,12.073,23.317,28.848,22.155,74.5894,26.711111
2428,08/15/2019,85.9982,10.587,,15.93,28.742,32.212,20.437,85.9982,29.825926
2428,08/16/2019,86.25897,10.01,,15.143,28.866,36.28,19.765,86.25897,33.592594
2428,08/17/2019,77.876396,12.325,,15.647,24.88,31.733,17.023,77.876396,29.382408
2428,08/18/2019,62.959785,11.321,,15.798,17.787,22.056,18.184,62.959785,20.422222
2428,08/19/2019,30.0,18.418,,26.807,7.2,8.483,50.731,30.0,7.8546295
2428,08/20/2019,51.483692,11.81,,14.883,12.33,15.924,22.753,51.483692,14.744445
2428,08/21/2019,66.261505,13.228,,18.118,19.357,25.08,19.785,66.261505,23.222221
2428,08/22/2019,52.646652,13.948,,16.521,12.883,16.995,17.087,52.646652,15.736111
2428,08/23/2019,18.291666,11.878,,16.413,4.39,6.59,10.524,18.291666,6.101852
2428,08/24/2019,18.291666,13.639,,17.96,4.39,6.59,26.714,18.291666,6.101852
2428,08/25/2019,18.291666,11.659,,20.333,4.39,6.59,19.187,18.291666,6.101852
2428,08/26/2019,18.291666,12.715,,19.308,4.39,6.59,18.125,18.291666,6.101852
2428,08/27/2019,18.291666,11.557,,15.186,4.39,6.59,25.68,18.291666,6.101852
2428,08/28/2019,12.166667,11.109,,15.682,2.92,3.951,23.34,12.166667,3.6583333
2428,08/29/2019,,10.885,,17.69,,,26.707,,
2428,08/30/2019,,11.552,,17.776,,,16.393,,
2428,08/31/2019,,10.534,,15.847,,,12.435,,
2428,09/01/2019,5.25,11.586,,18.014,1.26,1.344,19.878,5.25,1.2444445
2428,09/02/2019,55.84322,11.042,,15.119,14.403,18.799,22.562,55.84322,17.40648
2428,09/03/2019,30.208334,10.469,,16.039,7.25,12.46,21.383,30.208334,11.537037
2428,09/04/2019,10.604167,12.645,,14.515,2.545,6.37,25.595,10.604167,5.898148
2428,09/05/2019,,,,,,,,,
2428,09/06/2019,,,,,,,,,
2428,09/07/2019,,,,,,,,,
2428,09/08/2019,,,,,,,,,
2428,09/09/2019,,,,,,,,,
2428,09/10/2019,,,,,,,,,
2428,09/11/2019,,,,,,,,,
2428,09/12/2019,,,,,,,,,
2428,09/13/2019,,,,,,,,,
2428,09/14/2019,36.629166,12.193,,13.926,8.791,5.639,31.417,36.629166,5.2212963
2428,09/15/2019,38.1375,13.953,,14.47,9.153,10.32,31.752,38.1375,9.555555
2428,09/16/2019,36.3125,13.285,,10.072,8.715,9.652,33.503,36.3125,8.937037
2428,09/17/2019,31.5875,13.546,,9.405,7.581,8.962,30.756,31.5875,8.298148
2428,09/18/2019,93.03065,14.092,,11.079,32.086,34.851,33.227,93.03065,32.269444
2428,09/19/2019,55.57193,15.096,,14.027,14.274,15.758,30.844,55.57193,14.590741
2428,09/20/2019,37.891666,15.471,,12.647,9.094,10.629,22.054,37.891666,9.841666
2428,09/21/2019,93.24305,14.075,,14.793,32.187,35.58,27.5,93.24305,32.944443
2428,09/22/2019,122.328545,14.658,,13.699,44.162,48.925,29.756,122.328545,45.300926
2428,09/23/2019,128.17653,13.598,,11.301,46.537,53.396,34.905,128.17653,49.440742
2428,09/24/2019,94.97803,13.616,,12.668,33.012,38.004,34.015,94.97803,35.18889
2428,09/25/2019,54.764378,12.646,,11.735,13.89,16.696,32.39,54.764378,15.459259
2428,09/26/2019,63.708454,12.943,,18.101,18.143,20.091,31.606,63.708454,18.602777
2428,09/27/2019,99.11463,11.065,,13.43,34.979,37.344,35.298,99.11463,34.577778
2428,09/28/2019,54.013607,11.616,,13.172,13.533,14.949,32.742,54.013607,13.841666
2428,09/29/2019,70.40232,12.236,,11.811,21.326,23.281,30.127,70.40232,21.556482
2428,09/30/2019,56.940987,11.665,,11.031,14.925,15.925,29.864,56.940987,14.74537
2428,10/01/2019,70.09107,11.586,,18.014,21.178,22.588,19.878,70.09107,20.914814
2428,10/02/2019,62.29734,11.042,,15.119,17.472,18.691,22.562,62.29734,17.306482
2428,10/03/2019,65.493904,10.469,,16.039,18.992,19.716,21.383,65.493904,18.255556
2428,10/04/2019,49.854168,12.645,,14.515,11.965,12.77,25.595,49.854168,11.824074
2428,10/05/2019,86.21271,,,,28.844,30.026,,86.21271,27.801851
2428,10/06/2019,86.7721,,,,29.11,30.503,,86.7721,28.243519
2428,10/07/2019,71.91017,,,,22.043,22.599,,71.91017,20.925
2428,10/08/2019,62.406696,,,,17.524,18.387,,62.406696,17.025
2428,10/09/2019,64.9303,,,,18.724,20.508,,64.9303,18.98889
2428,10/10/2019,77.55884,,,,24.729,26.167,,77.55884,24.228704
2428,10/11/2019,95.772964,,,,33.39,34.764,,95.772964,32.18889
2428,10/12/2019,83.34421,,,,27.48,28.78,,83.34421,26.648148
2428,10/13/2019,81.966736,,,,26.825,27.931,,81.966736,25.862038
2428,10/14/2019,88.547035,12.193,,13.926,29.954,31.9,31.417,88.547035,29.537037
2428,10/15/2019,88.47554,13.953,,14.47,29.92,30.696,31.752,88.47554,28.422222
2428,10/16/2019,67.517,13.285,,10.072,19.954,21.514,33.503,67.517,19.92037
2428,10/17/2019,49.316666,13.546,,9.405,11.836,11.474,30.756,49.316666,10.624074
2428,10/18/2019,118.77789,14.092,,11.079,42.72,40.167,33.227,118.77789,37.191666
2428,10/19/2019,132.63824,15.096,,14.027,48.349,48.025,30.844,132.63824,44.467594
2428,10/20/2019,120.03859,15.471,,12.647,43.232,46.58,22.054,120.03859,43.12963
2428,10/21/2019,70.98906,14.075,,14.793,21.605,24.302,27.5,70.98906,22.501852
2428,10/22/2019,75.95004,14.658,,13.699,23.964,27.46,29.756,75.95004,25.425926
2428,10/23/2019,77.45159,13.598,,11.301,24.678,28.138,34.905,77.45159,26.053703
2428,10/24/2019,69.28773,13.616,,12.668,20.796,23.436,34.015,69.28773,21.7
2428,10/25/2019,72.73455,12.646,,11.735,22.435,25.542,32.39,72.73455,23.65
2428,10/26/2019,72.90279,12.943,,18.101,22.515,24.872,31.606,72.90279,23.029629
2428,10/27/2019,98.25871,11.065,,13.43,34.572,39.094,35.298,98.25871,36.198147
2428,10/28/2019,85.745834,11.616,,13.172,28.622,31.822,32.742,85.745834,29.464815
2428,10/29/2019,,12.236,,11.811,,,30.127,,
2428,10/30/2019,,11.665,,11.031,,,29.864,,
2428,10/31/2019,,,,,,,,,
2428,11/01/2019,,,,,,,,,
2428,11/02/2019,,,,,,,,,
2428,11/03/2019,,,,,,,,,
2428,11/04/2019,,,,,,,,,
2428,11/05/2019,,,,,,,,,
2428,11/06/2019,,,,,,,,,
2428,11/07/2019,,,,,,,,,
2428,11/08/2019,,,,,,,,,
2428,11/09/2019,,,,,,,,,
2428,11/10/2019,,,,,,,,,
2428,11/11/2019,,,,,,,,,
2428,11/12/2019,,,,,,,,,
2428,11/13/2019,92.807724,12.553,,16.827,31.98,48.1,32.677,92.807724,44.537037
2428,11/14/2019,99.05575,14.022,,12.483,34.951,50.586,39.824,99.05575,46.83889
2428,11/15/2019,81.90996,12.997,0.01,9.993,26.798,47.279,38.757,81.90996,43.77685
2428,11/16/2019,85.506096,15.325,0.007,11.44,28.508,34.286,35.947,85.506096,31.746296
2428,11/17/2019,63.552834,13.511,0.007,9.669,18.069,21.747,29.63,63.552834,20.13611
2428,11/18/2019,47.766666,13.74,0.002,9.101,11.464,12.729,29.709,47.766666,11.786111
2428,11/19/2019,71.76296,13.604,0.003,11.172,21.973,35.005,36.33,71.76296,32.412037
2428,11/20/2019,58.551888,13.285,0.005,10.752,15.691,27.402,31.152,58.551888,25.372223
2428,11/21/2019,54.01781,13.352,0.006,10.465,13.535,16.768,32.839,54.01781,15.525926
2428,11/22/2019,51.879055,13.662,0.007,11.241,12.518,30.639,38.32,51.879055,28.369444
2428,11/23/2019,58.551888,13.56,0.004,10.819,15.691,18.908,32.759,58.551888,17.507408
2428,11/24/2019,46.695835,13.51,0.007,10.995,11.207,23.403,32.286,46.695835,21.669445
2428,11/25/2019,34.458332,13.445,0.01,8.605,8.27,19.765,38.523,34.458332,18.300926
2428,11/26/2019,24.475,,0.006,,2.259,26.433,,9.4125,24.475
2428,11/27/2019,34.76574,,0.008,,2.641,37.547,,11.004167,34.76574
2428,11/28/2019,30.944445,,,,1.967,33.42,,8.195833,30.944445
2428,11/29/2019,42.512035,,,,2.187,45.913,,9.1125,42.512035
2428,11/30/2019,27.74074,,,,2.513,29.96,,10.470834,27.74074
2428,12/01/2019,27.241667,11.96,0.006,15.876,6.538,17.3,23.045,27.241667,16.018518
2428,12/02/2019,60.324722,12.812,0.005,12.727,16.534,31.161,40.959,60.324722,28.852777
2428,12/03/2019,30.937037,14.179,0.004,10.837,5.284,33.412,49.937,22.016666,30.937037
2428,12/04/2019,17.208334,12.875,0.002,11.629,4.13,5.979,36.242,17.208334,5.536111
2428,12/05/2019,48.45,12.416,0.0,10.356,11.628,13.303,34.339,48.45,12.317593
2428,12/06/2019,45.725,11.801,0.002,6.428,10.974,11.745,32.055,45.725,10.875
2428,12/07/2019,52.871674,11.613,0.006,9.23,12.99,10.905,29.013,52.871674,10.097222
2428,12/08/2019,61.26266,10.98,0.007,12.438,16.98,16.39,37.615,61.26266,15.175926
2428,12/09/2019,53.950516,10.318,0.005,7.958,13.503,11.815,36.486,53.950516,10.939815
2428,12/10/2019,62.799957,10.481,0.005,9.432,17.711,16.604,40.766,62.799957,15.374074
2428,12/11/2019,66.928154,10.956,0.003,7.291,19.674,20.074,40.207,66.928154,18.587036
2428,12/12/2019,70.736694,10.858,0.004,8.63,21.485,23.437,42.78,70.736694,21.700926
2428,12/13/2019,69.04588,11.451,0.004,6.861,20.681,25.513,45.393,69.04588,23.623148
2428,12/14/2019,37.041668,8.773,0.006,,8.89,10.349,51.608,37.041668,9.582407
2428,12/15/2019,9.52963,12.144,0.003,2.691,12.005,10.292,32.533,,9.52963
2428,12/16/2019,39.7375,10.235,0.002,9.151,9.537,10.238,54.399,39.7375,9.4796295
2428,12/17/2019,59.42043,9.529,0.003,0.811,16.104,26.085,49.504,59.42043,24.152779
2428,12/18/2019,54.79382,12.78,0.001,13.033,13.904,25.459,60.663,54.79382,23.573149
2428,12/19/2019,74.76395,11.804,0.002,10.613,23.4,23.509,36.414,74.76395,21.767593
2428,12/20/2019,45.091667,11.536,0.007,6.46,10.822,11.614,37.572,45.091667,10.753704
2428,12/21/2019,61.111244,12.02,0.006,8.464,16.908,15.862,39.97,61.111244,14.687037
2428,12/22/2019,34.195835,12.19,0.004,9.639,8.207,20.906,37.337,34.195835,19.357407
2428,12/23/2019,41.2375,12.135,0.009,4.91,9.897,20.421,57.914,41.2375,18.908333
2428,12/24/2019,106.49095,10.635,0.002,0.628,37.73,19.84,29.853,106.49095,18.37037
2428,12/25/2019,90.97391,12.861,0.007,2.278,31.108,20.86,41.589,90.97391,19.314816
2428,12/26/2019,12.630555,17.63,0.01,,0.73,13.641,41.594,3.0416667,12.630555
2428,12/27/2019,15.9,11.544,0.01,2.019,1.45,17.172,30.01,6.0416665,15.9
2428,12/28/2019,5.9712963,10.896,,10.155,0.612,6.449,26.234,2.55,5.9712963
2428,12/29/2019,11.113889,14.411,,6.633,1.398,12.003,67.27,5.825,11.113889
2428,12/30/2019,18.521296,8.802,0.01,10.86,2.38,20.003,43.671,9.916667,18.521296
2428,12/31/2019,74.86279,14.29,0.01,,23.447,30.171,45.705,74.86279,27.936111
2428,01/01/2020,106.85825,9.7515,0.001666667,7.697,37.87917,39.985832,22.388,106.85825,37.023922
2428,01/02/2020,81.39017,9.275416,0.002083333,6.8309093,26.550835,28.045418,25.79875,81.39017,25.96798
2428,01/03/2020,31.993055,9.542084,0.000416667,6.4326315,7.6783333,8.930417,46.97125,31.993055,8.268905
2428,01/04/2020,54.77078,9.76,0.003913043,5.385909,13.8930435,15.229131,44.41083,54.77078,14.101047
2428,01/05/2020,41.083332,9.167916,0.0,5.7795653,9.86,11.15,39.197083,41.083332,10.324074
2428,01/06/2020,36.61111,10.220834,0.002083333,6.457,8.786667,10.3125,40.314583,36.61111,9.548612
2428,01/07/2020,84.565704,10.390833,0.0075,6.983,28.060833,33.945415,40.409584,84.565704,31.43094
2428,01/08/2020,75.09955,10.643333,0.000416667,6.669,23.559584,27.084583,38.88625,75.09955,25.078318
2428,01/09/2020,62.917023,10.37,0.00625,4.77,17.766666,21.384583,40.320415,62.917023,19.80054
2428,01/10/2020,55.467133,10.29375,0.00125,6.029091,14.224167,15.634167,36.7875,55.467133,14.47608
2428,01/11/2020,54.441917,10.260834,0.000833333,5.3161907,13.736667,15.392083,36.82,54.441917,14.251929
2428,01/12/2020,26.072916,10.775833,0.001666667,3.3725,6.2575,7.3858333,33.652916,26.072916,6.8387346
2428,01/13/2020,31.984375,10.599584,0.00375,4.181,7.67625,8.775833,36.95,31.984375,8.1257715
2428,01/14/2020,53.93632,10.78625,0.00125,5.8140907,13.49625,15.1625,33.957916,53.93632,14.039352
2428,01/15/2020,21.129387,9.747895,0.003333333,4.227222,5.0710526,4.7647367,43.38316,21.129387,4.411793
2428,01/16/2020,56.452038,11.777083,0.00125,6.703,14.6925,16.61375,42.115,56.452038,15.383101
2428,01/17/2020,53.598087,11.6725,0.0025,6.2965,13.335417,15.44125,37.363335,53.598087,14.297454
2428,01/18/2020,40.692707,10.642917,0.002083333,5.9913635,9.76625,11.243333,32.5525,40.692707,10.410494
2428,01/19/2020,57.86806,10.734584,0.000833333,6.002222,15.365833,17.394583,35.88,57.86806,16.106096
2428,01/20/2020,63.665344,10.615833,0.004166667,6.022857,18.1225,16.530416,36.93,63.665344,15.305942
2428,01/21/2020,39.375,10.489166,0.00125,6.369524,9.45,10.860435,35.62,39.375,10.055958
2428,01/22/2020,121.52132,10.389167,0.004166667,6.175909,43.834167,49.067085,43.005417,121.52132,45.432484
2428,01/23/2020,23.257246,10.303043,0.007826087,5.5815,5.5817394,5.7843475,45.936523,23.257246,5.3558774
2428,01/24/2020,63.03795,10.243334,0.006666667,4.0290475,17.824167,20.747917,45.661667,63.03795,19.211035
2428,01/25/2020,35.819443,11.475833,0.000416667,4.5873685,8.596666,9.82,29.915834,35.819443,9.092592
2428,01/26/2020,9.666666,10.858334,0.0,6.374762,2.32,0.37,29.414167,9.666666,0.3425926
2428,01/27/2020,16.47743,10.83125,0.0,5.8336363,3.9545832,2.9908333,34.69625,16.47743,2.7692902
2428,01/28/2020,60.94283,11.422083,0.005416667,6.9975,16.827917,18.442917,37.290833,60.94283,17.076775
2428,01/29/2020,30.305555,10.442083,0.00875,7.9895835,7.2733335,8.807083,27.142084,30.305555,8.154707
2428,01/30/2020,61.254776,10.4975,0.004583333,8.723478,16.97625,19.36,36.63,61.254776,17.925926
2428,01/31/2020,43.564236,10.13,0.004166667,6.57875,10.455417,11.803333,49.329166,43.564236,10.929012
2428,02/01/2020,63.302574,10.0,0.000833333,5.8430433,17.949999,19.256666,41.23083,63.302574,17.830246
2428,02/02/2020,2.234375,9.930416,0.0,6.792174,0.53625,0.7129167,33.803333,2.234375,0.66010803
2428,02/03/2020,61.490486,9.807391,0.007391304,6.9442105,17.088333,18.939167,43.56826,61.490486,17.536266
2428,02/04/2020,73.25066,10.0475,0.00625,7.618421,22.680416,25.79375,43.350834,73.25066,23.883102
2428,02/05/2020,53.222176,11.016666,0.001666667,6.420476,13.156667,15.1525,43.40542,53.222176,14.030092
2428,02/06/2020,46.82986,10.810833,0.00125,6.279524,11.239166,12.810417,37.082916,46.82986,11.861497
2428,02/07/2020,33.338543,10.541667,0.002083333,4.2465,8.00125,9.094167,37.11125,33.338543,8.420525
2428,02/08/2020,4.967014,10.232083,0.005,5.063,1.1920834,1.42125,31.637083,4.967014,1.3159722
2428,02/09/2020,24.25868,9.580833,0.002083333,6.2930436,5.8220835,6.335833,37.34125,24.25868,5.8665123
2428,02/10/2020,51.078632,9.97625,0.002608696,7.8058333,12.137391,13.844783,33.19375,51.078632,12.819243
2428,02/11/2020,89.41751,11.635417,0.001666667,5.3152175,30.367916,28.9825,37.205833,89.41751,26.835648
2428,02/12/2020,98.0223,11.9625,0.000833333,4.6719046,34.459583,34.766666,29.138332,98.0223,32.191357
2428,02/13/2020,75.641075,11.676666,0.000833333,5.3542104,23.817083,26.862083,33.37625,75.641075,24.8723
2428,02/14/2020,54.931705,11.809167,0.001666667,3.4965,13.969565,17.433912,23.989584,54.931705,16.142511
2428,02/15/2020,84.13897,12.574166,0.001666667,5.721875,27.857916,29.977917,24.357082,84.13897,27.75733
2428,02/16/2020,96.50201,12.8825,0.000416667,3.9494736,33.736668,36.9575,29.695,96.50201,34.21991
2428,02/17/2020,97.18198,11.422916,0.0,5.4721055,34.06,37.72,26.15875,97.18198,34.925926
2428,02/18/2020,97.18198,11.707084,0.0,5.960417,34.06,37.72,19.576666,97.18198,34.925926
2428,02/19/2020,98.62516,11.904167,0.0,6.0126314,34.74625,39.99708,31.025,98.62516,37.034336
2428,02/20/2020,106.3545,11.205833,0.000833333,5.148182,37.674583,42.652084,35.832916,106.3545,39.49267
2428,02/21/2020,104.08097,11.442083,0.0075,7.3631577,36.75125,43.208332,28.405834,104.08097,40.007717
2428,02/22/2020,116.98041,11.775,0.01,6.882,41.99,49.93,22.79,116.98041,46.231483
2428,02/23/2020,88.6245,12.0875,0.00875,4.361111,29.990833,35.23,31.95,88.6245,32.62037
2428,02/24/2020,93.58583,11.995417,0.01,2.85625,32.35,35.65,22.00125,93.58583,33.009262
2428,02/25/2020,72.38405,12.460834,0.0025,4.6019998,22.268333,25.59,17.55125,72.38405,23.694445
2428,02/26/2020,26.71007,11.645416,0.000416667,2.8613334,6.4104166,7.5241666,17.151667,26.71007,6.9668207
2428,02/27/2020,38.645832,11.823333,0.0,5.2558823,9.275,10.261666,22.540417,38.645832,9.501543
2428,02/28/2020,48.904514,12.112917,0.0,4.7542105,11.737083,13.549167,23.588749,48.904514,12.545525
2428,02/29/2020,58.79864,12.528749,0.0,5.656,15.808333,18.359167,15.720869,58.79864,16.99923
2428,03/01/2020,58.12305,12.266666,0.0,5.1357894,15.487083,18.14375,19.942083,58.12305,16.799768
2428,03/02/2020,48.369793,11.9075,0.0,5.113,11.60875,13.422084,17.840416,48.369793,12.427855
2428,03/03/2020,63.488342,12.311176,0.00125,5.6584616,18.038334,20.084583,16.502354,63.488342,18.596836
2428,03/04/2020,67.56992,,0.00125,,19.979166,23.223333,,67.56992,21.503086
2428,03/05/2020,59.87468,,0.0,,16.32,18.60625,,59.87468,17.228008
2428,03/06/2020,58.178253,,0.0,,15.513333,18.12375,,58.178253,16.78125
2428,03/07/2020,77.93598,,0.0,,24.908333,28.092916,,77.93598,26.01196
2428,03/08/2020,64.615204,,0.0,,18.574167,21.00625,,64.615204,19.450232
2428,03/09/2020,64.80009,,0.0,,18.662083,21.300833,,64.80009,19.722994
2428,03/10/2020,57.467613,,0.000833333,,15.175417,17.37625,,57.467613,16.08912
2428,03/11/2020,42.859375,9.285714,0.0,2.16,10.28625,11.461667,25.97857,42.859375,10.612655
2428,03/12/2020,54.07652,11.385417,0.0,2.1899998,13.562917,13.955,15.565833,54.07652,12.921296
2428,03/13/2020,64.23403,11.988334,0.000833333,3.677,18.392916,19.3025,19.820833,64.23403,17.872684
2428,03/14/2020,54.710926,11.389584,0.0,3.0383334,13.864583,14.2225,14.84,54.710926,13.168982
2428,03/15/2020,39.15625,11.416667,0.0,4.834615,9.3975,9.773334,14.692083,39.15625,9.049383
2428,03/16/2020,56.577343,11.725,0.0,5.5020003,14.752084,15.309167,17.23625,56.577343,14.175154
2428,03/17/2020,63.24825,12.12875,0.0,6.5322223,17.924168,18.7125,15.27375,63.24825,17.32639
2428,03/18/2020,57.93553,11.914166,0.000416667,5.2705555,15.397917,16.137917,12.38375,57.93553,14.942515
2428,03/19/2020,69.623474,12.03625,0.000833333,5.84,20.955652,20.513477,18.38857,69.623474,18.993961
2428,03/20/2020,59.2946,,0.0025,,16.044167,16.859583,,59.2946,15.610725
2428,03/21/2020,58.727665,11.91875,0.00125,2.27,15.774584,16.42375,7.01375,58.727665,15.207176
2428,03/22/2020,59.337955,11.502174,0.001159224,3.1042857,16.064783,16.907825,10.810434,59.337955,15.655395
2428,03/23/2020,43.539932,12.899167,0.003069432,4.219,10.449583,11.067917,11.994166,43.539932,10.248071
2428,03/24/2020,34.717014,10.927917,0.003835681,2.888182,8.332084,8.812083,12.575417,34.717014,8.159336
2428,03/25/2020,53.44299,11.084167,0.003927814,3.7457142,13.261666,13.753333,17.275417,53.44299,12.734568
2428,03/26/2020,55.685318,11.374583,0.003235753,4.918182,14.327916,14.78875,15.788333,55.685318,13.693287
2428,03/27/2020,63.129955,11.036667,0.003313157,4.86,17.867916,18.596666,12.716667,63.129955,17.219135
2428,03/28/2020,32.919445,12.528,0.0027953,10.228571,7.9006667,8.051333,12.169333,32.919445,7.454938
2428,03/29/2020,60.08648,10.975333,0.003083813,1.6620001,16.420713,17.155714,12.706,60.08648,15.884921
2428,03/30/2020,56.210194,10.42125,0.003512689,2.028889,14.5775,15.169167,13.95125,56.210194,14.045525
2428,03/31/2020,57.74889,11.9262495,,5.4190907,15.309167,15.992917,16.022917,57.74889,14.808256
2428,04/01/2020,47.505207,11.712916,,3.288889,11.40125,11.81875,12.3429165,47.505207,10.943287
2428,04/02/2020,57.778683,11.860833,,5.204,15.323334,15.495417,17.344584,57.778683,14.347608
2428,04/03/2020,64.22001,11.130417,,4.138889,18.38625,18.770834,15.699583,64.22001,17.380402
2428,04/04/2020,43.48611,11.579583,,4.026,10.4366665,10.74375,12.66,43.48611,9.947917
2428,04/05/2020,36.39757,10.599167,0.0041679,5.657,8.735416,9.150833,13.031667,36.39757,8.472994
2428,04/06/2020,56.457294,10.664583,0.003806709,1.76,14.695,15.277083,12.11125,56.457294,14.145448
2428,04/07/2020,68.05186,11.134167,0.003846247,3.6377778,20.208334,20.666666,12.939584,68.05186,19.135803
2428,04/08/2020,56.90769,11.07875,0.003441225,3.227,14.909166,15.440416,14.143333,56.90769,14.296682
2428,04/09/2020,41.769096,11.823334,0.003434204,5.353846,10.024584,10.279166,11.687083,41.769096,9.517747
2428,04/10/2020,54.47171,12.81625,0.003173326,8.701765,13.7508335,13.896667,11.867392,54.47171,12.867284
2428,04/11/2020,61.173283,10.615833,0.003391897,2.41,16.9375,17.40875,11.095,61.173283,16.119213
2428,04/12/2020,16.373264,10.652083,0.000703692,5.2408333,3.9295833,4.80125,12.560833,16.373264,4.445602
2428,04/13/2020,21.458334,11.22125,0.002095689,6.131765,5.15,4.7741666,14.544583,21.458334,4.4205246
2428,04/14/2020,71.06354,10.649583,0.004164884,4.620714,21.640417,21.305,13.579583,71.06354,19.726852
2428,04/15/2020,58.12305,10.833333,0.003771138,3.4341667,15.487083,16.132917,16.28875,58.12305,14.937886
2428,04/16/2020,44.734375,11.185,0.003864689,3.038,10.73625,11.025416,17.79923,44.734375,10.208719
2428,04/17/2020,59.314754,10.66,0.00442749,,16.05375,16.306667,,59.314754,15.098765
2428,04/18/2020,44.8125,10.32,0.00353914,2.242,10.755,10.871667,10.634,44.8125,10.066358
2428,04/19/2020,52.2434,10.854167,0.004161873,3.2922223,12.69125,12.98125,13.032917,52.2434,12.019676
2428,04/20/2020,43.86632,10.620417,0.003559295,2.6016667,10.527917,10.76625,11.25,43.86632,9.96875
2428,04/21/2020,57.06191,10.364166,0.003523714,2.25,14.9825,15.275416,12.82625,57.06191,14.143905
2428,04/22/2020,48.364582,9.964167,0.003491795,2.3311112,11.6075,11.7508335,12.7675,48.364582,10.880402
2428,04/23/2020,47.435764,11.068235,0.003292246,2.9366667,11.384583,11.57,16.14294,47.435764,10.712963
2428,04/24/2020,45.446182,,0.003003824,,10.9070835,11.187083,,45.446182,10.358411
2428,04/25/2020,53.56479,9.495556,0.003301006,5.61,13.319583,13.750417,12.79,53.56479,12.731867
2428,04/26/2020,41.85764,10.452084,0.003336999,2.2675,10.045834,10.3825,13.400833,41.85764,9.613426
2428,04/27/2020,36.180557,11.11625,0.003806867,1.9071428,8.683333,9.122916,13.547084,36.180557,8.447145
2428,04/28/2020,27.998264,11.451667,0.003469808,9.724286,6.7195835,7.0666666,12.133478,27.998264,6.54321
2428,04/29/2020,35.28993,11.3625,0.003559707,3.3799999,8.4695835,8.79625,12.217083,35.28993,8.144676
2428,04/30/2020,39.223957,10.696923,0.003459133,0.99666667,9.41375,9.720834,13.486923,39.223957,9.0007715
2428,05/01/2020,46.008682,,0.003123617,,11.042084,11.696667,,46.008682,10.830247
2428,05/02/2020,60.036785,12.072143,0.002349854,1.64,16.397083,16.84875,13.654285,60.036785,15.600695
2428,05/03/2020,43.369793,11.35875,0.002575482,2.5533333,10.40875,10.89125,13.477083,43.369793,10.084491
2428,05/04/2020,38.875,11.177083,0.003296864,2.247,9.33,9.68875,10.042916,38.875,8.971065
2428,05/05/2020,49.25,11.321667,0.004044214,3.7636364,11.82,12.117917,11.1125,49.25,11.220293
2428,05/06/2020,44.796875,10.929167,0.003631773,2.95625,10.75125,11.22,11.676666,44.796875,10.388888
2428,05/07/2020,11.35571,10.82,0.004117184,5.6299996,12.076667,12.264167,16.936,,11.35571
2428,05/08/2020,57.474625,39.64,0.002016128,,15.17875,15.575833,,57.474625,14.422068
2428,05/09/2020,51.71765,10.505454,0.005647723,0.38500002,12.44125,12.65625,7.648182,51.71765,11.71875
2428,05/10/2020,37.557293,10.8425,0.003898473,5.15125,9.01375,9.752916,15.070833,37.557293,9.0304785
2428,05/11/2020,51.080616,11.398334,0.006915714,4.607,12.138333,12.995,16.776667,51.080616,12.032408
2428,05/12/2020,51.94898,11.06375,0.006388025,3.9728572,12.5512495,11.845,18.966667,51.94898,10.967592
2428,05/13/2020,33.349636,12.186471,0.001092275,8.364546,8.003913,6.3804345,15.022353,33.349636,5.9078097
2428,05/14/2020,26.71007,,0.001983459,,6.4104166,5.9495835,,26.71007,5.5088735
2428,05/15/2020,3.0416667,,0.000434235,,0.73,0.37,,3.0416667,0.3425926
2428,05/16/2020,27.586805,11.0633335,0.004673025,2.487,6.6208334,6.1529164,4.618,27.586805,5.697145
2428,05/17/2020,40.595238,11.930417,0.00539755,3.44,9.742857,15.37,12.390833,40.595238,14.231482
2428,05/18/2020,74.11062,11.93125,0.003754289,2.01,23.089334,28.667646,14.690833,74.11062,26.544117
2428,05/19/2020,37.589584,11.692083,0.003948024,2.6299999,9.0215,10.696,17.487083,37.589584,9.903704
2428,05/20/2020,72.38851,11.566667,0.003683062,2.4728572,22.270454,24.065454,22.2375,72.38851,22.282827
2428,05/21/2020,58.081867,10.923572,0.004122553,6.1200004,15.4675,17.188889,32.26077,58.081867,15.915638
2428,05/22/2020,38.086956,12.3209095,0.004586334,1.59,9.140869,18.504763,27.427,38.086956,17.134039
2428,05/23/2020,27.802082,14.456667,0.0050568,1.4133333,6.6724997,19.18087,10.572666,27.802082,17.760065
2428,05/24/2020,27.291666,11.77625,0.004778715,0.99333334,6.55,15.906667,10.70125,27.291666,14.728395
2428,05/25/2020,54.318367,11.237917,0.00417331,0.8125,13.677917,22.453333,18.39125,54.318367,20.790123
2428,05/26/2020,51.46266,12.130417,0.003986693,2.9445455,12.32,17.783333,20.772917,51.46266,16.46605
2428,05/27/2020,42.052082,13.115417,0.003452901,4.894615,10.0925,39.65625,16.304583,42.052082,36.71875
2428,05/28/2020,42.20486,12.20625,0.003056869,7.710769,10.129167,37.821667,12.5225,42.20486,35.02006
2428,05/29/2020,45.243057,11.99,0.002947557,2.26,10.858334,38.000435,15.936363,45.243057,35.18559
2428,05/30/2020,43.244564,11.635882,0.003349474,1.58,10.3786955,19.8575,11.785882,43.244564,18.386574
2428,05/31/2020,28.59375,12.359583,0.001666667,10.655,6.8625,12.1,14.586667,28.59375,11.203704
2428,06/01/2020,33.07986,11.725833,0.002083333,2.1558332,7.9391665,22.42238,14.735833,33.07986,20.761463
2428,06/02/2020,42.43403,11.635417,0.0,2.3216667,10.184167,20.4475,12.334583,42.43403,18.93287
2428,06/03/2020,60.030903,11.933333,0.0,4.022,16.394285,17.012001,16.18375,60.030903,15.751852
2428,06/04/2020,76.75129,12.187083,0.0,3.17125,24.345001,14.488,15.8475,76.75129,13.414815
2428,06/05/2020,91.945496,11.5875,0.0,3.7385714,31.57,31.36,13.151667,91.945496,29.037037
2428,06/06/2020,42.541664,10.930833,0.0,2.0185714,10.21,10.236667,13.975,42.541664,9.478395
2428,06/07/2020,29.541668,11.242917,0.008333333,1.89,7.09,18.11,17.9275,29.541668,16.768518
2428,06/08/2020,44.61111,13.090834,0.0,16.795,,48.18,19.165833,,44.61111
2428,06/09/2020,129.2181,12.249583,0.0,2.61,46.96,12.760909,16.804167,129.2181,11.815657
2428,06/10/2020,56.23438,12.72875,0.023529412,1.973,14.589,37.4,11.267083,56.23438,34.62963
2428,06/11/2020,91.938484,12.7925,0.057142857,4.856,31.566666,23.029999,12.545834,91.938484,21.324074
2428,06/12/2020,79.20129,10.945,0.105882354,4.2,25.51,4.275,9.79375,79.20129,3.9583335
2428,06/13/2020,51.810825,10.649584,0.0125,0.955,12.485556,5.208,15.091666,51.810825,4.822222
2428,06/14/2020,34.45,11.210526,0.0,1.3566667,8.268,21.77375,17.471052,34.45,20.16088
2428,06/15/2020,28.715277,11.7387495,0.0,1.43625,6.8916664,24.819584,13.946667,28.715277,22.981096
2428,06/16/2020,29.953125,12.193334,0.0,3.606,7.1887503,23.912727,13.2195835,29.953125,22.141415
2428,06/17/2020,37.927082,12.98875,0.06666667,7.274,9.1025,30.541904,16.959131,37.927082,28.279541
2428,06/18/2020,36.505207,13.209167,0.028571429,6.119091,8.76125,27.91,16.16125,36.505207,25.842592
2428,06/19/2020,27.847221,13.037084,0.1,16.138666,6.6833334,29.4175,11.343333,27.847221,27.238426
2428,06/20/2020,41.605904,12.664583,0.0,3.26,9.985416,16.401001,14.044583,41.605904,15.186111
2428,06/21/2020,59.23589,11.882083,0.0,1.1283333,16.01625,14.44375,16.577917,59.23589,13.373843
2428,06/22/2020,48.211807,11.7508335,0.0,1.4833333,11.570833,14.485001,15.091667,48.211807,13.412037
2428,06/23/2020,40.876736,13.056363,0.04761905,29.604445,9.810416,5.3090906,14.047728,40.876736,4.915825
2428,06/24/2020,17.868055,19.671667,0.0,44.94875,4.2883334,9.10125,18.785,17.868055,8.427083
2428,06/25/2020,37.581596,19.552917,0.0,46.21583,9.019584,8.455417,18.235834,37.581596,7.8290896
2428,06/26/2020,35.487846,19.122084,0.0,45.204582,8.517083,6.02625,15.2925005,35.487846,5.579861
2428,06/27/2020,25.20486,22.049168,0.0,46.2175,6.0491667,4.435,16.750834,25.20486,4.1064816
2428,06/28/2020,18.402779,20.970833,0.015384616,50.86875,4.4166665,5.4875,19.245417,18.402779,5.0810184
2428,06/29/2020,22.559029,20.889166,1.1083333,53.519585,5.414167,9.390417,18.834166,22.559029,8.69483
2428,06/30/2020,38.76389,20.688334,1.1125001,50.991665,9.303333,14.5737505,21.381666,38.76389,13.494213
2428,07/01/2020,55.76155,20.53875,1.1146154,46.63125,14.364166,11.819583,22.630833,55.76155,10.944058
2428,07/02/2020,48.977432,21.106667,,49.603333,11.754583,7.6379166,17.6325,48.977432,7.072145
2428,07/03/2020,31.565973,24.299583,1.11,57.68182,7.5758333,4.383478,13.261666,31.565973,4.058776
2428,07/04/2020,19.822464,24.1625,1.11,55.705,4.7573915,7.2941666,16.730833,19.822464,6.753858
2428,07/05/2020,29.762154,20.764166,1.11,55.962917,7.1429167,9.44125,18.0975,29.762154,8.741899
2428,07/06/2020,38.439236,20.629166,1.1108334,47.930416,9.225417,5.6395836,17.827084,38.439236,5.2218366
2428,07/07/2020,23.421875,21.496666,1.1075001,53.84625,5.62125,8.232917,16.942917,23.421875,7.623071
2428,07/08/2020,34.039932,21.76125,1.1104167,53.014584,8.169583,10.329583,20.532084,34.039932,9.564429
2428,07/09/2020,42.38889,23.656666,1.1091667,53.143333,10.173333,11.389584,18.007084,42.38889,10.545911
2428,07/10/2020,46.789932,20.832916,1.11,50.497917,11.229584,7.957083,14.365833,46.789932,7.3676696
2428,07/11/2020,32.975693,21.774166,1.1104167,49.541668,7.9141665,9.520416,19.899166,32.975693,8.815201
2428,07/12/2020,39.5,24.286667,1.1091667,59.269547,9.4800005,8.84125,19.978334,39.5,8.186342
2428,07/13/2020,36.904514,21.14,1.11,55.325,8.857083,10.3425,18.764584,36.904514,9.576389
2428,07/14/2020,42.782986,20.662916,1.1116667,51.195835,10.267917,8.825833,18.43375,42.782986,8.172068
2428,07/15/2020,36.560764,20.52625,1.1308334,49.10375,8.774583,8.118334,18.08,36.560764,7.5169754
2428,07/16/2020,34.44097,22.212084,1.1158333,49.84375,8.265834,5.9900002,16.692083,34.44097,5.5462966
2428,07/17/2020,25.0625,23.51125,1.1204166,50.422173,6.015,6.3729167,17.468334,25.0625,5.900849
2428,07/18/2020,27.840279,21.3475,1.1116667,51.908333,6.681667,7.7620835,19.392918,27.840279,7.1871142
2428,07/19/2020,32.171875,21.7925,1.11125,53.6425,7.72125,8.740833,19.651667,32.171875,8.093364
2428,07/20/2020,35.788193,21.8825,1.1075001,49.245834,8.589167,4.9704165,17.491667,35.788193,4.6022377
2428,07/21/2020,20.123264,23.49625,1.1069565,57.393913,4.829583,6.0730433,18.003334,20.123264,5.6231885
2428,07/22/2020,27.202898,23.107082,1.095,55.9875,6.5286956,10.11,17.629583,27.202898,9.361111
2428,07/23/2020,41.574654,21.595833,1.1095834,55.934166,9.977917,11.4991665,16.74,41.574654,10.647376
2428,07/24/2020,47.380207,21.804583,1.1083333,50.837086,11.37125,8.917084,18.93125,47.380207,8.256558
2428,07/25/2020,36.711803,22.429167,1.1083333,54.449585,8.810833,7.04,19.5525,36.711803,6.5185184
2428,07/26/2020,29.33507,24.938334,1.10875,56.075832,7.0404167,8.529167,18.984583,29.33507,7.8973765
2428,07/27/2020,35.123264,24.2675,1.10875,50.986668,8.429584,4.752917,17.965,35.123264,4.400849
2428,07/28/2020,19.685764,21.631666,1.1095834,51.972916,4.724583,3.9145834,17.0025,19.685764,3.6246142
2428,07/29/2020,16.557291,22.520834,1.1420833,50.645832,3.97375,6.3441668,16.695833,16.557291,5.8742285
2428,07/30/2020,28.256945,23.43375,1.1083333,49.363335,6.7816668,6.5841665,17.492916,28.256945,6.096451
2428,07/31/2020,27.309027,22.1625,1.11125,51.913334,6.554167,8.339167,19.1775,27.309027,7.721451
2428,08/01/2020,34.564236,21.43625,1.1091667,49.509583,8.295417,10.337084,19.723333,34.564236,9.571374
2428,08/02/2020,42.182293,21.115417,1.1104167,48.380417,10.12375,8.091666,17.015833,42.182293,7.492284
2428,08/03/2020,33.618057,21.569166,1.11125,49.9075,8.068334,7.094583,17.04875,33.618057,6.5690584
2428,08/04/2020,30.255209,21.505,1.10875,48.81625,7.26125,6.2025,16.669167,30.255209,5.743056
2428,08/05/2020,25.39757,21.997084,1.105,58.4975,6.0954165,5.8308334,16.1625,25.39757,5.3989196
2428,08/06/2020,24.092014,22.09875,1.1075001,49.003334,5.7820835,3.7879167,15.4475,24.092014,3.5073302
2428,08/07/2020,16.003471,23.661667,1.10875,53.85125,3.8408334,5.03625,19.143333,16.003471,4.663194
2428,08/08/2020,20.793404,22.136667,1.1104167,52.005833,4.9904165,7.7229166,18.779167,20.793404,7.150849
2428,08/09/2020,32.286457,20.732382,1.0654546,42.758095,7.74875,14.7300005,18.439524,32.286457,13.638889
2428,08/10/2020,56.453793,18.674583,,40.289585,14.693334,13.184584,12.324166,56.453793,12.207948
2428,08/11/2020,53.370262,19.379168,,45.102917,13.227083,6.9333334,10.840834,53.370262,6.419753
2428,08/12/2020,29.126736,20.4925,,44.97304,6.9904165,7.5291667,12.460834,29.126736,6.9714503
2428,08/13/2020,31.251736,20.998695,1.108,44.745,7.5004168,8.60625,14.363044,31.251736,7.96875
2428,08/14/2020,39.151043,19.86375,1.1208333,44.353333,9.39625,9.397083,14.470833,39.151043,8.701003
2428,08/15/2020,38.586803,19.492083,1.1204166,40.857918,9.260833,9.38125,14.626667,38.586803,8.686342
2428,08/16/2020,38.42882,20.94,1.1225,44.512726,9.222917,9.166667,15.506667,38.42882,8.487655
2428,08/17/2020,38.10764,22.459583,1.12,48.74739,9.145833,7.457083,15.070416,38.10764,6.904707
2428,08/18/2020,30.984375,20.42625,1.1241666,40.57,7.4362497,6.637083,14.362917,30.984375,6.1454473
2428,08/19/2020,27.277779,19.655416,1.12125,40.189167,6.5466666,6.965,15.506666,27.277779,6.449074
2428,08/20/2020,28.862848,22.3765,1.1835,53.038235,6.9270835,12.169474,13.4255,28.862848,11.268031
2428,08/21/2020,51.128395,19.940416,1.1195834,39.128334,12.161053,10.527917,12.696667,51.128395,9.748071
2428,08/22/2020,43.52778,19.520834,1.11875,37.850418,10.446667,9.71625,12.2387495,43.52778,8.996528
2428,08/23/2020,39.821182,19.38,1.1129167,35.449165,9.557083,11.14125,12.4574995,39.821182,10.315972
2428,08/24/2020,46.13889,19.463333,1.1183333,36.398335,11.073334,10.54,12.126667,46.13889,9.759259
2428,08/25/2020,43.387154,19.100416,1.1354166,35.835835,10.412916,13.846956,12.79,43.387154,12.821256
2428,08/26/2020,56.74303,19.045416,1.1216667,34.62417,14.83087,10.66625,10.142917,56.74303,9.876158
2428,08/27/2020,43.029514,21.084167,1.11875,37.765835,10.327084,4.6683335,11.177083,43.029514,4.3225307
2428,08/28/2020,19.71007,21.967916,1.12375,41.0025,4.730417,7.8916664,12.302917,19.71007,7.307099
2428,08/29/2020,32.64236,20.989584,1.1241666,37.804165,7.8341665,9.976666,15.765833,32.64236,9.237655
2428,08/30/2020,41.03472,20.635834,1.1166667,40.404583,9.848333,10.70125,13.784166,41.03472,9.908565
2428,08/31/2020,43.822918,19.11625,1.1166667,39.674583,10.5175,13.681251,13.432917,43.822918,12.667824
2428,09/01/2020,53.82153,17.9925,1.11625,36.25875,13.441667,9.606667,10.540833,53.82153,8.8950615
2428,09/02/2020,39.083332,19.058332,1.1175,39.67125,9.38,9.282917,10.5008335,39.083332,8.595293
2428,09/03/2020,37.710068,20.997917,1.11625,36.840836,9.050417,14.184584,13.15,37.710068,13.133873
2428,09/04/2020,54.900196,21.907917,1.1166667,39.009583,13.954583,10.731667,16.049583,54.900196,9.9367285
2428,09/05/2020,44.243057,23.882084,1.115,50.18522,10.618334,6.5546155,17.4275,44.243057,6.0690885
2428,09/06/2020,27.416666,24.29875,1.11,43.597916,6.58,,20.891666,27.416666,
2428,09/07/2020,,28.334583,1.11375,51.945236,,,17.003334,,
2428,09/08/2020,,23.791666,1.11375,49.15625,,,17.82125,,
2428,09/09/2020,,24.104166,1.11,49.11875,,,17.775417,,
2428,09/10/2020,,24.860416,1.1108334,52.395,,,17.915417,,
2428,09/11/2020,,25.6475,1.11,49.21583,,,19.000418,,
2428,09/12/2020,,24.392918,1.11,49.672916,,,19.5875,,
2428,09/13/2020,,24.62625,1.11,45.275417,,,18.379583,,
2428,09/14/2020,,23.875416,1.11,49.025833,,,17.994583,,
2428,09/15/2020,,23.882917,1.1104167,49.703335,,,21.01875,,
2428,09/16/2020,,24.394583,1.11,48.63333,,,20.626667,,
2428,09/17/2020,14.768519,24.647917,1.1091667,53.25125,,15.950001,16.44125,,14.768519
2428,09/18/2020,21.114582,23.89875,1.1095834,50.7325,5.0675,4.935,18.536667,21.114582,4.569444
2428,09/19/2020,25.166666,25.137083,1.11,51.544167,6.04,14.265,20.746666,25.166666,13.208333
2428,09/20/2020,43.77778,23.844166,1.11,58.15739,10.506667,11.031667,16.657917,43.77778,10.214506
2428,09/21/2020,30.394096,24.364166,1.1079167,54.460835,7.2945833,10.002084,16.322083,30.394096,9.2611885
2428,09/22/2020,16.86632,25.139584,1.1091667,52.43833,4.0479164,11.138333,18.304167,16.86632,10.3132715
2428,09/23/2020,27.83507,25.01125,1.11125,53.639584,6.6804166,12.350417,16.862917,27.83507,11.435571
2428,09/24/2020,27.947916,25.250834,1.1108334,50.058636,6.7075,14.132083,14.598333,27.947916,13.085262
2428,09/25/2020,34.581596,23.549583,1.1104167,48.949165,8.299583,15.24,14.274167,34.581596,14.111111
2428,09/26/2020,39.345486,23.884167,1.10875,47.202915,9.442917,13.029166,16.275833,39.345486,12.064043
2428,09/27/2020,38.664932,23.97875,1.1104167,48.6425,9.279583,10.489583,15.697083,38.664932,9.712577
2428,09/28/2020,38.432293,23.752958,1.0522916,50.477123,9.22375,15.799,18.366333,38.432293,14.628704
2428,09/29/2020,48.27656,24.53925,1.0192916,53.305832,11.586375,42.60758,16.694084,48.27656,39.45146
2428,09/30/2020,35.763714,26.359083,1.0171666,51.39683,8.583292,14.244291,17.376875,35.763714,13.189159
2428,10/01/2020,31.101215,24.435917,1.016375,51.182457,7.4642916,22.022125,15.683833,31.101215,20.390856
2428,10/02/2020,53.92006,23.145458,1.0365833,50.346127,8.700625,60.899715,19.26196,36.252605,53.92006
2428,10/03/2020,49.704712,23.92325,1.0195,49.32679,11.929131,24.618668,21.632917,49.704712,22.795061
2428,10/04/2020,65.35607,24.944876,1.0185417,48.804707,18.926458,20.942583,21.155416,65.35607,19.391281
2428,10/05/2020,62.847363,24.179667,1.0169166,49.422874,17.733541,16.171207,18.348207,62.847363,14.973341
2428,10/06/2020,48.266495,24.258375,1.0166667,52.429085,11.583959,23.974916,22.775375,48.266495,22.198997
2428,10/07/2020,60.77757,25.11925,1.0181667,54.238625,16.749332,21.920124,16.904167,60.77757,20.296412
2428,10/08/2020,54.250282,24.998041,1.0193334,51.83125,13.645542,17.231,17.140959,54.250282,15.95463
2428,10/09/2020,14.42365,25.907917,1.0190417,51.505333,2.9650834,15.577541,19.317041,12.354514,14.42365
2428,10/10/2020,16.23588,26.263166,1.0160416,56.468582,3.5722084,17.53475,20.195375,14.884201,16.23588
2428,10/11/2020,28.696875,25.871208,1.01725,57.783916,6.88725,24.473959,18.54671,28.696875,22.661072
2428,10/12/2020,39.377605,24.075708,1.0178334,48.450832,9.450625,25.196917,19.271708,39.377605,23.330479
2428,10/13/2020,29.271008,23.7295,1.017,49.567,7.0250416,27.917707,21.330833,29.271008,25.84973
2428,10/14/2020,40.410416,24.324167,1.0174583,54.070667,9.6985,23.766624,21.55225,40.410416,22.006134
2428,10/15/2020,60.861164,25.210417,1.0165,51.703293,16.789083,25.536652,18.8255,60.861164,23.645048
2428,10/16/2020,51.227123,25.433,1.0168333,58.110126,12.208,30.807,18.63346,51.227123,28.525
2428,10/17/2020,52.869938,24.937708,1.01525,46.128418,12.989174,20.126625,26.104042,52.869938,18.635763
2428,10/18/2020,58.4881,25.054375,1.0157083,56.396584,15.660666,19.916542,14.980958,58.4881,18.441242
2428,10/19/2020,23.317823,25.126125,1.0167084,50.965084,4.088792,25.18325,15.924292,17.036633,23.317823
2428,10/20/2020,22.04236,26.117584,1.0175834,50.332417,4.767667,23.80575,20.106375,19.865278,22.04236
2428,10/21/2020,24.509375,26.356895,1.0195264,57.618263,5.88225,19.82921,19.785053,24.509375,18.36038
2428,10/22/2020,33.44408,26.952208,1.014125,54.790306,8.026579,25.5865,16.370125,33.44408,23.691204
2428,10/23/2020,46.37635,24.529,1.0149167,48.075085,10.241083,50.08646,18.495083,42.67118,46.37635
2428,10/24/2020,17.867014,23.292084,1.0145833,50.86175,4.2880836,54.04504,15.600125,17.867014,
2428,10/25/2020,49.570835,24.271458,1.0305834,51.85396,4.3425,53.5365,18.245125,18.09375,49.570835
2428,10/26/2020,47.450806,25.530167,1.0152084,53.66871,8.520208,51.24687,16.7235,35.50087,47.450806
2428,10/27/2020,30.070312,24.97425,0.7813913,48.49146,7.216875,30.18725,20.4075,30.070312,27.951157
2428,10/28/2020,38.738716,24.794416,0.33754167,54.028126,9.297292,14.37675,18.919874,38.738716,13.311806
2428,10/29/2020,56.248837,23.863333,0.338625,50.804626,14.595875,15.794833,18.162333,56.248837,14.6248455
2428,10/30/2020,58.81266,24.612709,0.34033334,51.97796,15.815,6.772,17.622,58.81266,6.2703705
2428,10/31/2020,30.355034,23.8095,0.33841667,51.414623,7.285208,14.171125,21.0935,30.355034,13.121412
2428,11/01/2020,54.916496,24.672375,0.33858332,52.0005,13.962334,4.9467826,19.863125,54.916496,4.580354
2428,11/02/2020,19.902899,25.64575,0.33779168,54.20821,4.7766957,10.240375,20.521292,19.902899,9.481829
2428,11/03/2020,43.437847,24.634708,0.339,52.253624,10.425083,6.6954165,20.177126,43.437847,6.19946
2428,11/04/2020,27.598265,25.086834,0.33833334,54.443127,6.6235833,0.0,19.467583,27.598265,0.0
2428,11/05/2020,0.45434028,24.713959,0.33829167,48.498917,0.10904167,0.0,17.136168,0.45434028,0.0
2428,11/06/2020,0.46041667,25.188875,0.338375,48.469124,0.1105,0.0,22.043041,0.46041667,0.0
2428,11/07/2020,0.45538196,25.2325,0.33833334,52.94054,0.109291665,0.0,19.646458,0.45538196,0.0
2428,11/08/2020,0.45347223,25.385542,0.33854166,52.095043,0.108833335,0.0,18.78425,0.45347223,0.0
2428,11/09/2020,0.45833334,31.246,0.3361,54.75714,0.11,0.4785,12.642428,0.45833334,0.44305557
2428,11/10/2020,7.98179,27.829,0.33845833,50.30811,1.0061667,8.620334,25.463667,4.192361,7.98179
2428,11/11/2020,40.47882,23.740667,0.33929166,54.82242,9.714916,26.648874,19.2555,40.47882,24.674885
2428,11/12/2020,81.460175,24.511833,0.34054166,50.694126,26.584126,19.694,17.612875,81.460175,18.235186
2428,11/13/2020,66.334145,24.337917,0.33854166,50.13629,19.391542,12.1762085,19.420542,66.334145,11.274267
2428,11/14/2020,49.536457,24.205126,0.33933333,47.748043,11.88875,9.7065,21.394459,49.536457,8.9875
2428,11/15/2020,39.80625,24.122791,0.33925,50.288334,9.5535,25.197708,23.252083,39.80625,23.331211
2428,11/16/2020,77.365715,24.129541,0.33816665,51.87529,24.637167,22.243126,21.025208,77.365715,20.595486
2428,11/17/2020,71.31011,24.683834,0.33804166,53.712917,21.757668,23.413208,20.90525,71.31011,21.678896
2428,11/18/2020,73.68336,24.528458,0.33795834,48.532417,22.886168,13.195625,22.366291,73.68336,12.218171
2428,11/19/2020,52.626762,24.056126,0.33820835,48.737957,12.873542,18.75275,22.896126,52.626762,17.363657
2428,11/20/2020,64.7689,22.963375,0.33904168,53.834835,18.64725,9.816375,20.074375,64.7689,9.089236
2428,11/21/2020,39.825172,23.321833,0.338375,51.242626,9.558042,14.009084,23.176958,39.825172,12.971374
2428,11/22/2020,54.154068,23.507376,0.33841667,53.74621,13.599792,12.386167,24.487333,54.154068,11.468673
2428,11/23/2020,49.94219,24.465584,0.33891666,52.97271,11.986125,27.486609,22.852583,49.94219,25.450563
2428,11/24/2020,81.911514,25.041458,0.34008333,53.67946,26.798738,22.853392,25.007957,81.911514,21.160547
2428,11/25/2020,72.52571,24.421375,0.33966666,54.7935,22.335695,15.676875,23.978125,72.52571,14.515625
2428,11/26/2020,57.88033,23.950333,0.3385,48.30446,15.371667,9.3655,20.474375,57.88033,8.67176
2428,11/27/2020,38.558853,23.263874,0.33758333,51.577415,9.254125,8.112041,20.889668,38.558853,7.51115
2428,11/28/2020,33.643055,24.188,0.339125,51.835415,8.074333,29.180124,27.433125,33.643055,27.018635
2428,11/29/2020,86.073555,23.953459,0.339,55.026833,28.777834,33.604874,28.3845,86.073555,31.115625
2428,11/30/2020,94.73373,23.454834,0.33875,51.38925,32.895832,27.83471,25.130417,94.73373,25.772879
2428,12/01/2020,82.557945,24.60625,0.3385,50.904125,27.106125,21.722334,23.016083,82.557945,20.113272
2428,12/02/2020,70.02334,23.689625,0.33841667,52.22625,21.145792,21.941626,24.506042,70.02334,20.316319
2428,12/03/2020,70.58142,25.474709,0.33816665,53.721043,21.411167,17.185959,22.634624,70.58142,15.912925
2428,12/04/2020,60.949226,24.407917,0.33825,49.583126,16.830957,23.186333,27.328459,60.949226,21.468826
2428,12/05/2020,73.36089,23.613459,0.337875,48.963543,22.732834,8.670208,23.063042,73.36089,8.02797
2428,12/06/2020,36.12257,24.108376,0.33875,53.77325,8.669416,24.553783,24.071875,36.12257,22.734983
2428,12/07/2020,82.29151,24.428125,0.33770832,48.99075,26.979435,19.110916,26.006834,82.29151,17.695293
2428,12/08/2020,65.18765,23.316708,0.33808333,54.33433,18.846375,15.29475,21.024792,65.18765,14.161805
2428,12/09/2020,57.58731,19.324833,0.34045833,41.626583,15.232333,13.644667,17.505833,57.58731,12.63395
2428,12/10/2020,53.712437,20.935167,0.34175,42.242416,13.3897915,8.405042,16.854792,53.712437,7.782446
2428,12/11/2020,34.989758,22.137709,0.34091666,44.434082,8.397542,11.687792,18.943792,34.989758,10.822029
2428,12/12/2020,48.99896,21.586958,0.341625,48.838375,11.75975,9.5564165,19.790417,48.99896,8.848534
2428,12/13/2020,38.898262,19.713,0.34216666,38.82579,9.335584,9.774292,21.401417,38.898262,9.05027
2428,12/14/2020,39.982117,19.09521,0.34258333,39.812042,9.595708,11.597584,20.694334,39.982117,10.738503
2428,12/15/2020,46.992535,19.245459,0.34245834,40.39517,11.278209,11.340875,22.924833,46.992535,10.500811
2428,12/16/2020,45.84844,22.04671,0.34125,43.513958,11.003625,6.119,22.152416,45.84844,5.665741
2428,12/17/2020,25.39184,21.363916,0.3415,40.72333,6.094042,4.705042,19.345541,25.39184,4.35652
2428,12/18/2020,20.436806,20.434292,0.341625,43.720333,4.9048333,10.271083,21.260834,20.436806,9.5102625
2428,12/19/2020,42.22101,21.994566,0.34073913,46.654305,10.133041,13.302566,22.199478,42.22101,12.31719
2428,12/20/2020,56.66595,18.873959,0.34170833,40.44525,14.794217,11.467,20.623709,56.66595,10.617593
2428,12/21/2020,46.590797,20.295876,0.34004167,41.946083,11.181791,14.179125,15.860167,46.590797,13.128819
2428,12/22/2020,54.67833,20.923626,0.341875,42.485043,13.849083,24.051,16.165667,54.67833,22.269444
2428,12/23/2020,74.809746,19.635124,0.33983332,42.482418,23.421778,,14.888833,74.809746,
2428,12/24/2020,,23.216625,0.34004167,47.306168,,,22.894209,,
2428,12/25/2020,,23.080334,0.34095833,46.988377,,,19.971167,,
2428,12/26/2020,,20.531124,0.34,39.87075,,,18.508375,,
2428,12/27/2020,,20.551332,0.34004167,40.890293,,,20.468876,,
2428,12/28/2020,10.062343,20.07335,0.33220834,47.247524,,10.86733,12.433857,,10.062343
2428,12/29/2020,,,,,,,,,
2428,12/30/2020,,,,,,,,,
2428,12/31/2020,,,,,,,,,
2428,01/01/2021,34.378124,23.203625,0.33675,41.8715,8.25075,35.657585,15.439584,34.378124,33.01628
2428,01/02/2021,41.355247,23.564875,0.33795834,41.012375,8.605166,44.663666,18.785292,35.854862,41.355247
2428,01/03/2021,52.66952,22.600334,0.339375,40.9725,12.893875,40.40146,22.770292,52.66952,37.408756
2428,01/04/2021,31.9375,19.420166,0.34104165,39.136585,7.665,22.38375,23.359041,31.9375,20.725695
2428,01/05/2021,,19.167084,0.342375,43.4455,,,18.270042,,
2428,01/06/2021,,19.924042,0.33908334,39.42829,,,20.003626,,
2428,01/07/2021,,19.896917,0.34058332,43.19725,,,20.025667,,
2428,01/08/2021,,19.362125,0.34070835,41.88442,,,18.611334,,
2428,01/09/2021,,19.2845,0.34058332,40.272125,,,19.37275,,
2428,01/10/2021,,19.133541,0.34033334,39.42896,,,17.549541,,
2428,01/11/2021,,20.024042,0.34004167,42.226124,,,26.061083,,
2428,01/12/2021,,20.295166,0.34029168,41.277126,,,24.458876,,
2428,01/13/2021,,20.703625,0.34129167,39.99125,,,23.524416,,
2428,01/14/2021,,20.340542,0.33979166,42.378834,,,23.96875,,
2428,01/15/2021,,20.339708,0.339625,43.844124,,,20.358208,,
2428,01/16/2021,,20.135708,0.341,41.715458,,,20.617083,,
2428,01/17/2021,,20.196167,0.34029168,43.57971,,,17.200125,,
2428,01/18/2021,,21.42625,0.339375,46.01875,,,18.783417,,
2428,01/19/2021,,20.562584,0.33895832,45.457043,,,21.64725,,
2428,01/20/2021,,21.698334,0.33929166,42.30175,,,24.153208,,
2428,01/21/2021,,22.627874,0.33945835,45.88646,,,21.206959,,
2428,01/22/2021,,23.521334,0.34016666,50.418835,,,20.166666,,
2428,01/23/2021,,24.893042,0.34025,51.290707,,,24.282833,,
2428,01/24/2021,,26.581615,0.3423077,52.36146,,,26.419538,,
2428,01/25/2021,,24.096666,0.34016666,53.59029,,,25.398792,,
2428,01/26/2021,,24.271292,0.339375,51.46021,,,25.313457,,
2428,01/27/2021,,25.391708,0.34054166,55.63746,,,24.957293,,
2428,01/28/2021,47.16,25.267714,0.22579166,58.866047,11.3184,8.9586,26.126143,47.16,8.295
2428,01/29/2021,17.01111,17.918875,0.0,64.73079,4.082667,3.01475,25.641958,17.01111,2.7914352
2428,01/30/2021,27.649305,15.727125,0.0,63.82575,6.6358333,6.177292,24.30225,27.649305,5.7197146
2428,01/31/2021,39.58316,15.315375,0.0,53.666584,9.499958,9.467042,24.275126,39.58316,8.7657795
2428,02/01/2021,56.373352,15.147333,0.0,49.647877,14.655084,15.015417,25.640125,56.373352,13.903164
2428,02/02/2021,72.13879,16.246292,0.0,50.836876,22.151709,22.633625,30.37996,72.13879,20.95706
2428,02/03/2021,41.276737,15.442333,0.0,49.375626,9.906417,10.030375,26.627167,41.276737,9.287384
2428,02/04/2021,46.327084,15.093917,0.0,50.583584,11.1185,11.333542,24.923958,46.327084,10.49402
2428,02/05/2021,57.754326,15.064458,0.0,49.709373,15.31175,15.616625,24.125458,57.754326,14.459838
2428,02/06/2021,55.377842,15.5703335,0.0,49.061043,14.181708,14.598416,26.315708,55.377842,13.517053
2428,02/07/2021,56.239986,16.487167,0.0,51.997166,14.591666,14.949625,25.4485,56.239986,13.842245
2428,02/08/2021,44.174828,16.533083,0.0,49.205666,10.601958,10.842792,24.944542,44.174828,10.039622
2428,02/09/2021,30.909027,16.125542,0.0,50.583084,7.4181666,7.573292,25.706917,30.909027,7.012307
2428,02/10/2021,26.00191,15.604167,0.0,50.505627,6.2404585,6.392625,25.095417,26.00191,5.9190974
2428,02/11/2021,32.266666,17.707708,0.0,55.252335,7.744,7.9857917,21.741667,32.266666,7.3942513
2428,02/12/2021,27.155556,17.912333,0.0,59.39075,6.5173335,6.684292,18.516333,27.155556,6.189159
2428,02/13/2021,55.76348,16.965334,0.0,58.653793,14.365084,14.603416,24.080208,55.76348,13.521682
2428,02/14/2021,62.40573,17.144041,0.0,57.318375,17.523542,17.824959,24.124125,62.40573,16.504591
2428,02/15/2021,56.865105,16.8385,0.0,54.811543,14.888917,15.183583,26.770042,56.865105,14.058873
2428,02/16/2021,40.11354,16.465416,0.0,56.306374,9.62725,9.758083,27.145584,40.11354,9.035262
2428,02/17/2021,48.56337,16.142208,0.0,55.944168,11.655209,11.943916,23.121166,48.56337,11.059182
2428,02/18/2021,32.277603,18.318542,0.0,60.05479,7.746625,7.7729583,22.666374,32.277603,7.1971836
2428,02/19/2021,30.961285,15.62575,0.0,58.834293,7.4307084,7.476,23.853374,30.961285,6.922222
2428,02/20/2021,54.330894,15.250167,0.0,55.717167,13.683875,13.949458,23.897625,54.330894,12.916165
2428,02/21/2021,69.20939,15.564083,0.0,53.97167,20.75875,21.145334,22.278917,69.20939,19.579012
2428,02/22/2021,70.59921,16.908709,0.0,55.756542,21.419624,21.971167,23.443417,70.59921,20.343674
2428,02/23/2021,81.875084,17.418125,0.0,55.34175,26.781416,27.694834,28.628876,81.875084,25.643364
2428,02/24/2021,49.383335,17.54825,0.0,53.255,11.852,12.262584,26.161833,49.383335,11.354244
2428,02/25/2021,43.52535,17.433374,0.0,55.3625,10.446083,10.672209,22.371,43.52535,9.881675
2428,02/26/2021,61.972248,18.678917,0.0,55.16525,17.317417,17.720125,22.882833,61.972248,16.407522
2428,02/27/2021,64.013565,18.378876,0.0,54.426624,18.288084,18.756374,23.167707,64.013565,17.367014
2428,02/28/2021,51.15904,17.423916,0.0,51.095333,12.175625,12.272625,21.158667,51.15904,11.363542
2428,03/01/2021,49.008854,16.974083,0.0,50.653416,11.762125,11.957125,24.31721,49.008854,11.071412
2428,03/02/2021,52.000416,18.000875,0.0,53.703335,12.575708,12.921583,23.371416,52.000416,11.964429
2428,03/03/2021,37.520138,17.596874,0.0,50.31825,9.004833,9.195875,22.363792,37.520138,8.514699
2428,03/04/2021,49.710415,17.2745,0.0,51.84429,11.9305,12.149542,26.053541,49.710415,11.249576
2428,03/05/2021,57.21061,17.325083,0.0,54.737793,15.053208,15.380375,26.014791,57.21061,14.241088
2428,03/06/2021,66.44385,17.178625,0.0,54.966915,19.443708,19.854792,26.197042,66.44385,18.384066
2428,03/07/2021,77.02641,16.726059,0.0,52.28047,24.475824,22.731117,27.266588,77.02641,21.04733
2428,03/08/2021,66.71803,17.27275,0.0,57.741665,19.574083,20.024,25.552876,66.71803,18.540741
2428,03/09/2021,65.00434,16.567125,0.0,53.68575,18.759209,19.3845,26.810125,65.00434,17.94861
2428,03/10/2021,60.494625,16.248583,0.0,55.87704,16.614792,16.989584,24.79125,60.494625,15.731095
2428,03/11/2021,53.747223,16.4485,0.0,54.213375,13.406333,13.917791,25.215834,53.747223,12.886844
2428,03/12/2021,61.585823,17.26075,0.0,53.991207,17.133667,17.629875,22.018291,61.585823,16.323957
2428,03/13/2021,60.011024,16.684126,0.0,56.587334,16.384832,16.99154,25.017708,60.011024,15.732909
2428,03/14/2021,60.640697,17.05754,0.0,56.7415,16.68425,17.190125,22.057209,60.640697,15.916782
2428,03/15/2021,54.96311,17.624083,0.0,56.3855,13.9845,14.295584,22.031792,54.96311,13.236651
2428,03/16/2021,55.866966,17.50875,0.0,52.044456,14.414291,14.842042,25.605583,55.866966,13.742631
2428,03/17/2021,61.78552,18.20475,0.0,55.21075,17.228624,17.685791,24.431667,61.78552,16.375732
2428,03/18/2021,67.09087,22.280684,0.0,50.88239,19.751375,19.264875,34.458427,67.09087,17.837847
2428,03/19/2021,38.478992,17.950792,0.0,46.830833,9.234959,9.110375,29.625458,38.478992,8.435533
2428,03/20/2021,32.92412,18.176105,0.17921053,48.91405,7.9017897,7.634579,27.164843,32.92412,7.0690546
2428,03/21/2021,17.77478,17.053722,0.34,45.10239,4.2659473,3.8547895,25.231722,17.77478,3.5692496
2428,03/22/2021,51.9623,19.628666,0.33991668,44.298943,12.557583,11.6705,31.200333,51.9623,10.806019
2428,03/23/2021,72.04538,16.838375,0.33995834,49.007458,22.107292,20.173708,21.969084,72.04538,18.67936
2428,03/24/2021,77.20089,16.267834,0.34029168,52.40167,24.558792,21.395739,22.110332,77.20089,19.81087
2428,03/25/2021,69.74285,15.5315,0.34070835,48.407413,21.012417,20.820583,26.591055,69.74285,19.278318
2428,03/26/2021,96.946266,16.124624,0.34041667,52.180126,33.947918,33.939,22.224543,96.946266,31.425
2428,03/27/2021,75.967834,15.97775,0.33995834,49.261044,23.972458,26.268667,23.153126,75.967834,24.32284
2428,03/28/2021,95.53199,16.215,0.33970833,47.32192,33.275417,35.105835,20.203875,95.53199,32.5054
2428,03/29/2021,93.54194,16.34175,0.33925,46.30625,32.329124,34.096207,18.476833,93.54194,31.570562
2428,03/30/2021,77.445366,16.040682,0.33975,43.645546,24.675041,26.07575,24.465782,77.445366,24.144213
2428,03/31/2021,75.931206,16.156542,0.33916667,45.448624,23.955042,25.173084,20.364416,75.931206,23.30841
2428,04/01/2021,77.387184,15.992084,0.338875,45.20775,24.647375,25.984917,19.611166,77.387184,24.060108
2428,04/02/2021,38.76389,20.889166,1.1083333,53.519585,9.303333,9.390417,18.834166,38.76389,8.69483
2428,04/03/2021,55.76155,20.688334,1.1125001,50.991665,14.364166,14.5737505,21.381666,55.76155,13.494213
2428,04/04/2021,48.977432,20.53875,1.1146154,46.63125,11.754583,11.819583,22.630833,48.977432,10.944058
2428,04/05/2021,31.565973,21.106667,,49.603333,7.5758333,7.6379166,17.6325,31.565973,7.072145
2428,04/06/2021,19.822464,24.299583,1.11,57.68182,4.7573915,4.383478,13.261666,19.822464,4.058776
2428,04/07/2021,29.762154,24.1625,1.11,55.705,7.1429167,7.2941666,16.730833,29.762154,6.753858
2428,04/08/2021,38.439236,20.764166,1.11,55.962917,9.225417,9.44125,18.0975,38.439236,8.741899
2428,04/09/2021,23.421875,20.629166,1.1108334,47.930416,5.62125,5.6395836,17.827084,23.421875,5.2218366
2428,04/10/2021,34.039932,21.496666,1.1075001,53.84625,8.169583,8.232917,16.942917,34.039932,7.623071
2428,04/11/2021,42.38889,21.76125,1.1104167,53.014584,10.173333,10.329583,20.532084,42.38889,9.564429
2428,04/12/2021,46.789932,23.656666,1.1091667,53.143333,11.229584,11.389584,18.007084,46.789932,10.545911
2428,04/13/2021,32.975693,20.832916,1.11,50.497917,7.9141665,7.957083,14.365833,32.975693,7.3676696
2428,04/14/2021,39.5,21.774166,1.1104167,49.541668,9.4800005,9.520416,19.899166,39.5,8.815201
2428,04/15/2021,36.904514,24.286667,1.1091667,59.269547,8.857083,8.84125,19.978334,36.904514,8.186342
2428,04/16/2021,42.782986,21.14,1.11,55.325,10.267917,10.3425,18.764584,42.782986,9.576389
2428,04/17/2021,36.560764,20.662916,1.1116667,51.195835,8.774583,8.825833,18.43375,36.560764,8.172068
2428,04/18/2021,34.44097,20.52625,1.1308334,49.10375,8.265834,8.118334,18.08,34.44097,7.5169754
2428,04/19/2021,25.0625,22.212084,1.1158333,49.84375,6.015,5.9900002,16.692083,25.0625,5.5462966
2428,04/20/2021,27.840279,23.51125,1.1204166,50.422173,6.681667,6.3729167,17.468334,27.840279,5.900849
2428,04/21/2021,32.171875,21.3475,1.1116667,51.908333,7.72125,7.7620835,19.392918,32.171875,7.1871142
2428,04/22/2021,45.802082,21.45375,1.11,50.496666,10.9925,11.14,19.86125,45.802082,10.314815
2428,04/23/2021,35.788193,21.7925,1.11125,53.6425,8.589167,8.740833,19.651667,35.788193,8.093364
2428,04/24/2021,20.123264,21.8825,1.1075001,49.245834,4.829583,4.9704165,17.491667,20.123264,4.6022377
2428,04/25/2021,27.202898,23.49625,1.1069565,57.393913,6.5286956,6.0730433,18.003334,27.202898,5.6231885
2428,04/26/2021,41.574654,23.107082,1.095,55.9875,9.977917,10.11,17.629583,41.574654,9.361111
2428,04/27/2021,47.380207,21.595833,1.1095834,55.934166,11.37125,11.4991665,16.74,47.380207,10.647376
2428,04/28/2021,36.711803,21.804583,1.1083333,50.837086,8.810833,8.917084,18.93125,36.711803,8.256558
2428,04/29/2021,29.33507,22.429167,1.1083333,54.449585,7.0404167,7.04,19.5525,29.33507,6.5185184
2428,04/30/2021,35.123264,24.938334,1.10875,56.075832,8.429584,8.529167,18.984583,35.123264,7.8973765
2428,05/01/2021,19.685764,24.2675,1.10875,50.986668,4.724583,4.752917,17.965,19.685764,4.400849
2428,05/02/2021,16.557291,21.631666,1.1095834,51.972916,3.97375,3.9145834,17.0025,16.557291,3.6246142
2428,05/03/2021,28.256945,22.520834,1.1420833,50.645832,6.7816668,6.3441668,16.695833,28.256945,5.8742285
2428,05/04/2021,27.309027,23.43375,1.1083333,49.363335,6.554167,6.5841665,17.492916,27.309027,6.096451
2428,05/05/2021,34.564236,22.1625,1.11125,51.913334,8.295417,8.339167,19.1775,34.564236,7.721451
2428,05/06/2021,42.182293,21.43625,1.1091667,49.509583,10.12375,10.337084,19.723333,42.182293,9.571374
2428,05/07/2021,33.618057,21.115417,1.1104167,48.380417,8.068334,8.091666,17.015833,33.618057,7.492284
2428,05/08/2021,30.255209,21.569166,1.11125,49.9075,7.26125,7.094583,17.04875,30.255209,6.5690584
2428,05/09/2021,25.39757,21.505,1.10875,48.81625,6.0954165,6.2025,16.669167,25.39757,5.743056
2428,05/10/2021,24.092014,21.997084,1.105,58.4975,5.7820835,5.8308334,16.1625,24.092014,5.3989196
2428,05/11/2021,16.003471,22.09875,1.1075001,49.003334,3.8408334,3.7879167,15.4475,16.003471,3.5073302
2428,05/12/2021,20.793404,23.661667,1.10875,53.85125,4.9904165,5.03625,19.143333,20.793404,4.663194
2428,05/13/2021,32.286457,22.136667,1.1104167,52.005833,7.74875,7.7229166,18.779167,32.286457,7.150849
2428,05/14/2021,56.453793,20.732382,1.0654546,42.758095,14.693334,14.7300005,18.439524,56.453793,13.638889
2428,05/15/2021,53.370262,18.674583,,40.289585,13.227083,13.184584,12.324166,53.370262,12.207948
2428,05/16/2021,29.126736,19.379168,,45.102917,6.9904165,6.9333334,10.840834,29.126736,6.419753
2428,05/17/2021,31.251736,20.4925,,44.97304,7.5004168,7.5291667,12.460834,31.251736,6.9714503
2428,05/18/2021,39.151043,20.998695,1.108,44.745,9.39625,8.60625,14.363044,39.151043,7.96875
2428,05/19/2021,38.586803,19.86375,1.1208333,44.353333,9.260833,9.397083,14.470833,38.586803,8.701003
2428,05/20/2021,38.42882,19.492083,1.1204166,40.857918,9.222917,9.38125,14.626667,38.42882,8.686342
2428,05/21/2021,38.10764,20.94,1.1225,44.512726,9.145833,9.166667,15.506667,38.10764,8.487655
2428,05/22/2021,30.984375,22.459583,1.12,48.74739,7.4362497,7.457083,15.070416,30.984375,6.904707
2428,05/23/2021,27.277779,20.42625,1.1241666,40.57,6.5466666,6.637083,14.362917,27.277779,6.1454473
2428,05/24/2021,28.862848,19.655416,1.12125,40.189167,6.9270835,6.965,15.506666,28.862848,6.449074
2428,05/25/2021,51.128395,22.3765,1.1835,53.038235,12.161053,12.169474,13.4255,51.128395,11.268031
2428,05/26/2021,43.52778,19.940416,1.1195834,39.128334,10.446667,10.527917,12.696667,43.52778,9.748071
2428,05/27/2021,39.821182,19.520834,1.11875,37.850418,9.557083,9.71625,12.2387495,39.821182,8.996528
2428,05/28/2021,46.13889,19.38,1.1129167,35.449165,11.073334,11.14125,12.4574995,46.13889,10.315972
2428,05/29/2021,43.387154,19.463333,1.1183333,36.398335,10.412916,10.54,12.126667,43.387154,9.759259
2428,05/30/2021,56.74303,19.100416,1.1354166,35.835835,14.83087,13.846956,12.79,56.74303,12.821256
2428,05/31/2021,43.029514,19.045416,1.1216667,34.62417,10.327084,10.66625,10.142917,43.029514,9.876158
2428,06/01/2021,19.71007,21.084167,1.11875,37.765835,4.730417,4.6683335,11.177083,19.71007,4.3225307
2428,06/02/2021,32.239582,22.081667,1.12375,41.2825,7.7375,7.7883334,12.364583,32.239582,7.2114196
2428,06/03/2021,41.477432,20.890417,1.12375,38.142918,9.954583,10.09625,15.967083,41.477432,9.348379
2428,06/04/2021,44.720486,20.69375,1.1170833,39.888332,10.732917,10.915417,14.05,44.720486,10.106868
2428,06/05/2021,54.063072,19.105652,1.1165217,40.097393,13.556521,13.80174,12.843043,54.063072,12.779388
2428,06/06/2021,39.1875,17.944166,1.11625,36.805,9.405,9.635,10.579166,39.1875,8.921296
2428,06/07/2021,38.16493,19.26375,1.1170833,39.372917,9.159583,9.399167,10.464583,38.16493,8.702932
2428,06/08/2021,55.101734,20.862083,1.1166667,37.17125,14.050417,14.270833,13.207916,55.101734,13.213735
2428,06/09/2021,44.109375,22.26,1.11625,39.171665,10.58625,10.692083,16.19625,44.109375,9.900077
2428,06/10/2021,27.416666,23.882084,1.115,50.18522,6.58,6.5546155,17.4275,27.416666,6.0690885
2428,06/11/2021,,24.29875,1.11,43.597916,,,20.891666,,
2428,06/12/2021,,28.145,1.1141667,51.230476,,,17.1175,,
2428,06/13/2021,,23.79625,1.1133333,49.045418,,,17.705418,,
2428,06/14/2021,,24.222918,1.11,49.40542,,,17.900417,,
2428,06/15/2021,,24.76087,1.1108695,52.568695,,,17.673044,,
2428,06/16/2021,,25.515417,1.11,48.912918,,,18.962084,,
2428,06/17/2021,,24.479166,1.11,50.0675,,,19.547916,,
2428,06/18/2021,,24.46375,1.11,44.967083,,,18.022917,,
2428,06/19/2021,,23.971304,1.11,49.393913,,,18.188261,,
2428,06/20/2021,,23.889166,1.1104167,49.94875,,,20.965834,,
2428,06/21/2021,,24.169584,1.11,48.977917,,,20.43375,,
2428,06/22/2021,21.114582,24.725416,1.1091667,52.995834,5.0675,15.950001,16.58125,21.114582,14.768519
2428,06/23/2021,17.666666,24.107082,1.1095834,50.808334,4.24,3.47,18.442501,17.666666,3.2129629
2428,06/24/2021,45.565216,25.053913,1.11,51.61435,10.935652,14.861739,20.686522,45.565216,13.76087
2428,06/25/2021,30.394096,23.844166,1.11,58.15739,7.2945833,11.031667,16.657917,30.394096,10.214506
2428,06/26/2021,16.86632,24.364166,1.1079167,54.460835,4.0479164,10.002084,16.322083,16.86632,9.2611885
2428,06/27/2021,27.83507,25.139584,1.1091667,52.43833,6.6804166,11.138333,18.304167,27.83507,10.3132715
2428,06/28/2021,27.947916,25.01125,1.11125,53.639584,6.7075,12.350417,16.862917,27.947916,11.435571
2428,06/29/2021,34.581596,25.250834,1.1108334,50.058636,8.299583,14.132083,14.598333,34.581596,13.085262
2428,06/30/2021,39.345486,23.549583,1.1104167,48.949165,9.442917,15.24,14.274167,39.345486,14.111111
2428,07/01/2021,38.664932,23.884167,1.10875,47.202915,9.279583,13.029166,16.275833,38.664932,12.064043
2428,07/02/2021,46.571354,11.321417,0.108625,4.143,11.177125,17.813168,4.245143,46.571354,16.493673
2428,07/03/2021,48.822395,10.087958,0.102916665,,11.717375,19.119083,2.486,48.822395,17.702854
2428,07/04/2021,40.955555,10.202375,0.09741667,,9.829333,17.5485,2.2372308,40.955555,16.248611
2428,07/05/2021,19.122261,8.82975,0.14779167,,12.095583,20.652042,4.8163,,19.122261
2428,07/06/2021,41.981598,8.988417,0.11908333,,10.075583,19.974167,2.7275295,41.981598,18.494598
2428,07/07/2021,51.49026,11.132479,0.10716667,,12.333125,22.020416,1.8829286,51.49026,20.389275
2428,07/08/2021,35.258335,9.198709,0.08866667,,8.462,16.374874,2.412,35.258335,15.1619215
2428,07/09/2021,29.942188,9.202375,0.083958335,,7.186125,11.663042,2.4727273,29.942188,10.799112
2428,07/10/2021,31.584028,9.502,0.093125,,7.580167,13.184625,1.9226667,31.584028,12.207986
2428,07/11/2021,28.292013,8.887083,0.082,,6.7900834,10.444792,2.0163126,28.292013,9.6711035
2428,07/12/2021,32.978645,9.69875,0.093125,,7.914875,13.844958,2.2539473,32.978645,12.819406
2428,07/13/2021,33.972397,9.276875,0.082041666,,8.153375,14.593041,3.3002307,33.972397,13.512075
2428,07/14/2021,33.1217,9.533208,0.07958333,,7.9492083,13.421541,3.018647,33.1217,12.427354
2428,07/15/2021,26.759375,9.590792,0.074708335,,6.42225,11.147792,1.278091,26.759375,10.322029
2428,07/16/2021,28.490452,9.570375,0.08258333,,6.8377085,8.455833,1.381,28.490452,7.8294754
2428,07/17/2021,29.837326,9.777416,0.095375,17.866,7.1609583,8.383667,3.1985,29.837326,7.7626543
2428,07/18/2021,20.827257,10.861834,0.09854167,8.139,4.998542,5.9051666,2.6793125,20.827257,5.4677467
2428,07/19/2021,22.726736,14.785958,0.11141667,10.810208,5.4544168,6.1517916,6.0435834,22.726736,5.6961036
2428,07/20/2021,28.868923,15.318666,0.098875,17.277624,6.9285417,7.407417,4.9261365,28.868923,6.8587193
2428,07/21/2021,17.335417,15.60925,0.086333334,16.826782,4.1605,4.6314583,3.9875417,17.335417,4.2883873
2428,07/22/2021,19.51875,15.675917,0.10275,19.31826,4.6845,4.896875,4.120182,19.51875,4.5341434
2428,07/23/2021,18.224653,15.7560835,0.085708335,18.983166,4.3739166,4.650833,2.9427223,18.224653,4.3063273
2428,07/24/2021,25.16736,15.487541,0.11958333,16.789207,6.040167,6.7375,3.9025,25.16736,6.2384257
2428,07/25/2021,35.25573,15.83525,0.12570833,17.736666,8.461375,9.471458,3.7036667,35.25573,8.769869
2428,07/26/2021,28.989063,16.042583,0.133125,18.168625,6.957375,7.7299166,5.2860475,28.989063,7.15733
2428,07/27/2021,37.171528,15.057417,0.134125,17.031458,8.921166,9.654458,4.4143157,37.171528,8.939313
2428,07/28/2021,47.256943,16.56721,0.13608333,17.975208,11.341666,12.46,5.3354545,47.256943,11.537037
2428,07/29/2021,35.665974,15.482041,0.12170833,19.649876,8.559834,9.619416,3.8575,35.665974,8.906867
2428,07/30/2021,30.664236,15.707583,0.114875,18.059208,7.3594165,7.8934584,3.6028125,30.664236,7.308758
2428,07/31/2021,45.02743,15.817792,0.11525,14.904667,10.806583,12.268958,4.3096156,45.02743,11.3601465
2428,08/01/2021,49.619213,16.88539,0.12566666,15.775118,11.908611,12.833222,3.3432143,49.619213,11.882613
2428,08/02/2021,48.153297,16.032541,0.14341667,13.883083,11.556791,12.759417,2.3753333,48.153297,11.814275
2428,08/03/2021,35.310764,19.179916,0.115875,13.24,8.474584,9.283334,2.7645,35.310764,8.595679
2428,08/04/2021,31.251215,15.007625,0.113,13.48513,7.500292,8.66125,2.8185883,31.251215,8.019676
2428,08/05/2021,36.91198,15.18825,0.144625,9.69325,8.858875,10.420375,4.4365,36.91198,9.648496
2428,08/06/2021,15.372222,16.572416,0.12116667,23.551,3.6893334,4.017083,5.825333,15.372222,3.7195215
2428,08/07/2021,43.26545,18.400042,0.099625,24.092916,10.383708,11.2875,5.4168334,43.26545,10.451389
2428,08/08/2021,41.76493,18.397333,0.121375,17.637125,10.023583,12.343583,6.1049166,41.76493,11.429244
2428,08/09/2021,35.216145,17.923124,0.11333333,17.322332,8.451875,10.709375,4.390875,35.216145,9.916088
2428,08/10/2021,43.71406,16.38325,0.12866667,19.315624,10.491375,13.248417,6.1660833,43.71406,12.267053
2428,08/11/2021,29.561806,16.462957,0.108125,17.822374,7.0948334,9.675292,6.351,29.561806,8.958604
2428,08/12/2021,25.441319,16.96275,0.116958335,17.783041,6.1059165,7.535,5.798042,25.441319,6.976852
2428,08/13/2021,31.410938,17.892376,0.12791666,19.135292,7.538625,9.206208,5.467583,31.410938,8.524267
2428,08/14/2021,38.037674,17.790543,0.12275,18.89225,9.129042,11.064834,5.8972917,38.037674,10.245216
2428,08/15/2021,43.853474,18.007917,0.12870833,17.760458,10.524834,13.097917,5.4684167,43.853474,12.127701
2428,08/16/2021,55.453987,16.780375,0.13279167,20.737875,14.2179165,16.60279,3.8914347,55.453987,15.372955
2428,08/17/2021,53.79752,16.361126,0.14520833,15.627791,13.43025,15.397,5.07575,53.79752,14.256481
2428,08/18/2021,46.40538,16.098417,0.14091666,16.273458,11.137292,13.665,8.088333,46.40538,12.652778
2428,08/19/2021,37.67448,16.551332,0.12469565,21.157042,9.041875,9.80575,5.980375,37.67448,9.079398
2428,08/20/2021,23.218403,16.63525,0.14058334,18.960478,5.572417,6.7349167,4.587,23.218403,6.236034
2428,08/21/2021,24.145313,17.792042,0.12829167,12.520583,5.794875,7.0245,6.917625,24.145313,6.5041666
2428,08/22/2021,46.483505,17.09575,0.1465,19.683834,11.156042,13.413959,5.9434166,46.483505,12.420332
2428,08/23/2021,57.693512,16.662167,0.156,18.449709,15.282833,18.2195,5.6994543,57.693512,16.869907
2428,08/24/2021,62.41423,16.591667,0.15229167,14.42725,17.527584,20.958542,4.312783,62.41423,19.406057
2428,08/25/2021,47.849827,16.705917,0.11766667,17.967041,11.483958,13.815792,5.228875,47.849827,12.792399
2428,08/26/2021,37.587326,16.534096,0.151,16.2114,9.020958,10.63775,7.2127776,37.587326,9.849769
2428,08/27/2021,52.232098,16.464624,0.16420834,15.417167,12.685875,15.51975,3.27275,52.232098,14.370139
2428,08/28/2021,56.498974,18.594637,0.1448125,18.537476,14.714818,17.894728,3.9472382,56.498974,16.569191
2428,08/29/2021,54.492126,18.26325,0.258875,19.361834,13.760542,16.88125,5.99275,54.492126,15.630787
2428,08/30/2021,53.82048,16.298208,0.14916667,20.896126,13.441167,16.800291,5.108619,53.82048,15.555825
2428,08/31/2021,75.16983,17.542583,0.18604167,21.468916,23.593,26.248167,8.608273,75.16983,24.303858
2428,09/01/2021,67.06389,16.231459,0.158,20.202375,19.738543,23.649876,5.2331,67.06389,21.898033
2428,09/02/2021,45.439064,16.058666,0.12670833,18.537333,10.905375,13.8155,6.6473684,45.439064,12.7921295
2428,09/03/2021,40.230556,16.157,0.114583336,21.398417,9.6553335,12.520291,3.619611,40.230556,11.592863
2428,09/04/2021,28.17552,16.106,0.10795833,18.444124,6.762125,9.672,4.6204166,28.17552,8.955556
2428,09/05/2021,37.158855,16.834042,0.056083333,21.477667,8.918125,9.945209,3.6722777,37.158855,9.208527
2428,09/06/2021,32.40764,15.7355,0.004708333,23.797209,7.7778335,10.37475,3.3938,32.40764,9.60625
2428,09/07/2021,37.24896,15.671166,0.004791667,17.67229,8.93975,12.237166,4.654619,37.24896,11.330709
2428,09/08/2021,20.144444,15.901625,0.0045,16.557083,4.8346667,7.727875,4.5409584,20.144444,7.15544
2428,09/09/2021,33.169098,15.368125,0.004625,22.578833,7.960583,10.658916,4.6039443,33.169098,9.869368
2428,09/10/2021,40.297745,15.770667,0.004666667,18.976418,9.671458,13.0459585,3.1590624,40.297745,12.079591
2428,09/11/2021,29.266008,15.938167,0.004333333,13.965105,7.0238423,10.140421,5.3524375,29.266008,9.389278
2428,09/12/2021,33.408855,17.040958,0.004041667,25.50821,8.018125,10.299583,3.3099048,33.408855,9.536652
2428,09/13/2021,46.749477,16.489,0.004,20.411917,11.219875,14.857708,4.407091,46.749477,13.757137
2428,09/14/2021,33.919445,16.2805,0.004083333,26.59871,8.140667,10.093375,3.9196923,33.919445,9.345717
2428,09/15/2021,22.273611,15.498042,0.004434783,16.105959,5.345667,6.6065,1.64,22.273611,6.11713
2428,09/16/2021,10.526563,15.792313,0.0035,12.339625,2.526375,2.4905,2.4940834,10.526563,2.3060186
2428,09/17/2021,43.703995,16.18825,0.005083333,19.0925,10.488958,12.727041,2.66075,43.703995,11.784298
2428,09/18/2021,40.67691,15.60675,0.003916667,18.904291,9.762459,12.26425,3.572318,40.67691,11.355787
2428,09/19/2021,55.33359,15.6224165,0.004,21.702875,14.160666,16.94596,4.45575,55.33359,15.690702
2428,09/20/2021,62.72276,16.594166,0.004583333,18.546,17.674292,20.748959,6.29235,62.72276,19.211998
2428,09/21/2021,36.708332,15.320541,0.003833333,16.2765,8.81,11.84075,3.8735454,36.708332,10.963657
2428,09/22/2021,32.559895,16.4455,0.004375,21.138874,7.814375,9.817792,3.028,32.559895,9.090548
2428,09/23/2021,47.53368,15.702042,0.003958333,19.620167,11.408083,13.302834,2.3598,47.53368,12.317438
2428,09/24/2021,54.83439,16.122791,0.004041667,19.864626,13.923291,16.034,3.5184705,54.83439,14.846296
2428,09/25/2021,62.155388,17.008875,0.003791667,19.415304,17.4045,20.207209,3.4184,62.155388,18.710379
2428,09/26/2021,65.52229,15.245608,0.003208333,18.767,19.0055,21.624857,3.0052142,65.52229,20.023016
2428,09/27/2021,,15.824435,0.00325,21.938131,,,3.913,,
2428,09/28/2021,,15.182208,0.003666667,20.38075,,,3.5144668,,
2428,09/29/2021,,15.723272,0.003809524,16.5065,,,4.163214,,
2428,09/30/2021,,17.398666,0.00425,21.316696,,,3.9074762,,
2428,10/01/2021,,16.046625,0.003958333,20.976479,,,4.418,,
2428,10/02/2021,,,,,,,,,
2428,10/03/2021,,,,,,,,,
2428,10/04/2021,,,,,,,,,
2428,10/05/2021,,,,,,,,,
2428,10/06/2021,,,,,,,,,
2428,10/07/2021,,,,,,,,,
2428,10/08/2021,,,,,,,,,
2428,10/09/2021,,,,,,,,,
2428,10/10/2021,,,,,,,,,
2428,10/11/2021,,,,,,,,,
2428,10/12/2021,,,,,,,,,
2428,10/13/2021,,,,,,,,,
2428,10/14/2021,,,,,,,,,
2428,10/15/2021,,,,,,,,,
2428,10/16/2021,,,,,,,,,
2428,10/17/2021,,,,,,,,,
2428,10/18/2021,,,,,,,,,
2428,10/19/2021,,,,,,,,,
2428,10/20/2021,,,,,,,,,
2428,10/21/2021,,,,,,,,,
2428,10/22/2021,,,,,,,,,
2428,10/23/2021,,,,,,,,,
2428,10/24/2021,,,,,,,,,
2428,10/25/2021,,,,,,,,,
2428,10/26/2021,,,,,,,,,
2428,10/27/2021,,,,,,,,,
2428,10/28/2021,,,,,,,,,
2428,10/29/2021,,,,,,,,,
2428,10/30/2021,,,,,,,,,
2428,10/31/2021,,,,,,,,,
2428,11/01/2021,,,,,,,,,
2428,11/02/2021,,,,,,,,,
2428,11/03/2021,,,,,,,,,
2428,11/04/2021,,,,,,,,,
2428,11/05/2021,,,,,,,,,
2428,11/06/2021,,,,,,,,,
2428,11/07/2021,,,,,,,,,
2428,11/08/2021,,,,,,,,,
2428,11/09/2021,,,,,,,,,
2428,11/10/2021,,,,,,,,,
2428,11/11/2021,,,,,,,,,
2428,11/12/2021,,,,,,,,,
2428,11/13/2021,,,,,,,,,
2428,11/14/2021,,,,,,,,,
2428,11/15/2021,,,,,,,,,
2428,11/16/2021,,,,,,,,,
2428,11/17/2021,,,,,,,,,
2428,11/18/2021,,,,,,,,,
2428,11/19/2021,,,,,,,,,
2428,11/20/2021,,,,,,,,,
2428,11/21/2021,,,,,,,,,
2428,11/22/2021,,,,,,,,,
2428,11/23/2021,,,,,,,,,
2428,11/24/2021,,,,,,,,,
2428,11/25/2021,,,,,,,,,
2428,11/26/2021,,,,,,,,,
2428,11/27/2021,,,,,,,,,
2428,11/28/2021,,,,,,,,,
2428,11/29/2021,,,,,,,,,
2428,11/30/2021,,,,,,,,,
2428,12/01/2021,,,,,,,,,
2428,12/02/2021,,,,,,,,,
2428,12/03/2021,,,,,,,,,
2428,12/04/2021,,,,,,,,,
2428,12/05/2021,,,,,,,,,
2428,12/06/2021,,,,,,,,,
2428,12/07/2021,,,,,,,,,
2428,12/08/2021,,,,,,,,,
2428,12/09/2021,,,,,,,,,
2428,12/10/2021,,,,,,,,,
2428,12/11/2021,,,,,,,,,
2428,12/12/2021,,,,,,,,,
2428,12/13/2021,,,,,,,,,
2428,12/14/2021,,,,,,,,,
2428,12/15/2021,,,,,,,,,
2428,12/16/2021,,,,,,,,,
2428,12/17/2021,,,,,,,,,
2428,12/18/2021,,,,,,,,,
2428,12/19/2021,,,,,,,,,
2428,12/20/2021,,,,,,,,,
2428,12/21/2021,,,,,,,,,
2428,12/22/2021,,,,,,,,,
2428,12/23/2021,,,,,,,,,
2428,12/24/2021,,,,,,,,,
2428,12/25/2021,,,,,,,,,
2428,12/26/2021,,,,,,,,,
2428,12/27/2021,,,,,,,,,
2428,12/28/2021,,,,,,,,,
2428,12/29/2021,,,,,,,,,
2428,12/30/2021,,,,,,,,,
2428,12/31/2021,,,,,,,,,
