date,year,month,day,so2,nox,o3,pm2.5,pm10,co,aqi_pm25,aqi_pm10,aqi
01/01/2014,2014,1,1,2.0215,7.474916667,94.40525,,,0.0,,,
01/02/2014,2014,1,2,,,,,,,,,
01/03/2014,2014,1,3,1.987,7.145791667,76.63529167,0.00325,20.72279167,,0.013541666666666667,19.187770064814814,19.187770064814814
01/04/2014,2014,1,4,,9.144458333,82.46170833,0.0,26.296,,0.0,24.348148148148148,24.348148148148148
01/05/2014,2014,1,5,1.540875,8.890625,76.877625,0.0,16.112875,,0.0,14.919328703703703,14.919328703703703
01/06/2014,2014,1,6,,8.203958333,64.51766667,0.0,16.35758333,,0.0,15.145910490740741,15.145910490740741
01/07/2014,2014,1,7,,7.48525,68.35466667,0.000291667,17.14925,,0.001215279166666667,15.878935185185185,15.878935185185185
01/08/2014,2014,1,8,,,,,,,,,
01/09/2014,2014,1,9,,8.230333333,80.94545833,,,,,,
01/10/2014,2014,1,10,,7.445875,72.90091667,,,,,,
01/11/2014,2014,1,11,,,,,,,,,
01/12/2014,2014,1,12,,,,,,,,,
1/13/2014,2014,1,13,,,,,,,,,
1/14/2014,2014,1,14,,,,,,,,,
1/15/2014,2014,1,15,,,,,,,,,
1/16/2014,2014,1,16,,,,,,,,,
1/17/2014,2014,1,17,,,,,,,,,
1/18/2014,2014,1,18,,,,,,,,,
1/19/2014,2014,1,19,,,,,,,,,
1/20/2014,2014,1,20,,,,,,,,,
1/21/2014,2014,1,21,,,,,,,,,
1/22/2014,2014,1,22,,,,,,,,,
1/23/2014,2014,1,23,,12.49579167,61.06908333,0.126083333,0.0,0.0,0.5253472208333333,0.0,0.5253472208333333
1/24/2014,2014,1,24,,,,,,,,,
1/25/2014,2014,1,25,,,,,,,,,
1/26/2014,2014,1,26,,,,,,,,,
1/27/2014,2014,1,27,,,,,,,,,
1/28/2014,2014,1,28,,,,,,,,,
1/29/2014,2014,1,29,,,,,,,,,
1/30/2014,2014,1,30,,,,,,,,,
1/31/2014,2014,1,31,,,,,,,,,
02/01/2014,2014,2,1,,,,,,,,,
02/02/2014,2014,2,2,,,,,,,,,
02/03/2014,2014,2,3,,,,,,,,,
02/04/2014,2014,2,4,,,,,,,,,
02/05/2014,2014,2,5,,,,,,,,,
02/06/2014,2014,2,6,,,,,,,,,
02/07/2014,2014,2,7,,,,,,,,,
02/08/2014,2014,2,8,,,,,,,,,
02/09/2014,2014,2,9,,,,,,,,,
02/10/2014,2014,2,10,,,,,,,,,
02/11/2014,2014,2,11,,,,,,,,,
02/12/2014,2014,2,12,,,,,,,,,
2/13/2014,2014,2,13,,,,,,,,,
2/14/2014,2014,2,14,,,,,,,,,
2/15/2014,2014,2,15,2.633125,18.94333333,92.69433333,0.127541667,0.0,4.17e-05,0.5314236125,0.0,0.5314236125
2/16/2014,2014,2,16,,16.124,89.75091667,0.127458333,0.0,0.0,0.5310763875000001,0.0,0.5310763875000001
2/17/2014,2014,2,17,,16.611875,95.44725,0.126416667,0.0,0.000166667,0.5267361125000001,0.0,0.5267361125000001
2/18/2014,2014,2,18,,,,0.126041667,0.0,0.0,0.5251736125,0.0,0.5251736125
2/19/2014,2014,2,19,,15.86658333,93.172125,0.126375,0.0,0.0,0.5265624999999999,0.0,0.5265624999999999
2/20/2014,2014,2,20,,18.58483333,84.95445833,0.125375,0.0,0.0,0.5223958333333333,0.0,0.5223958333333333
2/21/2014,2014,2,21,,14.86279167,77.21333333,0.124458333,0.0,0.0,0.5185763875,0.0,0.5185763875
2/22/2014,2014,2,22,,,33.94275,0.124708333,0.0,0.0,0.5196180541666667,0.0,0.5196180541666667
2/23/2014,2014,2,23,,18.47454167,68.35983333,0.124125,0.0,0.0,0.5171875,0.0,0.5171875
2/24/2014,2014,2,24,,,,,,,,,
2/25/2014,2014,2,25,,,,,,,,,
2/26/2014,2014,2,26,,,,,,,,,
2/27/2014,2014,2,27,,11.40154167,61.50904167,0.124958333,0.0,0.0,0.5206597208333333,0.0,0.5206597208333333
2/28/2014,2014,2,28,,10.50920833,59.06758333,0.126208333,0.0,0.0,0.5258680541666667,0.0,0.5258680541666667
03/01/2014,2014,3,1,,13.929375,64.947,0.125208333,0.0,0.0,0.5217013875000001,0.0,0.5217013875000001
03/02/2014,2014,3,2,,11.08416667,63.45616667,0.123541667,0.0,0.0,0.5147569458333333,0.0,0.5147569458333333
03/03/2014,2014,3,3,,8.734666667,56.696125,0.124833333,0.0,0.0,0.5201388875,0.0,0.5201388875
03/04/2014,2014,3,4,,10.54316667,58.73695833,0.125375,0.0,0.0,0.5223958333333333,0.0,0.5223958333333333
03/05/2014,2014,3,5,,,,,,,,,
03/06/2014,2014,3,6,,,,,,,,,
03/07/2014,2014,3,7,,,,,,,,,
03/08/2014,2014,3,8,,,,,,,,,
03/09/2014,2014,3,9,,,,,,,,,
03/10/2014,2014,3,10,,,,,,,,,
03/11/2014,2014,3,11,,,,,,,,,
03/12/2014,2014,3,12,,,,,,,,,
3/13/2014,2014,3,13,,,,,,,,,
3/14/2014,2014,3,14,,,,,,,,,
3/15/2014,2014,3,15,,,,,,,,,
3/16/2014,2014,3,16,,,,,,,,,
3/17/2014,2014,3,17,,,,,,,,,
3/18/2014,2014,3,18,,,,,,,,,
3/19/2014,2014,3,19,,14.74558333,78.80520833,10.61679167,11.7745,0.0,44.236631958333334,10.902314814814815,44.236631958333334
3/20/2014,2014,3,20,,13.78475,64.62229167,4.095541667,8.111416667,0.0,17.064756945833334,7.510570987962963,17.064756945833334
3/21/2014,2014,3,21,,9.82275,60.536,1.87425,3.768583333,0.0,7.809375,3.489429012037037,7.809375
3/22/2014,2014,3,22,,9.843375,62.35141667,4.25625,10.543875,0.0,17.734375,9.762847222222222,17.734375
3/23/2014,2014,3,23,,7.768708333,60.91070833,1.982916667,13.88075,0.0,8.262152779166668,12.852546296296298,12.852546296296298
3/24/2014,2014,3,24,,7.9605,58.73316667,1.964833333,14.92545833,0.0,8.186805554166668,13.819868824074074,13.819868824074074
3/25/2014,2014,3,25,,7.518833333,58.21483333,4.600416667,18.73254167,0.0,19.16840277916667,17.34494599074074,19.16840277916667
3/26/2014,2014,3,26,,8.089041667,58.702125,2.151708333,11.670375,0.0,8.965451387500002,10.805902777777778,10.805902777777778
3/27/2014,2014,3,27,,8.549166667,61.82570833,0.944291667,16.14966667,0.0,3.9345486125000004,14.953395064814814,14.953395064814814
3/28/2014,2014,3,28,,8.123,55.93554167,2.269708333,15.42995833,0.0,9.457118054166667,14.286998453703704,14.286998453703704
3/29/2014,2014,3,29,,10.85254167,53.508375,1.44025,9.145666667,0.0,6.0010416666666675,8.468209876851851,8.468209876851851
3/30/2014,2014,3,30,,9.465791667,54.89333333,1.660333333,10.69816667,0.0,6.918055554166667,9.905709879629631,9.905709879629631
3/31/2014,2014,3,31,,7.136083333,58.10541667,1.764125,14.79629167,0.0,7.350520833333333,13.700270064814815,13.700270064814815
04/01/2014,2014,4,1,,9.393458333,57.88475,1.624916667,15.48033333,0.0,6.7704861125,14.333641972222223,14.333641972222223
04/02/2014,2014,4,2,,8.142333333,55.94516667,1.887916667,10.12254167,0.0,7.8663194458333345,9.372723768518519,9.372723768518519
04/03/2014,2014,4,3,,,,,,,,,
04/04/2014,2014,4,4,,6.820875,54.41766667,0.890166667,4.143958333,0.0,3.709027779166667,3.836998456481481,3.836998456481481
04/05/2014,2014,4,5,,8.378458333,46.824625,1.817916667,7.924625,0.0,7.574652779166668,7.33761574074074,7.574652779166668
04/06/2014,2014,4,6,,9.625041667,51.13879167,1.408375,8.455375,0.0,5.868229166666667,7.829050925925926,7.829050925925926
04/07/2014,2014,4,7,,6.424583333,55.25279167,1.645833333,6.476708333,0.0,6.8576388875,5.996952160185185,6.8576388875
04/08/2014,2014,4,8,,4.399083333,53.86695833,1.460083333,4.687625,0.0,6.083680554166667,4.3403935185185185,6.083680554166667
04/09/2014,2014,4,9,,8.571166667,52.71120833,10.95283333,16.82858333,0.0,45.636805541666675,15.582021601851853,45.636805541666675
04/10/2014,2014,4,10,,7.657041667,55.2885,1.651958333,5.671916667,0.0,6.883159720833334,5.251774691666666,6.883159720833334
04/11/2014,2014,4,11,,9.566833333,54.49308333,0.820333333,6.787875,0.0,3.418055554166667,6.285069444444444,6.285069444444444
04/12/2014,2014,4,12,,,,,,,,,
4/13/2014,2014,4,13,,,,,,,,,
4/14/2014,2014,4,14,,,,,,,,,
4/15/2014,2014,4,15,,,,,,,,,
4/16/2014,2014,4,16,,,,,,,,,
4/17/2014,2014,4,17,,,,,,,,,
4/18/2014,2014,4,18,,,,,,,,,
4/19/2014,2014,4,19,,,,,,,,,
4/20/2014,2014,4,20,,,,,,,,,
4/21/2014,2014,4,21,,,,,,,,,
4/22/2014,2014,4,22,,,,,,,,,
4/23/2014,2014,4,23,,,,,,,,,
4/24/2014,2014,4,24,,,,,,,,,
4/25/2014,2014,4,25,,,,,,,,,
4/26/2014,2014,4,26,,,,,,,,,
4/27/2014,2014,4,27,,,,,,,,,
4/28/2014,2014,4,28,5.199583333,15.14608333,20.57220833,2.971291667,1.848458333,0.0,12.380381945833335,1.7115354935185185,12.380381945833335
4/29/2014,2014,4,29,2.271541667,13.69545833,23.03791667,3.389125,2.860916667,0.0,14.121354166666668,2.648996913888889,14.121354166666668
4/30/2014,2014,4,30,2.509958333,14.70083333,23.66704167,2.5445,2.273916667,0.0,10.602083333333335,2.1054783953703704,10.602083333333335
05/01/2014,2014,5,1,2.246625,19.349625,23.26408333,3.34525,2.964083333,0.005,13.938541666666667,2.7445216046296297,13.938541666666667
05/02/2014,2014,5,2,1.835125,18.317375,24.31591667,3.720166667,3.385458333,0.000375,15.500694445833334,3.1346836416666664,15.500694445833334
05/03/2014,2014,5,3,2.3705,21.50058333,23.60008333,2.728791667,2.567541667,0.0,11.369965279166667,2.3773533953703705,11.369965279166667
05/04/2014,2014,5,4,1.928291667,17.806125,24.23425,3.43475,3.114125,0.0,14.311458333333334,2.883449074074074,14.311458333333334
05/05/2014,2014,5,5,2.372916667,19.8335,25.37654167,3.3435,3.105333333,0.000291667,13.931250000000002,2.8753086416666664,13.931250000000002
05/06/2014,2014,5,6,4.656333333,18.99516667,38.56804167,2.553541667,2.402708333,0.0,10.639756945833335,2.2247299379629633,10.639756945833335
05/07/2014,2014,5,7,2.437708333,18.690375,24.30304167,2.477708333,2.292791667,0.0,10.323784720833332,2.122955247222222,10.323784720833332
05/08/2014,2014,5,8,3.239583333,15.07883333,29.17875,1.932708333,1.844291667,0.0,8.0529513875,1.7076774694444445,8.0529513875
05/09/2014,2014,5,9,1.861291667,12.784625,31.01670833,2.962958333,2.798375,0.0,12.345659720833334,2.591087962962963,12.345659720833334
05/10/2014,2014,5,10,3.062416667,14.38225,29.3135,3.565541667,3.313916667,0.0,14.856423612500002,3.068441358333333,14.856423612500002
05/11/2014,2014,5,11,,25.14908333,20.69875,3.091916667,3.964875,0.000125,12.882986112500001,3.671180555555556,12.882986112500001
05/12/2014,2014,5,12,,15.59425,,3.398666667,3.168583333,0.0,14.161111112500002,2.9338734564814812,14.161111112500002
5/13/2014,2014,5,13,,18.18066667,,2.454958333,2.300708333,0.000541667,10.228993054166667,2.1302854935185187,10.228993054166667
5/14/2014,2014,5,14,,17.623125,,2.917708333,2.695416667,0.0,12.157118054166668,2.495756173148148,12.157118054166668
5/15/2014,2014,5,15,,16.72754167,,8.748541667,13.02191667,0.014291667,36.452256945833334,12.05733025,36.452256945833334
5/16/2014,2014,5,16,,12.97208333,,3.816041667,13.06929167,0.0,15.900173612500001,12.101195990740742,15.900173612500001
5/17/2014,2014,5,17,,11.74308333,,1.807875,8.966,0.0,7.5328125,8.30185185185185,8.30185185185185
5/18/2014,2014,5,18,,13.97241667,,1.408875,8.95875,0.0,5.870312500000001,8.29513888888889,8.29513888888889
5/19/2014,2014,5,19,,18.34958333,,1.317625,6.5595,0.000125,5.490104166666668,6.073611111111111,6.073611111111111
5/20/2014,2014,5,20,,16.24604167,,1.158125,5.634875,0.0,4.825520833333334,5.217476851851852,5.217476851851852
5/21/2014,2014,5,21,,15.2885,,1.1755,8.191125,0.000166667,4.897916666666667,7.584375,7.584375
5/22/2014,2014,5,22,,15.8925,,0.736166667,4.105916667,0.0,3.0673611125,3.8017746916666666,3.8017746916666666
5/23/2014,2014,5,23,,15.34620833,,0.1245,0.0,0.0,0.51875,0.0,0.51875
5/24/2014,2014,5,24,,15.974625,,0.125583333,0.0,0.000791667,0.5232638875,0.0,0.5232638875
5/25/2014,2014,5,25,,12.93233333,13.86504167,0.126291667,0.0,0.001291667,0.5262152791666667,0.0,0.5262152791666667
5/26/2014,2014,5,26,,11.17133333,,0.12325,0.0,0.0,0.5135416666666667,0.0,0.5135416666666667
5/27/2014,2014,5,27,,12.22266667,,0.125208333,0.0,0.0,0.5217013875000001,0.0,0.5217013875000001
5/28/2014,2014,5,28,,15.30941667,,0.122375,0.0,0.0005,0.5098958333333333,0.0,0.5098958333333333
5/29/2014,2014,5,29,,17.88083333,15.84516667,0.124875,0.0,0.001083333,0.5203125000000001,0.0,0.5203125000000001
5/30/2014,2014,5,30,,13.71275,14.44045833,0.123,0.0,0.0,0.5125000000000001,0.0,0.5125000000000001
5/31/2014,2014,5,31,,16.45091667,22.80916667,0.122791667,0.0,0.0,0.5116319458333334,0.0,0.5116319458333334
06/01/2014,2014,6,1,,16.10966667,17.62066667,0.124666667,0.0,0.002,0.5194444458333334,0.0,0.5194444458333334
06/02/2014,2014,6,2,,11.0885,18.956625,0.129458333,0.0,0.000625,0.5394097208333334,0.0,0.5394097208333334
06/03/2014,2014,6,3,,13.58191667,31.86208333,0.122916667,0.0,0.0,0.5121527791666667,0.0,0.5121527791666667
06/04/2014,2014,6,4,,10.599,20.4025,0.122166667,0.0,0.001458333,0.5090277791666667,0.0,0.5090277791666667
06/05/2014,2014,6,5,,12.647875,19.86125,0.122458333,0.0,0.0,0.5102430541666667,0.0,0.5102430541666667
06/06/2014,2014,6,6,2.092583333,13.29204167,18.57208333,0.122083333,0.0,0.002791667,0.5086805541666667,0.0,0.5086805541666667
06/07/2014,2014,6,7,,12.625125,20.24033333,0.123,0.0,0.000458333,0.5125000000000001,0.0,0.5125000000000001
06/08/2014,2014,6,8,2.75225,10.84241667,23.51208333,0.124,0.0,0.000666667,0.5166666666666667,0.0,0.5166666666666667
06/09/2014,2014,6,9,,10.209625,22.45929167,0.123333333,0.0,0.004208333,0.5138888875000001,0.0,0.5138888875000001
06/10/2014,2014,6,10,,11.93758333,21.57483333,0.127,0.002416667,0.000208333,0.5291666666666667,0.0022376546296296296,0.5291666666666667
06/11/2014,2014,6,11,,12.13833333,21.85570833,0.1215,0.0,0.001458333,0.50625,0.0,0.50625
06/12/2014,2014,6,12,3.670708333,12.41133333,32.41241667,0.12025,0.0,0.001416667,0.5010416666666667,0.0,0.5010416666666667
6/13/2014,2014,6,13,2.523541667,12.048375,22.97745833,0.1225,0.0,0.005208333,0.5104166666666667,0.0,0.5104166666666667
6/14/2014,2014,6,14,1.777375,10.35983333,21.563,0.120833333,0.0,0.144166667,0.5034722208333334,0.0,0.5034722208333334
6/15/2014,2014,6,15,,9.737041667,20.086625,0.121125,0.0,0.151083333,0.5046875000000001,0.0,0.5046875000000001
6/16/2014,2014,6,16,,6.472916667,23.78975,0.120875,0.0,0.153958333,0.5036458333333333,0.0,0.5036458333333333
6/17/2014,2014,6,17,,,,0.122208333,0.0,0.173208333,0.5092013875,0.0,0.5092013875
6/18/2014,2014,6,18,,11.195,21.53808333,0.123583333,0.0,0.220458333,0.5149305541666667,0.0,0.5149305541666667
6/19/2014,2014,6,19,,9.223333333,31.76083333,0.125041667,0.0,0.190583333,0.5210069458333334,0.0,0.5210069458333334
6/20/2014,2014,6,20,1.790875,9.752333333,19.31795833,0.123541667,0.0,0.190916667,0.5147569458333333,0.0,0.5147569458333333
6/21/2014,2014,6,21,,7.118333333,22.54641667,0.120375,0.0,0.185875,0.5015625,0.0,0.5015625
6/22/2014,2014,6,22,,12.23745833,23.738125,0.123541667,0.0,0.240833333,0.5147569458333333,0.0,0.5147569458333333
6/23/2014,2014,6,23,2.419583333,12.576625,18.96891667,0.121375,0.0,0.213791667,0.5057291666666667,0.0,0.5057291666666667
6/24/2014,2014,6,24,4.183666667,10.90375,32.63095833,0.121458333,0.0,0.229208333,0.5060763875000001,0.0,0.5060763875000001
6/25/2014,2014,6,25,3.510541667,9.934791667,24.20558333,0.121416667,0.0,0.207083333,0.5059027791666667,0.0,0.5059027791666667
6/26/2014,2014,6,26,,10.99404167,20.27908333,0.122208333,0.0,0.225708333,0.5092013875,0.0,0.5092013875
6/27/2014,2014,6,27,,10.99541667,21.56858333,0.122125,0.0,0.251083333,0.5088541666666667,0.0,0.5088541666666667
6/28/2014,2014,6,28,1.873375,12.64175,18.57458333,0.120708333,0.0,0.229166667,0.5029513875,0.0,0.5029513875
6/29/2014,2014,6,29,,10.22379167,19.842,0.121166667,0.0,0.20575,0.5048611125000001,0.0,0.5048611125000001
6/30/2014,2014,6,30,,9.124458333,22.00204167,0.121166667,0.0,0.209416667,0.5048611125000001,0.0,0.5048611125000001
07/01/2014,2014,7,1,,10.05858333,21.72083333,0.12025,0.0,0.230958333,0.5010416666666667,0.0,0.5010416666666667
07/02/2014,2014,7,2,,13.35741667,24.89483333,0.118041667,0.0,0.223,0.4918402791666667,0.0,0.4918402791666667
07/03/2014,2014,7,3,,13.909875,27.386875,0.122041667,0.0,0.169416667,0.5085069458333334,0.0,0.5085069458333334
07/04/2014,2014,7,4,,10.46108333,27.64516667,0.121125,0.0,0.11175,0.5046875000000001,0.0,0.5046875000000001
07/05/2014,2014,7,5,3.756291667,11.52204167,26.6795,0.120666667,0.0,0.199333333,0.5027777791666668,0.0,0.5027777791666668
07/06/2014,2014,7,6,,11.9855,23.64041667,0.120083333,0.0,0.161583333,0.5003472208333334,0.0,0.5003472208333334
07/07/2014,2014,7,7,2.833166667,10.732,28.5905,0.120291667,0.0,0.205208333,0.5012152791666667,0.0,0.5012152791666667
07/08/2014,2014,7,8,,9.589083333,26.16354167,0.120791667,0.0,0.201875,0.5032986125000001,0.0,0.5032986125000001
07/09/2014,2014,7,9,8.53475,12.47883333,,0.121333333,0.0,0.248083333,0.5055555541666668,0.0,0.5055555541666668
07/10/2014,2014,7,10,,14.32179167,24.098625,0.122791667,0.0,0.224583333,0.5116319458333334,0.0,0.5116319458333334
07/11/2014,2014,7,11,2.584541667,12.19054167,25.77858333,0.120833333,0.0,0.192541667,0.5034722208333334,0.0,0.5034722208333334
07/12/2014,2014,7,12,,11.974125,25.23775,0.121875,0.0,0.224208333,0.5078125,0.0,0.5078125
7/13/2014,2014,7,13,2.513916667,12.81154167,26.48358333,0.120333333,0.0,0.119458333,0.5013888875,0.0,0.5013888875
7/14/2014,2014,7,14,,10.66358333,31.01895833,0.121541667,0.0,0.132291667,0.5064236125,0.0,0.5064236125
7/15/2014,2014,7,15,,12.3785,38.50766667,0.122833333,0.0,0.182041667,0.5118055541666667,0.0,0.5118055541666667
7/16/2014,2014,7,16,,12.39408333,29.10670833,0.122416667,0.0,0.194458333,0.5100694458333334,0.0,0.5100694458333334
7/17/2014,2014,7,17,2.59975,12.88033333,28.90791667,0.122375,0.0,0.1775,0.5098958333333333,0.0,0.5098958333333333
7/18/2014,2014,7,18,,15.32041667,31.317625,0.12275,0.0,0.232291667,0.5114583333333333,0.0,0.5114583333333333
7/19/2014,2014,7,19,,,,0.122625,4.17e-05,0.331291667,0.5109375,3.861111111111111e-05,0.5109375
7/20/2014,2014,7,20,,,,0.123666667,0.0,0.343375,0.5152777791666667,0.0,0.5152777791666667
7/21/2014,2014,7,21,,,,0.124625,0.0,0.262125,0.5192708333333333,0.0,0.5192708333333333
7/22/2014,2014,7,22,,,,0.123875,0.0,0.24825,0.5161458333333334,0.0,0.5161458333333334
7/23/2014,2014,7,23,,,,0.121333333,4.17e-05,,0.5055555541666668,3.861111111111111e-05,0.5055555541666668
7/24/2014,2014,7,24,,,,0.1225,0.0,,0.5104166666666667,0.0,0.5104166666666667
7/25/2014,2014,7,25,,,,0.120791667,4.17e-05,0.253041667,0.5032986125000001,3.861111111111111e-05,0.5032986125000001
7/26/2014,2014,7,26,,,,0.122708333,0.0,0.305416667,0.5112847208333334,0.0,0.5112847208333334
7/27/2014,2014,7,27,,,,,,,,,
7/28/2014,2014,7,28,,,,0.122916667,0.0,,0.5121527791666667,0.0,0.5121527791666667
7/29/2014,2014,7,29,,,,0.122916667,0.0,0.201583333,0.5121527791666667,0.0,0.5121527791666667
7/30/2014,2014,7,30,,,,0.122958333,0.0,0.15075,0.5123263875,0.0,0.5123263875
7/31/2014,2014,7,31,,,,0.121875,0.0,0.268583333,0.5078125,0.0,0.5078125
08/01/2014,2014,8,1,,,,0.122375,0.0,0.275333333,0.5098958333333333,0.0,0.5098958333333333
08/02/2014,2014,8,2,,,,0.121666667,0.0,,0.5069444458333334,0.0,0.5069444458333334
08/03/2014,2014,8,3,3.491041667,14.39670833,30.29454167,0.123583333,4.17e-05,0.243291667,0.5149305541666667,3.861111111111111e-05,0.5149305541666667
08/04/2014,2014,8,4,,14.10416667,30.26141667,0.123208333,0.0,,0.5133680541666668,0.0,0.5133680541666668
08/05/2014,2014,8,5,4.50375,14.68670833,33.11079167,0.122916667,0.0,0.187,0.5121527791666667,0.0,0.5121527791666667
08/06/2014,2014,8,6,3.801916667,15.58845833,32.78583333,0.121291667,0.0,0.254125,0.5053819458333334,0.0,0.5053819458333334
08/07/2014,2014,8,7,4.151458333,18.0865,32.84891667,0.121291667,0.0,0.161583333,0.5053819458333334,0.0,0.5053819458333334
08/08/2014,2014,8,8,3.770208333,21.65141667,33.335,0.122208333,0.0,0.19075,0.5092013875,0.0,0.5092013875
08/09/2014,2014,8,9,3.681916667,21.42029167,37.72220833,0.1215,4.17e-05,0.188416667,0.50625,3.861111111111111e-05,0.50625
08/10/2014,2014,8,10,4.067791667,18.62595833,39.35645833,0.122625,0.0,0.124875,0.5109375,0.0,0.5109375
08/11/2014,2014,8,11,3.551583333,18.21441667,36.54666667,0.121083333,0.0,0.230625,0.5045138875,0.0,0.5045138875
08/12/2014,2014,8,12,3.45575,20.73208333,30.56033333,0.122208333,0.0,0.2625,0.5092013875,0.0,0.5092013875
8/13/2014,2014,8,13,,18.02045833,39.71379167,0.121041667,4.17e-05,,0.5043402791666667,3.861111111111111e-05,0.5043402791666667
8/14/2014,2014,8,14,3.913125,21.7235,35.38233333,0.1205,4.17e-05,,0.5020833333333333,3.861111111111111e-05,0.5020833333333333
8/15/2014,2014,8,15,3.913291667,18.91429167,40.87058333,0.120791667,0.0,,0.5032986125000001,0.0,0.5032986125000001
8/16/2014,2014,8,16,5.342875,18.3995,39.120125,0.121416667,4.17e-05,0.155083333,0.5059027791666667,3.861111111111111e-05,0.5059027791666667
8/17/2014,2014,8,17,2.537333333,19.64895833,26.88558333,0.119666667,0.0,0.5985,0.49861111250000006,0.0,0.49861111250000006
8/18/2014,2014,8,18,3.632416667,14.68741667,29.93058333,0.12075,8.33e-05,,0.503125,7.712962962962963e-05,0.503125
8/19/2014,2014,8,19,3.915458333,13.20616667,35.63320833,0.119833333,0.0,,0.4993055541666667,0.0,0.4993055541666667
8/20/2014,2014,8,20,,13.40966667,38.44425,0.12375,4.17e-05,0.103166667,0.515625,3.861111111111111e-05,0.515625
8/21/2014,2014,8,21,3.617458333,16.18629167,35.72091667,0.120291667,0.0,0.123375,0.5012152791666667,0.0,0.5012152791666667
8/22/2014,2014,8,22,3.02275,17.7945,35.12470833,0.121041667,0.0,0.146,0.5043402791666667,0.0,0.5043402791666667
8/23/2014,2014,8,23,,16.8645,37.68645833,0.120625,0.0,0.199166667,0.5026041666666667,0.0,0.5026041666666667
8/24/2014,2014,8,24,,15.75516667,33.8275,0.1205,4.17e-05,0.273875,0.5020833333333333,3.861111111111111e-05,0.5020833333333333
8/25/2014,2014,8,25,4.235416667,14.12045833,39.6605,0.120166667,8.33e-05,0.263125,0.5006944458333333,7.712962962962963e-05,0.5006944458333333
8/26/2014,2014,8,26,,17.09154167,41.76779167,0.120916667,0.0,0.283083333,0.5038194458333334,0.0,0.5038194458333334
8/27/2014,2014,8,27,3.964458333,15.80620833,37.98066667,0.121041667,0.0,0.299125,0.5043402791666667,0.0,0.5043402791666667
8/28/2014,2014,8,28,4.882958333,14.54925,34.698625,0.12025,0.0,0.289541667,0.5010416666666667,0.0,0.5010416666666667
8/29/2014,2014,8,29,,17.428875,28.81704167,0.119541667,0.0,0.235333333,0.4980902791666667,0.0,0.4980902791666667
8/30/2014,2014,8,30,3.13475,15.88458333,29.902625,0.120958333,4.17e-05,0.173291667,0.5039930541666667,3.861111111111111e-05,0.5039930541666667
8/31/2014,2014,8,31,4.311875,15.819375,36.95075,0.120875,0.0,0.219833333,0.5036458333333333,0.0,0.5036458333333333
09/01/2014,2014,9,1,2.824083333,15.232875,29.24545833,0.11775,0.0,0.238291667,0.49062500000000003,0.0,0.49062500000000003
09/02/2014,2014,9,2,3.293541667,15.148375,34.23716667,0.121041667,0.0,0.250875,0.5043402791666667,0.0,0.5043402791666667
09/03/2014,2014,9,3,3.436916667,14.23970833,33.17475,0.118125,4.17e-05,0.212916667,0.4921875,3.861111111111111e-05,0.4921875
09/04/2014,2014,9,4,4.047708333,15.45766667,35.978875,0.119708333,0.0,0.193541667,0.49878472083333336,0.0,0.49878472083333336
09/05/2014,2014,9,5,4.278958333,12.98595833,36.07625,0.120666667,0.0,0.240958333,0.5027777791666668,0.0,0.5027777791666668
09/06/2014,2014,9,6,4.9205,15.69375,38.50629167,0.120625,0.0,0.278208333,0.5026041666666667,0.0,0.5026041666666667
09/07/2014,2014,9,7,3.433166667,13.89379167,39.48795833,0.11875,0.0,0.22775,0.4947916666666667,0.0,0.4947916666666667
09/08/2014,2014,9,8,3.577833333,12.04316667,38.78879167,0.119375,0.0,0.230541667,0.49739583333333337,0.0,0.49739583333333337
09/09/2014,2014,9,9,3.299125,21.124625,30.31225,0.120708333,0.0,0.332583333,0.5029513875,0.0,0.5029513875
09/10/2014,2014,9,10,2.674625,21.37254167,24.94766667,0.120875,0.0,,0.5036458333333333,0.0,0.5036458333333333
09/11/2014,2014,9,11,2.71075,20.85333333,24.67083333,0.120833333,0.0,,0.5034722208333334,0.0,0.5034722208333334
09/12/2014,2014,9,12,,17.70570833,32.16516667,0.120083333,0.0,,0.5003472208333334,0.0,0.5003472208333334
9/13/2014,2014,9,13,3.171208333,16.20770833,30.36045833,0.121083333,0.0,0.271708333,0.5045138875,0.0,0.5045138875
9/14/2014,2014,9,14,,16.89404167,31.99054167,0.120541667,0.0,0.449833333,0.5022569458333334,0.0,0.5022569458333334
9/15/2014,2014,9,15,,13.342875,36.21658333,0.1215,4.17e-05,0.502208333,0.50625,3.861111111111111e-05,0.50625
9/16/2014,2014,9,16,3.232666667,17.949875,29.96366667,0.121208333,0.0,0.20275,0.5050347208333333,0.0,0.5050347208333333
9/17/2014,2014,9,17,,13.877625,30.30020833,0.11875,0.0,0.1855,0.4947916666666667,0.0,0.4947916666666667
9/18/2014,2014,9,18,,13.72283333,34.97029167,0.11975,0.0,0.226333333,0.49895833333333334,0.0,0.49895833333333334
9/19/2014,2014,9,19,,16.5245,36.67366667,0.120458333,0.0,0.166625,0.5019097208333334,0.0,0.5019097208333334
9/20/2014,2014,9,20,,18.17491667,30.18775,0.120791667,0.0,0.222916667,0.5032986125000001,0.0,0.5032986125000001
9/21/2014,2014,9,21,3.2675,19.97408333,29.47904167,0.120083333,0.0,0.324916667,0.5003472208333334,0.0,0.5003472208333334
9/22/2014,2014,9,22,,18.01941667,39.28225,0.120291667,4.17e-05,0.241083333,0.5012152791666667,3.861111111111111e-05,0.5012152791666667
9/23/2014,2014,9,23,,16.04095833,38.77379167,0.122,0.0,0.19975,0.5083333333333333,0.0,0.5083333333333333
9/24/2014,2014,9,24,3.5425,19.64429167,36.63725,0.1215,0.0,0.23075,0.50625,0.0,0.50625
9/25/2014,2014,9,25,2.709166667,22.845125,23.03666667,0.120125,0.0,0.347541667,0.5005208333333333,0.0,0.5005208333333333
9/26/2014,2014,9,26,4.368583333,16.86983333,37.78404167,0.121416667,0.000166667,0.260375,0.5059027791666667,0.0001543212962962963,0.5059027791666667
9/27/2014,2014,9,27,4.48425,20.97266667,37.51970833,0.121541667,0.0,0.223791667,0.5064236125,0.0,0.5064236125
9/28/2014,2014,9,28,4.180375,16.65879167,36.69525,0.121291667,0.0,0.189208333,0.5053819458333334,0.0,0.5053819458333334
9/29/2014,2014,9,29,,15.83666667,38.573375,0.119916667,0.0,0.257125,0.4996527791666667,0.0,0.4996527791666667
9/30/2014,2014,9,30,4.295125,18.33179167,35.18170833,0.121916667,0.0,0.278583333,0.5079861125,0.0,0.5079861125
10/01/2014,2014,10,1,3.93875,22.67379167,36.66804167,0.120833333,4.17e-05,0.316541667,0.5034722208333334,3.861111111111111e-05,0.5034722208333334
10/02/2014,2014,10,2,4.523083333,17.86470833,35.01616667,0.1205,0.0,0.352416667,0.5020833333333333,0.0,0.5020833333333333
10/03/2014,2014,10,3,,,,,,,,,
10/04/2014,2014,10,4,,,,,,,,,
10/05/2014,2014,10,5,,,,,,,,,
10/06/2014,2014,10,6,,,,,,,,,
10/07/2014,2014,10,7,,,,,,,,,
10/08/2014,2014,10,8,,,,,,,,,
10/09/2014,2014,10,9,,,,,,,,,
10/10/2014,2014,10,10,,,,,,,,,
10/11/2014,2014,10,11,,,,,,,,,
10/12/2014,2014,10,12,,,,,,,,,
10/13/2014,2014,10,13,,,,,,,,,
10/14/2014,2014,10,14,,,,,,,,,
10/15/2014,2014,10,15,,,,,,,,,
10/16/2014,2014,10,16,,,,,,,,,
10/17/2014,2014,10,17,,,,,,,,,
10/18/2014,2014,10,18,,,,,,,,,
10/19/2014,2014,10,19,,,,,,,,,
10/20/2014,2014,10,20,,,,,,,,,
10/21/2014,2014,10,21,,,,,,,,,
10/22/2014,2014,10,22,,,,,,,,,
10/23/2014,2014,10,23,,,,,,,,,
10/24/2014,2014,10,24,,,,,,,,,
10/25/2014,2014,10,25,,,,,,,,,
10/26/2014,2014,10,26,,,,,,,,,
10/27/2014,2014,10,27,,,,,,,,,
10/28/2014,2014,10,28,,,,,,,,,
10/29/2014,2014,10,29,,,,,,,,,
10/30/2014,2014,10,30,,,,,,,,,
10/31/2014,2014,10,31,,,,,,,,,
11/01/2014,2014,11,1,,,,,,,,,
11/02/2014,2014,11,2,,,,,,,,,
11/03/2014,2014,11,3,,,,,,,,,
11/04/2014,2014,11,4,,,,,,,,,
11/05/2014,2014,11,5,,,,,,,,,
11/06/2014,2014,11,6,,,,,,,,,
11/07/2014,2014,11,7,,,,,,,,,
11/08/2014,2014,11,8,,,,,,,,,
11/09/2014,2014,11,9,,,,,,,,,
11/10/2014,2014,11,10,,,,,,,,,
11/11/2014,2014,11,11,,,,,,,,,
11/12/2014,2014,11,12,,,,,,,,,
11/13/2014,2014,11,13,,,,,,,,,
11/14/2014,2014,11,14,,,,,,,,,
11/15/2014,2014,11,15,,,,,,,,,
11/16/2014,2014,11,16,,,,,,,,,
11/17/2014,2014,11,17,,,,,,,,,
11/18/2014,2014,11,18,,,,,,,,,
11/19/2014,2014,11,19,,,,,,,,,
11/20/2014,2014,11,20,,,,,,,,,
11/21/2014,2014,11,21,,,,,,,,,
11/22/2014,2014,11,22,,,,,,,,,
11/23/2014,2014,11,23,,,,,,,,,
11/24/2014,2014,11,24,,,,,,,,,
11/25/2014,2014,11,25,,,,,,,,,
11/26/2014,2014,11,26,,,,,,,,,
11/27/2014,2014,11,27,,,,,,,,,
11/28/2014,2014,11,28,,,,,,,,,
11/29/2014,2014,11,29,,,,,,,,,
11/30/2014,2014,11,30,,,,,,,,,
12/01/2014,2014,12,1,,,,,,,,,
12/02/2014,2014,12,2,,,,,,,,,
12/03/2014,2014,12,3,,,,,,,,,
12/04/2014,2014,12,4,,,,,,,,,
12/05/2014,2014,12,5,,,,,,,,,
12/06/2014,2014,12,6,,,,,,,,,
12/07/2014,2014,12,7,,,,,,,,,
12/08/2014,2014,12,8,,,,,,,,,
12/09/2014,2014,12,9,,,,,,,,,
12/10/2014,2014,12,10,,,,,,,,,
12/11/2014,2014,12,11,,,,,,,,,
12/12/2014,2014,12,12,,,,,,,,,
12/13/2014,2014,12,13,,,,,,,,,
12/14/2014,2014,12,14,,,,,,,,,
12/15/2014,2014,12,15,,,,,,,,,
12/16/2014,2014,12,16,,,,,,,,,
12/17/2014,2014,12,17,,,,,,,,,
12/18/2014,2014,12,18,,,,,,,,,
12/19/2014,2014,12,19,,,,,,,,,
12/20/2014,2014,12,20,,,,,,,,,
12/21/2014,2014,12,21,,,,,,,,,
12/22/2014,2014,12,22,,,,,,,,,
12/23/2014,2014,12,23,,,,,,,,,
12/24/2014,2014,12,24,,,,,,,,,
12/25/2014,2014,12,25,,,,,,,,,
12/26/2014,2014,12,26,,,,,,,,,
12/27/2014,2014,12,27,,,,,,,,,
12/28/2014,2014,12,28,,,,,,,,,
12/29/2014,2014,12,29,,,,,,,,,
12/30/2014,2014,12,30,,,,,,,,,
12/31/2014,2014,12,31,,,,,,,,,
01/01/2015,2015,1,1,5.429,11.57620833,43.20970833,0.157416667,0.0,0.207208333,0.6559027791666667,0.0,0.6559027791666667
01/02/2015,2015,1,2,,13.152125,39.06375,0.119833333,0.0,0.173583333,0.4993055541666667,0.0,0.4993055541666667
01/03/2015,2015,1,3,4.248416667,16.64983333,38.778875,0.119333333,0.0,0.195,0.4972222208333334,0.0,0.4972222208333334
01/04/2015,2015,1,4,4.571291667,17.37654167,39.09,0.120291667,0.0,0.238916667,0.5012152791666667,0.0,0.5012152791666667
01/05/2015,2015,1,5,,16.73175,36.46183333,0.12125,0.0,0.271583333,0.5052083333333334,0.0,0.5052083333333334
01/06/2015,2015,1,6,4.150375,13.75858333,39.44816667,0.120833333,0.0,0.261208333,0.5034722208333334,0.0,0.5034722208333334
01/07/2015,2015,1,7,,18.7245,33.86758333,0.117791667,0.0,0.253125,0.49079861250000006,0.0,0.49079861250000006
01/08/2015,2015,1,8,,19.42,36.499875,0.121666667,0.0,0.218291667,0.5069444458333334,0.0,0.5069444458333334
01/09/2015,2015,1,9,4.208916667,15.283875,35.99525,0.120458333,0.0,0.239916667,0.5019097208333334,0.0,0.5019097208333334
01/10/2015,2015,1,10,,15.75841667,38.156875,0.120833333,0.0,0.202291667,0.5034722208333334,0.0,0.5034722208333334
01/11/2015,2015,1,11,,14.54020833,36.19870833,0.119458333,0.0,0.185583333,0.4977430541666667,0.0,0.4977430541666667
01/12/2015,2015,1,12,3.490375,19.69633333,35.20404167,0.120875,0.0,0.218833333,0.5036458333333333,0.0,0.5036458333333333
1/13/2015,2015,1,13,,18.37454167,43.286125,5.582208333,11.629375,0.247416667,23.2592013875,10.767939814814815,23.2592013875
1/14/2015,2015,1,14,,15.43854167,51.57970833,23.36445833,42.168125,0.349666667,74.68920421330472,39.04456018518519,74.68920421330472
1/15/2015,2015,1,15,,16.14533333,47.66133333,39.79225,51.58695833,0.475833333,111.5688567839196,47.76570215740741,111.5688567839196
1/16/2015,2015,1,16,,16.89266667,51.280625,23.02383333,42.47945833,0.455458333,73.97286837639484,39.33283178703704,73.97286837639484
1/17/2015,2015,1,17,,,12.32383333,7.590041667,32.39,0.355833333,31.625173612500003,29.99074074074074,31.625173612500003
1/18/2015,2015,1,18,,20.34675,44.389,33.29825,53.43416667,0.481083333,95.58001072961375,49.47608025,95.58001072961375
1/19/2015,2015,1,19,,21.82354167,47.40966667,21.84583333,35.283625,0.461375,71.49552932060087,32.67002314814815,71.49552932060087
1/20/2015,2015,1,20,,21.777375,49.463875,22.991625,39.267875,0.405375,73.90513412017168,36.359143518518515,73.90513412017168
1/21/2015,2015,1,21,,18.87733333,53.27075,24.3385,40.11879167,0.304791667,76.73761802575108,37.147029324074076,76.73761802575108
1/22/2015,2015,1,22,,11.065125,69.20504167,18.4705,39.573,0.220208333,64.39718884120173,36.641666666666666,64.39718884120173
1/23/2015,2015,1,23,,24.90833333,55.179625,13.77458333,23.04454167,0.284333333,54.52165593004292,21.337538583333334,54.52165593004292
1/24/2015,2015,1,24,,22.66445833,56.89516667,12.45654167,28.08254167,0.209208333,51.74980866223176,26.00235339814815,51.74980866223176
1/25/2015,2015,1,25,,18.99291667,51.62533333,18.61295833,32.2875,0.195833333,64.69677932060087,29.895833333333336,64.69677932060087
1/26/2015,2015,1,26,,20.92825,51.25729167,28.51475,46.035,0.271916667,85.52028969957081,42.625,85.52028969957081
1/27/2015,2015,1,27,,19.27258333,49.30279167,25.87595833,42.71029167,0.277666667,79.97089949227468,39.54656636111111,79.97089949227468
1/28/2015,2015,1,28,,18.90970833,50.18608333,28.52516667,45.20991667,0.331625,85.54219600128756,41.8610339537037,85.54219600128756
1/29/2015,2015,1,29,,17.74741667,47.94920833,29.9935,48.61120833,0.287625,88.63010729613735,45.01037808333333,88.63010729613735
1/30/2015,2015,1,30,,18.041375,52.72270833,23.20875,43.85991667,0.255416667,74.36174892703863,40.6110339537037,74.36174892703863
1/31/2015,2015,1,31,,17.66041667,52.32391667,8.536041667,28.92954167,0.179375,35.56684027916667,26.786612657407407,35.56684027916667
02/01/2015,2015,2,1,,15.19220833,60.285125,12.46095833,33.5795,0.201416667,51.75909691716738,31.092129629629632,51.75909691716738
02/02/2015,2015,2,2,,20.66354167,53.30025,15.81475,35.79695833,0.208416667,58.81213519313305,33.14533178703704,58.81213519313305
02/03/2015,2015,2,3,,17.06425,52.43541667,18.64583333,42.76820833,0.22475,64.76591558669529,39.60019289814815,64.76591558669529
02/04/2015,2015,2,4,,18.51825,53.11620833,21.295125,45.37525,0.254166667,70.3373873390558,42.01412037037037,70.3373873390558
02/05/2015,2015,2,5,,18.03070833,52.564875,23.914375,46.19333333,0.272625,75.8456813304721,42.77160493518519,75.8456813304721
02/06/2015,2015,2,6,,19.51254167,55.54604167,20.982875,40.926125,0.254791667,69.68072424892705,37.894560185185185,69.68072424892705
02/07/2015,2015,2,7,,16.06933333,62.118125,15.376375,35.12179167,0.325541667,57.890230686695276,32.52017747222222,57.890230686695276
02/08/2015,2015,2,8,,14.07779167,57.05404167,16.63695833,37.831625,0.300375,60.54124283991416,35.02928240740741,60.54124283991416
02/09/2015,2015,2,9,,17.58125,54.83995833,22.95320833,48.27566667,0.311666667,73.82434369828326,44.699691361111114,73.82434369828326
02/10/2015,2015,2,10,,18.60108333,56.12533333,20.79033333,43.82020833,0.293458333,69.27580829055795,40.57426697222222,69.27580829055795
02/11/2015,2015,2,11,,15.784,54.76329167,17.140125,40.3695,0.24675,61.59940450643777,37.37916666666667,61.59940450643777
02/12/2015,2015,2,12,,15.277125,57.181625,25.194875,53.32683333,0.260708333,78.53857832618026,49.37669752777778,78.53857832618026
2/13/2015,2015,2,13,,17.41158333,58.74516667,26.46391667,52.501,0.308,81.20737840472103,48.612037037037034,81.20737840472103
2/14/2015,2015,2,14,,16.62904167,54.38925,13.71383333,38.43016667,0.240458333,54.3938984193133,35.5834876574074,54.3938984193133
2/15/2015,2015,2,15,,14.43104167,51.52970833,8.826208333,28.414,0.17925,36.77586805416667,26.30925925925926,36.77586805416667
2/16/2015,2015,2,16,,13.54925,53.72754167,16.45279167,38.38,0.237833333,60.153939563519316,35.53703703703704,60.153939563519316
2/17/2015,2015,2,17,,15.22608333,48.60991667,16.45241667,43.38641667,0.198,60.153150936909874,40.172608027777784,60.153150936909874
2/18/2015,2015,2,18,,16.40829167,45.87745833,11.945375,36.7065,0.1765,49.77239583333334,33.9875,49.77239583333334
2/19/2015,2015,2,19,,14.79616667,48.47170833,11.39445833,33.218875,0.18625,47.47690970833334,30.75821759259259,47.47690970833334
2/20/2015,2015,2,20,,16.37966667,56.34333333,10.32395833,34.12270833,0.218833333,43.01649304166667,31.595100305555558,43.01649304166667
2/21/2015,2015,2,21,,16.107875,53.58920833,16.22195833,42.05195833,0.199,59.66849605879828,38.9369984537037,59.66849605879828
2/22/2015,2015,2,22,,15.59433333,51.28404167,25.75,54.329875,0.227375,79.70600858369099,,79.70600858369099
2/23/2015,2015,2,23,,16.76283333,49.94941667,20.83329167,46.0315,0.226458333,69.36614986394851,42.621759259259264,69.36614986394851
2/24/2015,2015,2,24,,15.568625,49.00916667,29.71504167,55.041375,0.278416667,88.04450823304722,51.02047853535354,88.04450823304722
2/25/2015,2015,2,25,,14.44825,44.28258333,18.55254167,44.038,0.238666667,64.56972282532189,40.775925925925925,64.56972282532189
2/26/2015,2015,2,26,,16.75816667,44.62033333,24.295375,35.98083333,0.2365,76.64692596566525,33.31558641666667,76.64692596566525
2/27/2015,2015,2,27,,16.440625,41.07641667,34.51991667,32.684375,0.1895,98.14918097982833,30.263310185185187,98.14918097982833
2/28/2015,2015,2,28,,14.99775,34.94895833,34.01466667,33.88654167,0.240083333,97.08663806137338,31.376427472222222,97.08663806137338
03/01/2015,2015,3,1,,13.08308333,37.807875,36.399,36.04854167,0.244916667,103.21361809045226,33.37827932407407,103.21361809045226
03/02/2015,2015,3,2,,16.86270833,39.38975,31.10304167,28.695125,0.249125,90.96347819012877,26.569560185185185,90.96347819012877
03/03/2015,2015,3,3,,20.863875,41.48529167,32.98033333,42.437625,0.376208333,94.91143060815452,39.29409722222222,94.91143060815452
03/04/2015,2015,3,4,,17.076875,38.66975,28.21279167,50.90695833,0.255791667,84.88527003562231,47.13607252777778,84.88527003562231
03/05/2015,2015,3,5,,17.292625,35.99470833,23.23720833,44.20679167,0.200708333,74.42159691716739,40.93221450925926,74.42159691716739
03/06/2015,2015,3,6,,13.88333333,38.23120833,26.5305,45.91179167,0.228166667,81.3474034334764,42.51091821296296,81.3474034334764
03/07/2015,2015,3,7,,13.33279167,36.34620833,26.86279167,43.54058333,0.267041667,82.0462142416309,40.315354935185184,82.0462142416309
03/08/2015,2015,3,8,,15.016,35.346625,15.310375,32.00566667,0.187791667,57.751432403433476,29.634876546296294,57.751432403433476
03/09/2015,2015,3,9,,12.646625,39.6475,29.76483333,47.72804167,0.253375,88.14922030772533,44.19263117592593,88.14922030772533
03/10/2015,2015,3,10,,13.97995833,36.79241667,14.58133333,33.60825,0.171333333,56.21825464248927,31.11875,56.21825464248927
03/11/2015,2015,3,11,,13.48141667,40.941875,21.55825,39.67604167,0.218583333,70.89074034334764,36.73707562037037,70.89074034334764
03/12/2015,2015,3,12,,12.84941667,46.51125,20.19395833,36.33720833,0.222583333,68.02162910600859,33.64556326851852,68.02162910600859
3/13/2015,2015,3,13,,15.69116667,41.23770833,19.74695833,37.84395833,0.23125,67.08158618755365,35.04070215740741,67.08158618755365
3/14/2015,2015,3,14,,15.941375,40.52058333,23.02445833,42.40395833,0.252,73.97418275407726,39.26292437962963,73.97418275407726
3/15/2015,2015,3,15,,15.207625,42.68175,28.979625,50.24829167,0.323666667,86.49792381974248,46.52619599074074,86.49792381974248
3/16/2015,2015,3,16,,17.14983333,43.31566667,27.24675,48.3035,0.304041667,82.85368025751073,44.725462962962965,82.85368025751073
3/17/2015,2015,3,17,,19.22483333,41.45954167,31.59933333,55.44625,0.519583333,92.00718168111588,51.22087121212121,92.00718168111588
3/18/2015,2015,3,18,,12.92466667,45.94245833,35.94995833,60.85445833,0.269916667,102.10793759648242,53.89766119363637,102.10793759648242
3/19/2015,2015,3,19,,19.61920833,42.89583333,38.75020833,68.42283333,0.281416667,109.0030255361809,57.643624577474746,109.0030255361809
3/20/2015,2015,3,20,,16.57033333,45.77766667,45.13645833,74.388375,0.318916667,124.72796272211056,60.59626641414141,124.72796272211056
3/21/2015,2015,3,21,,17.63925,42.99183333,37.65291667,65.20570833,0.289625,106.3011515994975,56.05131018353535,106.3011515994975
3/22/2015,2015,3,22,,15.19029167,32.79841667,12.65104167,27.60720833,0.181291667,52.15884299699571,25.562229935185183,52.15884299699571
3/23/2015,2015,3,23,,14.05479167,32.377,7.531708333,21.199125,0.125541667,31.382118054166668,19.628819444444442,31.382118054166668
3/24/2015,2015,3,24,,13.56483333,35.367875,15.62966667,29.70420833,0.177416667,58.422904155793994,27.503896601851853,58.422904155793994
3/25/2015,2015,3,25,,17.68779167,37.86154167,19.156,36.98595833,0.24525,65.83879828326181,34.246257712962965,65.83879828326181
3/26/2015,2015,3,26,,21.19679167,37.58308333,20.40304167,35.834125,0.267,68.46133226738198,33.17974537037037,68.46133226738198
3/27/2015,2015,3,27,,19.334125,39.017,15.05516667,33.75375,0.207,57.21472819012876,31.253472222222218,57.21472819012876
3/28/2015,2015,3,28,,15.960125,38.623875,19.386875,38.37808333,0.229958333,66.32432939914163,35.535262342592596,66.32432939914163
3/29/2015,2015,3,29,,15.865875,35.87920833,20.595375,38.5375,0.237166667,68.86581008583691,35.682870370370374,68.86581008583691
3/30/2015,2015,3,30,,16.04791667,34.30904167,13.75933333,30.468375,0.207541667,54.48958511459227,28.211458333333336,54.48958511459227
3/31/2015,2015,3,31,,17.02354167,40.55241667,21.57283333,40.424875,0.208916667,70.92140914892704,37.43043981481482,70.92140914892704
04/01/2015,2015,4,1,,16.33375,40.426125,29.049,42.11320833,0.255625,86.64381974248927,38.99371141666666,86.64381974248927
04/02/2015,2015,4,2,,12.51654167,38.568375,19.40408333,31.02458333,0.192625,66.36051859098713,28.726466046296295,66.36051859098713
04/03/2015,2015,4,3,,11.63825,39.40775,17.33983333,30.58979167,0.191958333,62.01939198154507,28.323881175925926,62.01939198154507
04/04/2015,2015,4,4,,12.454625,43.52504167,28.84979167,45.530875,0.238708333,86.2248837695279,42.15821759259259,86.2248837695279
04/05/2015,2015,4,5,,13.29575,41.92175,25.15120833,38.156125,0.195708333,78.44674713175966,35.329745370370375,78.44674713175966
04/06/2015,2015,4,6,,16.60870833,37.79191667,19.50570833,31.44379167,0.170083333,66.57423640214593,29.114621916666668,66.57423640214593
04/07/2015,2015,4,7,,17.54104167,35.27325,19.396,33.57270833,0.216166667,66.34351931330472,31.085841046296295,66.34351931330472
04/08/2015,2015,4,8,,,,,,,,,
04/09/2015,2015,4,9,,,,,,,,,
04/10/2015,2015,4,10,,,,,,,,,
04/11/2015,2015,4,11,,11.77833333,42.408875,13.79279167,27.69104167,0.278416667,54.5599481472103,25.639853398148148,54.5599481472103
04/12/2015,2015,4,12,,10.70629167,42.77745833,17.554,30.34666667,0.163666667,62.469785407725325,28.098765435185186,62.469785407725325
4/13/2015,2015,4,13,,10.06929167,39.97720833,15.51995833,33.375625,0.190583333,58.19218704592275,30.90335648148148,58.19218704592275
4/14/2015,2015,4,14,,9.884041667,51.73695833,27.60225,52.20829167,0.266833333,83.60129828326181,48.341010805555555,83.60129828326181
4/15/2015,2015,4,15,,14.92716667,45.265125,21.72091667,38.94945833,0.25375,71.23282904849786,36.06431326851852,71.23282904849786
4/16/2015,2015,4,16,,15.75866667,42.928125,24.83975,42.242875,0.283083333,77.79174892703863,39.11377314814815,77.79174892703863
4/17/2015,2015,4,17,,14.01741667,26.91595833,9.526791667,18.49383333,0.219375,39.69496527916667,17.123919750000002,39.69496527916667
4/18/2015,2015,4,18,,,,10.540875,19.555625,0.220166667,43.9203125,18.107060185185183,43.9203125
4/19/2015,2015,4,19,,,,15.24808333,23.734375,0.2415,57.62043275407726,21.97627314814815,57.62043275407726
4/20/2015,2015,4,20,,,,17.40775,24.866625,0.228125,62.16222103004292,23.024652777777778,62.16222103004292
4/21/2015,2015,4,21,,15.65729167,45.61433333,29.25091667,41.85575,0.295208333,87.06845136609442,38.755324074074075,87.06845136609442
4/22/2015,2015,4,22,,,,,,,,,
4/23/2015,2015,4,23,,14.82720833,38.222125,10.17754167,17.94425,0.261083333,42.406423625,16.615046296296295,42.406423625
4/24/2015,2015,4,24,,11.73775,43.90941667,12.55395833,21.70308333,0.220625,51.95467631630901,20.095447527777775,51.95467631630901
4/25/2015,2015,4,25,,14.37483333,39.68108333,17.01075,28.10616667,0.277291667,61.327328326180265,26.02422839814815,61.327328326180265
4/26/2015,2015,4,26,,12.256375,39.41220833,13.709125,23.61858333,0.226583333,54.38399678111588,21.869058638888887,54.38399678111588
4/27/2015,2015,4,27,,10.21591667,42.67541667,11.888125,21.04583333,0.203625,49.53385416666667,19.486882712962963,49.53385416666667
4/28/2015,2015,4,28,,9.403541667,42.34845833,13.05904167,22.512125,0.183625,53.01686874806867,20.844560185185188,53.01686874806867
4/29/2015,2015,4,29,,10.89383333,41.11470833,12.437875,19.91225,0.208458333,51.7105525751073,18.43726851851852,51.7105525751073
4/30/2015,2015,4,30,,10.86370833,41.5975,18.08445833,27.8305,0.207583333,63.58534155236052,25.768981481481482,63.58534155236052
05/01/2015,2015,5,1,,10.56195833,44.1235,12.45429167,21.22729167,0.196208333,51.74507690257511,19.654899694444445,51.74507690257511
05/02/2015,2015,5,2,,10.11366667,45.4625,18.14075,28.65366667,0.194916667,63.70372317596567,26.531172842592593,63.70372317596567
05/03/2015,2015,5,3,,15.25466667,38.419625,12.43683333,20.069375,0.212333333,51.70836193862661,18.58275462962963,51.70836193862661
05/04/2015,2015,5,4,,14.57566667,40.78220833,16.59375,27.01683333,0.213041667,60.45037553648069,25.015586416666668,60.45037553648069
05/05/2015,2015,5,5,,14.23529167,42.43295833,17.767625,26.40375,0.189291667,62.91903969957082,24.447916666666664,62.91903969957082
05/06/2015,2015,5,6,,12.18241667,45.45670833,21.60366667,30.34304167,0.186375,70.98625179527897,28.095408953703707,70.98625179527897
05/07/2015,2015,5,7,,14.415,47.463875,27.67825,34.99154167,0.23375,83.76112660944207,32.39957562037037,83.76112660944207
05/08/2015,2015,5,8,,13.97116667,41.82895833,20.646125,30.17045833,0.217291667,68.97253755364807,27.935609564814815,68.97253755364807
05/09/2015,2015,5,9,,9.970375,38.00341667,14.02608333,23.74654167,0.185666667,55.05056150944206,21.987538583333333,55.05056150944206
05/10/2015,2015,5,10,,8.177375,37.04629167,14.35320833,24.79404167,0.148458333,55.73850678841202,22.95744599074074,55.73850678841202
05/11/2015,2015,5,11,,10.558125,40.54354167,10.35775,21.018625,0.135041667,43.157291666666666,19.461689814814815,43.157291666666666
05/12/2015,2015,5,12,,13.44866667,42.44254167,16.84504167,28.25108333,0.184083333,60.97884299699571,26.158410490740742,60.97884299699571
5/13/2015,2015,5,13,,12.786,38.20125,10.56716667,18.00433333,0.163916667,44.029861125000004,16.67067900925926,44.029861125000004
5/14/2015,2015,5,14,,11.80125,42.05504167,12.20833333,22.49154167,0.169583333,51.227825457939915,20.825501546296298,51.227825457939915
5/15/2015,2015,5,15,,9.237291667,41.965375,11.56791667,21.944125,0.154583333,48.19965279166667,20.31863425925926,48.19965279166667
5/16/2015,2015,5,16,,7.890416667,45.319125,12.51933333,24.22554167,0.158583333,51.881859792703864,22.43105710185185,51.881859792703864
5/17/2015,2015,5,17,,7.220708333,44.22741667,11.53733333,19.93258333,0.136375,48.072222208333336,18.456095675925926,48.072222208333336
5/18/2015,2015,5,18,,11.29220833,50.938,18.22279167,27.80616667,0.141875,63.87625716008584,25.74645062037037,63.87625716008584
5/19/2015,2015,5,19,,9.456083333,49.180875,20.47279167,31.62579167,0.143958333,68.6080168167382,29.283140435185185,68.6080168167382
5/20/2015,2015,5,20,,9.74575,46.64025,23.2225,35.70683333,0.245583333,74.3906652360515,33.06188271296296,74.3906652360515
5/21/2015,2015,5,21,,10.32341667,42.519625,16.197,27.27916667,0.169,59.616008583690984,25.258487657407407,59.616008583690984
5/22/2015,2015,5,22,,8.406375,40.95291667,11.69633333,21.05670833,0.157333333,48.73472220833334,19.496952157407407,48.73472220833334
5/23/2015,2015,5,23,,10.61795833,39.18091667,10.87704167,19.63170833,0.155333333,45.32100695833334,18.17750771296296,45.32100695833334
5/24/2015,2015,5,24,,13.11141667,41.48491667,11.88179167,20.40625,0.197875,49.50746529166667,18.894675925925927,49.50746529166667
5/25/2015,2015,5,25,,11.047625,41.659625,12.9295,21.561375,0.182,52.74444206008584,19.964236111111113,52.74444206008584
5/26/2015,2015,5,26,,14.038625,38.022625,18.08520833,22.395625,0.181833333,63.5869188055794,20.736689814814813,63.5869188055794
5/27/2015,2015,5,27,,12.59670833,40.937875,9.3945,14.12820833,0.143125,39.143750000000004,13.081674379629629,39.143750000000004
5/28/2015,2015,5,28,,11.64766667,39.94970833,11.036625,18.29566667,0.142083333,45.985937500000006,16.94043210185185,45.985937500000006
5/29/2015,2015,5,29,,14.50029167,41.61129167,17.666875,27.857875,0.22125,62.707162017167384,25.794328703703705,62.707162017167384
5/30/2015,2015,5,30,,12.40629167,41.40245833,11.98783333,20.57225,0.181,49.949305541666675,19.04837962962963,49.949305541666675
5/31/2015,2015,5,31,,12.73095833,45.02504167,14.112,23.56183333,0.1965,55.231244635193136,21.816512342592592,55.231244635193136
06/01/2015,2015,6,1,,12.981625,46.23029167,16.20033333,24.447,0.200833333,59.62301859098713,22.63611111111111,59.62301859098713
06/02/2015,2015,6,2,,15.91891667,44.07445833,14.56808333,24.20283333,0.198916667,56.19038983562232,22.41003086111111,56.19038983562232
06/03/2015,2015,6,3,,14.10433333,44.64870833,12.6445,22.9045,0.1635,52.14508583690987,21.20787037037037,52.14508583690987
06/04/2015,2015,6,4,,,,19.85170833,30.862,0.215583333,67.30187588712447,28.575925925925926,67.30187588712447
06/05/2015,2015,6,5,,,,11.61366667,19.89966667,0.170958333,48.39027779166667,18.425617287037035,48.39027779166667
06/06/2015,2015,6,6,,13.74666667,36.7145,8.043416667,15.42491667,0.16425,33.51423611250001,14.28233025,33.51423611250001
06/07/2015,2015,6,7,,12.23204167,37.52145833,10.61925,17.23275,0.15625,44.246875,15.956249999999999,44.246875
06/08/2015,2015,6,8,,13.95204167,42.31583333,11.32454167,17.006375,0.174833333,47.18559029166667,15.746643518518518,47.18559029166667
06/09/2015,2015,6,9,,14.88129167,39.32941667,11.379,18.5745,0.21925,47.4125,17.198611111111113,47.4125
06/10/2015,2015,6,10,,12.07066667,40.98379167,10.46945833,15.50845833,0.185916667,43.62274304166667,14.359683638888889,43.62274304166667
06/11/2015,2015,6,11,,,,11.045875,14.926,0.166833333,46.02447916666667,13.820370370370371,46.02447916666667
06/12/2015,2015,6,12,,12.765375,35.65179167,9.796625,15.81766667,0.172875,40.81927083333334,14.645987657407407,40.81927083333334
6/13/2015,2015,6,13,,11.09695833,33.38295833,6.423208333,11.96654167,0.173375,26.76336805416667,11.080131175925926,26.76336805416667
6/14/2015,2015,6,14,,10.20041667,35.46245833,9.708458333,12.78283333,0.160958333,40.451909720833335,11.835956787037038,40.451909720833335
6/15/2015,2015,6,15,,12.54379167,37.74491667,10.07958333,12.73225,0.158625,41.998263875000006,11.789120370370371,41.998263875000006
6/16/2015,2015,6,16,,13.04475,34.7365,9.0465,10.87433333,0.184,37.69375,10.068827157407409,37.69375
6/17/2015,2015,6,17,,,,,,,,,
6/18/2015,2015,6,18,,,,,,,,,
6/19/2015,2015,6,19,,,,,,,,,
6/20/2015,2015,6,20,,,,,,,,,
6/21/2015,2015,6,21,,,,,,,,,
6/22/2015,2015,6,22,,,,,,,,,
6/23/2015,2015,6,23,,,,,,,,,
6/24/2015,2015,6,24,,,,,,,,,
6/25/2015,2015,6,25,,,,,,,,,
6/26/2015,2015,6,26,,,,,,,,,
6/27/2015,2015,6,27,,,,,,,,,
6/28/2015,2015,6,28,,,,,,,,,
6/29/2015,2015,6,29,,,,,,,,,
6/30/2015,2015,6,30,,,,,,,,,
07/01/2015,2015,7,1,,,,,,,,,
07/02/2015,2015,7,2,,,,,,,,,
07/03/2015,2015,7,3,,,,,,,,,
07/04/2015,2015,7,4,,,,,,,,,
07/05/2015,2015,7,5,,,,,,,,,
07/06/2015,2015,7,6,,,,,,,,,
07/07/2015,2015,7,7,,,,,,,,,
07/08/2015,2015,7,8,,,,,,,,,
07/09/2015,2015,7,9,1.81075,17.28016667,30.67320833,4.47225,4.762958333,0.252083333,18.634375000000002,4.41014660462963,18.634375000000002
07/10/2015,2015,7,10,,,,,,,,,
07/11/2015,2015,7,11,,,,,,,,,
07/12/2015,2015,7,12,,,,,,,,,
7/13/2015,2015,7,13,,,,,,,,,
7/14/2015,2015,7,14,,,,,,,,,
7/15/2015,2015,7,15,,,,,,,,,
7/16/2015,2015,7,16,,,,,,,,,
7/17/2015,2015,7,17,,,,,,,,,
7/18/2015,2015,7,18,,,,,,,,,
7/19/2015,2015,7,19,,,,,,,,,
7/20/2015,2015,7,20,,,,,,,,,
7/21/2015,2015,7,21,,,,,,,,,
7/22/2015,2015,7,22,,,,,,,,,
7/23/2015,2015,7,23,,,,,,,,,
7/24/2015,2015,7,24,,,,,,,,,
7/25/2015,2015,7,25,3.593791667,17.75491667,23.417625,13.12183333,14.05995833,0.167583333,53.148919878540774,13.018479935185185,53.148919878540774
7/26/2015,2015,7,26,,,,6.931208333,6.959875,0.173708333,28.880034720833336,6.444328703703704,28.880034720833336
7/27/2015,2015,7,27,1.090333333,15.77591667,17.96208333,5.405333333,5.769083333,0.234333333,22.522222220833335,5.341743826851852,22.522222220833335
7/28/2015,2015,7,28,,14.39583333,24.81341667,6.942291667,7.864333333,0.240291667,28.92621527916667,7.2817901231481486,28.92621527916667
7/29/2015,2015,7,29,,15.679125,20.49720833,8.284958333,9.288833333,0.243083333,34.520659720833336,8.60077160462963,34.520659720833336
7/30/2015,2015,7,30,,26.90004167,,8.46125,9.540666667,0.222666667,35.255208333333336,8.833950617592592,35.255208333333336
7/31/2015,2015,7,31,,16.016,23.32241667,12.109125,12.515625,0.247,51.01918991416309,11.588541666666666,51.01918991416309
08/01/2015,2015,8,1,,16.419375,17.62466667,10.83645833,11.665375,0.284166667,45.151909708333335,10.801273148148148,45.151909708333335
08/02/2015,2015,8,2,,16.808375,19.02108333,13.737375,14.655375,0.289583333,54.443406652360515,13.569791666666665,54.443406652360515
08/03/2015,2015,8,3,,14.86379167,17.23391667,9.400791667,10.52541667,0.262625,39.16996527916667,9.745756175925926,39.16996527916667
08/04/2015,2015,8,4,,,,,,,,,
08/05/2015,2015,8,5,,,,,,,,,
08/06/2015,2015,8,6,,,,,,,,,
08/07/2015,2015,8,7,,,,,,,,,
08/08/2015,2015,8,8,,,,,,,,,
08/09/2015,2015,8,9,,,,,,,,,
08/10/2015,2015,8,10,,,,,,,,,
08/11/2015,2015,8,11,,,,,,,,,
08/12/2015,2015,8,12,,,,,,,,,
8/13/2015,2015,8,13,,,,,,,,,
8/14/2015,2015,8,14,,,,,,,,,
8/15/2015,2015,8,15,,,,,,,,,
8/16/2015,2015,8,16,,,,,,,,,
8/17/2015,2015,8,17,,,,,,,,,
8/18/2015,2015,8,18,,,,,,,,,
8/19/2015,2015,8,19,,,,,,,,,
8/20/2015,2015,8,20,,,,,,,,,
8/21/2015,2015,8,21,,,,,,,,,
8/22/2015,2015,8,22,,,,,,,,,
8/23/2015,2015,8,23,,,,,,,,,
8/24/2015,2015,8,24,,,,,,,,,
8/25/2015,2015,8,25,,,,,,,,,
8/26/2015,2015,8,26,,,,,,,,,
8/27/2015,2015,8,27,,,,,,,,,
8/28/2015,2015,8,28,,,,,,,,,
8/29/2015,2015,8,29,,,,,,,,,
8/30/2015,2015,8,30,,,,,,,,,
8/31/2015,2015,8,31,,,,,,,,,
09/01/2015,2015,9,1,,,,,,,,,
09/02/2015,2015,9,2,,,,,,,,,
09/03/2015,2015,9,3,,,,,,,,,
09/04/2015,2015,9,4,,,,,,,,,
09/05/2015,2015,9,5,1.555666667,15.13295833,13.918,6.430791667,10.90791667,,26.794965279166668,10.099922842592592,26.794965279166668
09/06/2015,2015,9,6,,12.58966667,14.12366667,6.113666667,7.148,0.226208333,25.473611112500002,6.618518518518519,25.473611112500002
09/07/2015,2015,9,7,1.88125,13.16358333,16.13604167,6.324333333,10.90420833,0.23225,26.351388887500004,10.096489194444445,26.351388887500004
09/08/2015,2015,9,8,0.96025,15.95929167,15.48041667,11.57958333,14.49125,0.295083333,48.248263875000006,13.417824074074074,48.248263875000006
09/09/2015,2015,9,9,1.367958333,18.489125,18.66083333,13.26570833,16.36395833,0.330666667,53.45148962103005,15.151813268518518,53.45148962103005
09/10/2015,2015,9,10,,,,,,,,,
09/11/2015,2015,9,11,,17.13716667,16.67791667,4.98525,6.924166667,0.275333333,20.771875,6.411265432407407,20.771875
09/12/2015,2015,9,12,,16.304625,15.39266667,6.3235,8.27025,0.281583333,26.34791666666667,7.65763888888889,26.34791666666667
9/13/2015,2015,9,13,,13.30704167,,7.951291667,10.924,0.2935,33.130381945833335,10.114814814814814,33.130381945833335
9/14/2015,2015,9,14,,12.00916667,,7.121375,7.923458333,0.30025,29.672395833333333,7.336535493518519,29.672395833333333
9/15/2015,2015,9,15,,11.15558333,,7.00275,8.630125,0.305666667,29.178125,7.990856481481481,29.178125
9/16/2015,2015,9,16,,11.92054167,,8.488416667,9.445125,0.31575,35.368402779166665,8.745486111111113,35.368402779166665
9/17/2015,2015,9,17,,10.83195833,,10.771875,12.30658333,0.309375,44.8828125,11.394984564814814,44.8828125
9/18/2015,2015,9,18,,12.42570833,,11.25395833,14.03133333,0.308416667,46.89149304166667,12.991975305555556,46.89149304166667
9/19/2015,2015,9,19,,11.00383333,,12.95920833,14.55845833,0.34775,52.8069188055794,13.48005400925926,52.8069188055794
9/20/2015,2015,9,20,,10.068,,7.75125,8.29875,0.269666667,32.296875,7.684027777777778,32.296875
9/21/2015,2015,9,21,,9.494,,7.442458333,8.347041667,0.289125,31.01024305416667,7.728742284259258,31.01024305416667
9/22/2015,2015,9,22,,10.884125,,8.70525,11.57741667,0.29325,36.271875,10.71983025,36.271875
9/23/2015,2015,9,23,,11.815,,11.121875,12.01954167,0.334333333,46.341145833333336,11.12920525,46.341145833333336
9/24/2015,2015,9,24,,,,,,,,,
9/25/2015,2015,9,25,,,,,,,,,
9/26/2015,2015,9,26,,,,,,,,,
9/27/2015,2015,9,27,,,,,,,,,
9/28/2015,2015,9,28,,,,,,,,,
9/29/2015,2015,9,29,,,,,,,,,
9/30/2015,2015,9,30,,,,,,,,,
10/01/2015,2015,10,1,,,,,,,,,
10/02/2015,2015,10,2,,,,,,,,,
10/03/2015,2015,10,3,1.18675,17.18091667,18.888375,14.68133333,13.40479167,0.593916667,56.42855507167382,12.411844138888888,56.42855507167382
10/04/2015,2015,10,4,,,,,,,,,
10/05/2015,2015,10,5,,,,,,,,,
10/06/2015,2015,10,6,,,,,,,,,
10/07/2015,2015,10,7,,12.82029167,16.085125,16.16991667,15.995125,0.304583333,59.55905222446352,14.810300925925926,59.55905222446352
10/08/2015,2015,10,8,,11.35679167,,14.135,14.8245,0.328333333,55.27961373390558,13.72638888888889,55.27961373390558
10/09/2015,2015,10,9,,10.96854167,,17.73245833,18.50345833,0.358833333,62.845084041630905,17.132831787037038,62.845084041630905
10/10/2015,2015,10,10,,,,,,,,,
10/11/2015,2015,10,11,,,,,,,,,
10/12/2015,2015,10,12,,,,,,,,,
10/13/2015,2015,10,13,,,,,,,,,
10/14/2015,2015,10,14,,,,,,,,,
10/15/2015,2015,10,15,,,,,,,,,
10/16/2015,2015,10,16,,,,,,,,,
10/17/2015,2015,10,17,,,,,,,,,
10/18/2015,2015,10,18,,,,,,,,,
10/19/2015,2015,10,19,,,,,,,,,
10/20/2015,2015,10,20,,,,,,,,,
10/21/2015,2015,10,21,,,,,,,,,
10/22/2015,2015,10,22,,10.13870833,25.15470833,5.343833333,4.625083333,,22.265972220833333,4.282484567592593,22.265972220833333
10/23/2015,2015,10,23,1.369875,15.35404167,22.61133333,16.88308333,16.504375,,61.05884477124464,15.281828703703704,61.05884477124464
10/24/2015,2015,10,24,,,,,,,,,
10/25/2015,2015,10,25,,,,,,,,,
10/26/2015,2015,10,26,,,,,,,,,
10/27/2015,2015,10,27,,,,,,,,,
10/28/2015,2015,10,28,1.837208333,25.18154167,18.374,,,,,,
10/29/2015,2015,10,29,,,,,,,,,
10/30/2015,2015,10,30,,,,,,,,,
10/31/2015,2015,10,31,,30.186125,,,,,,,
11/01/2015,2015,11,1,2.749083333,16.76716667,17.87170833,,,,,,
11/02/2015,2015,11,2,,14.34820833,15.40954167,,,,,,
11/03/2015,2015,11,3,,16.17166667,,34.37804167,11.13925,,97.85081724592276,10.314120370370372,97.85081724592276
11/04/2015,2015,11,4,,,,,,,,,
11/05/2015,2015,11,5,,,,,,,,,
11/06/2015,2015,11,6,,,,,,,,,
11/07/2015,2015,11,7,,,,,,,,,
11/08/2015,2015,11,8,,,,,,,,,
11/09/2015,2015,11,9,,,,,,,,,
11/10/2015,2015,11,10,,,,,,,,,
11/11/2015,2015,11,11,,,,,,,,,
11/12/2015,2015,11,12,,,,,,,,,
11/13/2015,2015,11,13,,,,,,,,,
11/14/2015,2015,11,14,,,,,,,,,
11/15/2015,2015,11,15,,,,,,,,,
11/16/2015,2015,11,16,,,,,,,,,
11/17/2015,2015,11,17,,,,,,,,,
11/18/2015,2015,11,18,,,,,,,,,
11/19/2015,2015,11,19,,,,,,,,,
11/20/2015,2015,11,20,,,,,,,,,
11/21/2015,2015,11,21,,,,,,,,,
11/22/2015,2015,11,22,,,,,,,,,
11/23/2015,2015,11,23,,,,,,,,,
11/24/2015,2015,11,24,,,,,,,,,
11/25/2015,2015,11,25,,,,,,,,,
11/26/2015,2015,11,26,,,,,,,,,
11/27/2015,2015,11,27,,,,,,,,,
11/28/2015,2015,11,28,,,,,,,,,
11/29/2015,2015,11,29,,,,,,,,,
11/30/2015,2015,11,30,,,,,,,,,
12/01/2015,2015,12,1,,,,,,,,,
12/02/2015,2015,12,2,,,,,,,,,
12/03/2015,2015,12,3,,,,,,,,,
12/04/2015,2015,12,4,,,,,,,,,
12/05/2015,2015,12,5,,,,,,,,,
12/06/2015,2015,12,6,,,,,,,,,
12/07/2015,2015,12,7,,,,,,,,,
12/08/2015,2015,12,8,,,,,,,,,
12/09/2015,2015,12,9,,,,,,,,,
12/10/2015,2015,12,10,,,,,,,,,
12/11/2015,2015,12,11,,,,,,,,,
12/12/2015,2015,12,12,,,,,,,,,
12/13/2015,2015,12,13,,,,,,,,,
12/14/2015,2015,12,14,,,,,,,,,
12/15/2015,2015,12,15,,,,,,,,,
12/16/2015,2015,12,16,,,,,,,,,
12/17/2015,2015,12,17,,,,,,,,,
12/18/2015,2015,12,18,,,,,,,,,
12/19/2015,2015,12,19,,,,,,,,,
12/20/2015,2015,12,20,,,,,,,,,
12/21/2015,2015,12,21,,,,,,,,,
12/22/2015,2015,12,22,,,,,,,,,
12/23/2015,2015,12,23,,,,,,,,,
12/24/2015,2015,12,24,,,,,,,,,
12/25/2015,2015,12,25,,,,,,,,,
12/26/2015,2015,12,26,,,,,,,,,
12/27/2015,2015,12,27,,,,,,,,,
12/28/2015,2015,12,28,,,,,,,,,
12/29/2015,2015,12,29,,,,,,,,,
12/30/2015,2015,12,30,,,,,,,,,
12/31/2015,2015,12,31,,,,,,,,,
01/01/2016,2016,1,1,2.0,20.0,,,,,,,
01/02/2016,2016,1,2,2.0,20.0,,,,,,,
01/03/2016,2016,1,3,2.0,20.0,,,,,,,
01/04/2016,2016,1,4,2.0,29.0,,,,,,,
01/05/2016,2016,1,5,1.0,22.0,,,,,,,
01/06/2016,2016,1,6,1.0,16.0,,,,,,,
01/07/2016,2016,1,7,1.0,18.0,,,,,,,
01/08/2016,2016,1,8,1.0,20.0,,,,,,,
01/09/2016,2016,1,9,1.0,19.0,,,,,,,
01/10/2016,2016,1,10,2.0,18.0,,,,,,,
01/11/2016,2016,1,11,4.0,22.0,,,,,,,
01/12/2016,2016,1,12,1.0,17.0,,,,,,,
1/13/2016,2016,1,13,0.0,23.0,,,,,,,
1/14/2016,2016,1,14,1.0,25.0,,,,,,,
1/15/2016,2016,1,15,1.0,24.0,,,,,,,
1/16/2016,2016,1,16,1.0,25.0,,,,,,,
1/17/2016,2016,1,17,1.0,17.0,,,,,,,
1/18/2016,2016,1,18,1.0,18.0,,,,,,,
1/19/2016,2016,1,19,,,,,,,,,
1/20/2016,2016,1,20,,,,,,,,,
1/21/2016,2016,1,21,,,,,,,,,
1/22/2016,2016,1,22,,,,,,,,,
1/23/2016,2016,1,23,,,,,,,,,
1/24/2016,2016,1,24,,,,,,,,,
1/25/2016,2016,1,25,,,,,,,,,
1/26/2016,2016,1,26,,,,,,,,,
1/27/2016,2016,1,27,,,,,,,,,
1/28/2016,2016,1,28,,,,,,,,,
1/29/2016,2016,1,29,,,,,,,,,
1/30/2016,2016,1,30,,,,,,,,,
1/31/2016,2016,1,31,,,,,,,,,
02/01/2016,2016,2,1,1.0,18.0,,,,,,,
02/02/2016,2016,2,2,,,,,,,,,
02/03/2016,2016,2,3,2.0,17.0,,,,,,,
02/04/2016,2016,2,4,,15.0,,,,,,,
02/05/2016,2016,2,5,1.0,16.0,,,,,,,
02/06/2016,2016,2,6,1.0,,,,,,,,
02/07/2016,2016,2,7,1.0,20.0,,,,,,,
02/08/2016,2016,2,8,3.0,20.0,,,,,,,
02/09/2016,2016,2,9,1.0,21.0,,,,,,,
02/10/2016,2016,2,10,,20.0,,,,,,,
02/11/2016,2016,2,11,,24.0,,,,,,,
02/12/2016,2016,2,12,4.0,19.0,,,,,,,
2/13/2016,2016,2,13,1.0,20.0,,,,,,,
2/14/2016,2016,2,14,1.0,17.0,,,,,,,
2/15/2016,2016,2,15,1.0,16.0,,,,,,,
2/16/2016,2016,2,16,1.0,15.0,,,,,,,
2/17/2016,2016,2,17,1.0,18.0,,,,,,,
2/18/2016,2016,2,18,1.0,19.0,,,,,,,
2/19/2016,2016,2,19,,35.0,,,,,,,
2/20/2016,2016,2,20,,,,,,,,,
2/21/2016,2016,2,21,,,,,,,,,
2/22/2016,2016,2,22,,,,,,,,,
2/23/2016,2016,2,23,,,,,,,,,
2/24/2016,2016,2,24,,,,,,,,,
2/25/2016,2016,2,25,,,,,,,,,
2/26/2016,2016,2,26,,,,,,,,,
2/27/2016,2016,2,27,,,,,,,,,
2/28/2016,2016,2,28,,,,,,,,,
2/29/2016,2016,2,29,,,,,,,,,
03/01/2016,2016,3,1,0.0,7.0,,,,,,,
03/02/2016,2016,3,2,0.0,17.0,,,,,,,
03/03/2016,2016,3,3,0.0,15.0,,,,,,,
03/04/2016,2016,3,4,1.0,14.0,,,,,,,
03/05/2016,2016,3,5,0.0,17.0,,,,,,,
03/06/2016,2016,3,6,7.0,26.0,,,,,,,
03/07/2016,2016,3,7,0.0,14.0,,,,,,,
03/08/2016,2016,3,8,0.0,21.0,,,,,,,
03/09/2016,2016,3,9,0.0,14.0,,,,,,,
03/10/2016,2016,3,10,4.0,14.0,,,,,,,
03/11/2016,2016,3,11,0.0,17.0,,,,,,,
03/12/2016,2016,3,12,0.0,14.0,,,,,,,
3/13/2016,2016,3,13,,17.0,,,,,,,
3/14/2016,2016,3,14,,20.0,,,,,,,
3/15/2016,2016,3,15,,27.0,,,,,,,
3/16/2016,2016,3,16,,16.0,,,,,,,
3/17/2016,2016,3,17,,20.0,,,,,,,
3/18/2016,2016,3,18,,17.0,,,,,,,
3/19/2016,2016,3,19,,15.0,,,,,,,
3/20/2016,2016,3,20,,12.0,,,,,,,
3/21/2016,2016,3,21,,17.0,,,,,,,
3/22/2016,2016,3,22,,16.0,,,,,,,
3/23/2016,2016,3,23,,6.0,,,,,,,
3/24/2016,2016,3,24,,11.0,,,,,,,
3/25/2016,2016,3,25,,4.0,,,,,,,
3/26/2016,2016,3,26,,22.0,,,,,,,
3/27/2016,2016,3,27,,19.0,,,,,,,
3/28/2016,2016,3,28,,20.0,,,,,,,
3/29/2016,2016,3,29,,10.0,,,,,,,
3/30/2016,2016,3,30,,,,,,,,,
3/31/2016,2016,3,31,,,,,,,,,
04/01/2016,2016,4,1,3.0,15.0,,,,,,,
04/02/2016,2016,4,2,4.0,16.0,,,,,,,
04/03/2016,2016,4,3,26.0,11.0,,,,,,,
04/04/2016,2016,4,4,1.0,13.0,,,,,,,
04/05/2016,2016,4,5,,17.0,,,,,,,
04/06/2016,2016,4,6,,16.0,,,,,,,
04/07/2016,2016,4,7,,15.0,,,,,,,
04/08/2016,2016,4,8,,13.0,,,,,,,
04/09/2016,2016,4,9,,14.0,,,,,,,
04/10/2016,2016,4,10,,12.0,,,,,,,
04/11/2016,2016,4,11,,17.0,,,,,,,
04/12/2016,2016,4,12,,22.0,,,,,,,
4/13/2016,2016,4,13,,27.0,,,,,,,
4/14/2016,2016,4,14,,38.0,,,,,,,
4/15/2016,2016,4,15,,15.0,,,,,,,
4/16/2016,2016,4,16,,14.0,,,,,,,
4/17/2016,2016,4,17,,21.0,,,,,,,
4/18/2016,2016,4,18,,14.0,,,,,,,
4/19/2016,2016,4,19,,15.0,,,,,,,
4/20/2016,2016,4,20,,19.0,,,,,,,
4/21/2016,2016,4,21,,17.0,,,,,,,
4/22/2016,2016,4,22,,16.0,,,,,,,
4/23/2016,2016,4,23,,14.0,,,,,,,
4/24/2016,2016,4,24,,13.0,,,,,,,
4/25/2016,2016,4,25,,14.0,,,,,,,
4/26/2016,2016,4,26,,18.0,,,,,,,
4/27/2016,2016,4,27,,20.0,,,,,,,
4/28/2016,2016,4,28,,,,,,,,,
4/29/2016,2016,4,29,,,,,,,,,
4/30/2016,2016,4,30,,,,,,,,,
05/01/2016,2016,5,1,3.0,23.0,,23.0,24.0,,73.92274678111588,22.22222222222222,73.92274678111588
05/02/2016,2016,5,2,1.0,23.0,,26.0,34.0,,80.23175965665237,31.48148148148148,80.23175965665237
05/03/2016,2016,5,3,12.0,20.0,,25.0,67.0,,78.12875536480686,56.93939393939394,78.12875536480686
05/04/2016,2016,5,4,9.0,19.0,,27.0,126.0,,82.33476394849785,86.14141414141415,86.14141414141415
05/05/2016,2016,5,5,1.0,17.0,,,,,,,
05/06/2016,2016,5,6,3.0,18.0,,,,,,,
05/07/2016,2016,5,7,4.0,15.0,,,,,,,
05/08/2016,2016,5,8,20.0,21.0,,,,,,,
05/09/2016,2016,5,9,13.0,13.0,,,,,,,
05/10/2016,2016,5,10,12.0,18.0,,,,,,,
05/11/2016,2016,5,11,6.0,13.0,,,,,,,
05/12/2016,2016,5,12,3.0,12.0,,,,,,,
5/13/2016,2016,5,13,3.0,13.0,,,,,,,
5/14/2016,2016,5,14,4.0,12.0,,,,,,,
5/15/2016,2016,5,15,3.0,10.0,,,,,,,
5/16/2016,2016,5,16,6.0,20.0,,,,,,,
5/17/2016,2016,5,17,8.0,18.0,,,,,,,
5/18/2016,2016,5,18,3.0,11.0,,,,,,,
5/19/2016,2016,5,19,,2.0,,,,,,,
5/20/2016,2016,5,20,,,,,,,,,
5/21/2016,2016,5,21,,,,,,,,,
5/22/2016,2016,5,22,,,,,,,,,
5/23/2016,2016,5,23,,,,,,,,,
5/24/2016,2016,5,24,,,,,,,,,
5/25/2016,2016,5,25,,,,,,,,,
5/26/2016,2016,5,26,,,,,,,,,
5/27/2016,2016,5,27,,,,,,,,,
5/28/2016,2016,5,28,,,,,,,,,
5/29/2016,2016,5,29,,,,,,,,,
5/30/2016,2016,5,30,,,,,,,,,
5/31/2016,2016,5,31,,,,,,,,,
06/01/2016,2016,6,1,,,,,,,,,
06/02/2016,2016,6,2,,,,,,,,,
06/03/2016,2016,6,3,,,,,,,,,
06/04/2016,2016,6,4,,,,,,,,,
06/05/2016,2016,6,5,,,,,,,,,
06/06/2016,2016,6,6,,,,,,,,,
06/07/2016,2016,6,7,,,,,,,,,
06/08/2016,2016,6,8,,,,,,,,,
06/09/2016,2016,6,9,,,,,,,,,
06/10/2016,2016,6,10,,,,,,,,,
06/11/2016,2016,6,11,,,,,,,,,
06/12/2016,2016,6,12,,,,,,,,,
6/13/2016,2016,6,13,,,,,,,,,
6/14/2016,2016,6,14,,,,,,,,,
6/15/2016,2016,6,15,,,,,,,,,
6/16/2016,2016,6,16,,,,,,,,,
6/17/2016,2016,6,17,,,,,,,,,
6/18/2016,2016,6,18,,,,,,,,,
6/19/2016,2016,6,19,,,,,,,,,
6/20/2016,2016,6,20,,,,,,,,,
6/21/2016,2016,6,21,,,,,,,,,
6/22/2016,2016,6,22,,,,,,,,,
6/23/2016,2016,6,23,,,,,,,,,
6/24/2016,2016,6,24,,,,,,,,,
6/25/2016,2016,6,25,,,,,,,,,
6/26/2016,2016,6,26,,,,,,,,,
6/27/2016,2016,6,27,,,,,,,,,
6/28/2016,2016,6,28,,,,,,,,,
6/29/2016,2016,6,29,,,,,,,,,
6/30/2016,2016,6,30,,,,,,,,,
07/01/2016,2016,7,1,1.0,12.0,,9.13,18.84,,38.04166666666667,17.444444444444443,38.04166666666667
07/02/2016,2016,7,2,2.0,9.0,,15.65,62.26,,58.46566523605151,54.593333333333334,58.46566523605151
07/03/2016,2016,7,3,1.0,9.0,,12.84,77.76,,52.55622317596566,62.26505050505051,62.26505050505051
07/04/2016,2016,7,4,1.0,8.0,,20.87,23.05,,69.44334763948498,21.34259259259259,69.44334763948498
07/05/2016,2016,7,5,1.0,9.0,,6.59,44.27,,27.458333333333336,40.99074074074074,40.99074074074074
07/06/2016,2016,7,6,1.0,11.0,,11.37,43.94,,47.375,40.68518518518518,47.375
07/07/2016,2016,7,7,1.0,12.0,,14.25,7.59,,55.521459227467815,7.027777777777778,55.521459227467815
07/08/2016,2016,7,8,1.0,9.0,,8.58,24.78,,35.75,22.944444444444446,35.75
07/09/2016,2016,7,9,1.0,12.0,,7.88,29.51,,32.833333333333336,27.324074074074076,32.833333333333336
07/10/2016,2016,7,10,2.0,8.0,,5.54,42.31,,23.083333333333336,39.17592592592593,39.17592592592593
07/11/2016,2016,7,11,0.0,9.0,,5.25,11.95,,21.875,11.064814814814815,21.875
07/12/2016,2016,7,12,1.0,7.0,,12.36,28.0,,51.54678111587983,25.925925925925927,51.54678111587983
7/13/2016,2016,7,13,1.0,10.0,,13.97,4.69,,54.932618025751076,4.342592592592593,54.932618025751076
7/14/2016,2016,7,14,1.0,17.0,,23.29,58.73,,74.53261802575108,52.846161616161616,74.53261802575108
7/15/2016,2016,7,15,,,,17.12,47.76,,61.55708154506438,44.22222222222222,61.55708154506438
7/16/2016,2016,7,16,,,,5.99,29.81,,24.958333333333336,27.60185185185185,27.60185185185185
7/17/2016,2016,7,17,,,,12.62,54.37,,52.093562231759655,,52.093562231759655
7/18/2016,2016,7,18,,,,14.01,20.54,,55.01673819742489,19.01851851851852,55.01673819742489
7/19/2016,2016,7,19,,,,13.68,37.53,,54.32274678111588,34.75,54.32274678111588
7/20/2016,2016,7,20,,,,20.9,32.32,,69.50643776824035,29.925925925925927,69.50643776824035
7/21/2016,2016,7,21,,,,9.88,11.24,,41.16666666666667,10.407407407407408,41.16666666666667
7/22/2016,2016,7,22,,,,5.82,3.88,,24.250000000000004,3.5925925925925926,24.250000000000004
7/23/2016,2016,7,23,,,,4.52,2.36,,18.833333333333332,2.185185185185185,18.833333333333332
7/24/2016,2016,7,24,,,,6.61,6.06,,27.54166666666667,5.611111111111111,27.54166666666667
7/25/2016,2016,7,25,,,,11.86,15.79,,49.416666666666664,14.62037037037037,49.416666666666664
7/26/2016,2016,7,26,,,,10.16,13.83,,42.333333333333336,12.805555555555555,42.333333333333336
7/27/2016,2016,7,27,,,,6.93,9.17,,28.875,8.49074074074074,28.875
7/28/2016,2016,7,28,,,,7.81,10.6,,32.541666666666664,9.814814814814815,32.541666666666664
7/29/2016,2016,7,29,,,,7.0,11.05,,29.166666666666668,10.231481481481483,29.166666666666668
7/30/2016,2016,7,30,,,,3.91,8.79,,16.291666666666668,8.138888888888888,16.291666666666668
7/31/2016,2016,7,31,,,,,,,,,
08/01/2016,2016,8,1,2.0,14.0,,4.44,5.34,,18.500000000000004,4.944444444444445,18.500000000000004
08/02/2016,2016,8,2,1.0,11.0,,4.82,5.1,,20.083333333333336,4.722222222222222,20.083333333333336
08/03/2016,2016,8,3,1.0,12.0,,4.11,5.02,,17.125000000000004,4.648148148148148,17.125000000000004
08/04/2016,2016,8,4,6.0,12.0,,5.01,9.05,,20.875,8.37962962962963,20.875
08/05/2016,2016,8,5,1.0,11.0,,4.0,6.2,,16.666666666666668,5.740740740740741,16.666666666666668
08/06/2016,2016,8,6,1.0,10.0,,4.59,6.18,,19.125,5.722222222222222,19.125
08/07/2016,2016,8,7,4.0,13.0,,1.4,2.02,,5.833333333333333,1.8703703703703705,5.833333333333333
08/08/2016,2016,8,8,11.0,10.0,,3.35,5.36,,13.958333333333334,4.962962962962964,13.958333333333334
08/09/2016,2016,8,9,8.0,14.0,,2.17,5.14,,9.041666666666668,4.759259259259259,9.041666666666668
08/10/2016,2016,8,10,2.0,13.0,,4.04,5.54,,16.833333333333336,5.12962962962963,16.833333333333336
08/11/2016,2016,8,11,2.0,10.0,,4.85,6.68,,20.208333333333332,6.185185185185185,20.208333333333332
08/12/2016,2016,8,12,2.0,14.0,,3.96,4.46,,16.5,4.12962962962963,16.5
8/13/2016,2016,8,13,6.0,15.0,,2.26,2.69,,9.416666666666666,2.490740740740741,9.416666666666666
8/14/2016,2016,8,14,3.0,16.0,,2.37,5.41,,9.875000000000002,5.0092592592592595,9.875000000000002
8/15/2016,2016,8,15,3.0,18.0,,2.81,6.51,,11.708333333333334,6.027777777777778,11.708333333333334
8/16/2016,2016,8,16,2.0,14.0,,1.59,6.0,,6.625000000000001,5.555555555555555,6.625000000000001
8/17/2016,2016,8,17,3.0,13.0,,2.57,6.19,,10.708333333333334,5.731481481481482,10.708333333333334
8/18/2016,2016,8,18,1.0,10.0,,3.64,7.21,,15.166666666666668,6.675925925925926,15.166666666666668
8/19/2016,2016,8,19,1.0,12.0,,2.63,7.25,,10.958333333333334,6.712962962962963,10.958333333333334
8/20/2016,2016,8,20,2.0,10.0,,3.34,3.37,,13.916666666666668,3.1203703703703707,13.916666666666668
8/21/2016,2016,8,21,2.0,8.0,,3.58,6.88,,14.916666666666668,6.37037037037037,14.916666666666668
8/22/2016,2016,8,22,3.0,11.0,,3.3,10.88,,13.75,10.074074074074074,13.75
8/23/2016,2016,8,23,2.0,9.0,,3.96,8.31,,16.5,7.694444444444445,16.5
8/24/2016,2016,8,24,2.0,8.0,,3.76,9.71,,15.666666666666666,8.990740740740742,15.666666666666666
8/25/2016,2016,8,25,1.0,8.0,,4.18,13.3,,17.416666666666668,12.314814814814815,17.416666666666668
8/26/2016,2016,8,26,2.0,10.0,,3.98,15.51,,16.583333333333336,14.36111111111111,16.583333333333336
8/27/2016,2016,8,27,3.0,14.0,,2.14,6.61,,8.916666666666668,6.120370370370371,8.916666666666668
8/28/2016,2016,8,28,2.0,15.0,,1.39,5.81,,5.791666666666667,5.379629629629629,5.791666666666667
8/29/2016,2016,8,29,2.0,15.0,,0.93,3.18,,3.8750000000000004,2.9444444444444446,3.8750000000000004
8/30/2016,2016,8,30,3.0,17.0,,2.66,14.04,,11.083333333333334,13.0,13.0
8/31/2016,2016,8,31,2.0,17.0,,2.63,9.96,,10.958333333333334,9.222222222222223,10.958333333333334
09/01/2016,2016,9,1,2.0,14.0,,3.3,8.77,,13.75,8.12037037037037,13.75
09/02/2016,2016,9,2,3.0,12.0,,4.85,13.27,,20.208333333333332,12.287037037037036,20.208333333333332
09/03/2016,2016,9,3,2.0,11.0,,4.2,10.67,,17.500000000000004,9.87962962962963,17.500000000000004
09/04/2016,2016,9,4,1.0,12.0,,2.33,4.8,,9.708333333333334,4.444444444444445,9.708333333333334
09/05/2016,2016,9,5,1.0,13.0,,3.65,6.53,,15.208333333333334,6.046296296296297,15.208333333333334
09/06/2016,2016,9,6,7.0,11.0,,5.54,7.65,,23.083333333333336,7.083333333333334,23.083333333333336
09/07/2016,2016,9,7,2.0,12.0,,7.01,9.58,,29.208333333333336,8.87037037037037,29.208333333333336
09/08/2016,2016,9,8,1.0,12.0,,9.68,10.73,,40.333333333333336,9.935185185185185,40.333333333333336
09/09/2016,2016,9,9,1.0,16.0,,9.25,4.87,,38.54166666666667,4.5092592592592595,38.54166666666667
09/10/2016,2016,9,10,1.0,10.0,,11.35,5.12,,47.29166666666667,4.7407407407407405,47.29166666666667
09/11/2016,2016,9,11,1.0,11.0,,11.65,5.68,,48.54166666666667,5.259259259259259,48.54166666666667
09/12/2016,2016,9,12,,,,11.05,5.89,,46.04166666666667,5.453703703703703,46.04166666666667
9/13/2016,2016,9,13,,,,11.93,7.81,,49.708333333333336,7.231481481481481,49.708333333333336
9/14/2016,2016,9,14,,,,11.18,7.96,,46.583333333333336,7.37037037037037,46.583333333333336
9/15/2016,2016,9,15,,,,13.49,9.27,,53.92317596566524,8.583333333333332,53.92317596566524
9/16/2016,2016,9,16,,,,15.92,4.9,,59.033476394849785,4.537037037037037,59.033476394849785
9/17/2016,2016,9,17,,,,22.58,3.55,,73.03948497854077,3.2870370370370368,73.03948497854077
9/18/2016,2016,9,18,,,,16.51,5.23,,60.274248927038634,4.8425925925925934,60.274248927038634
9/19/2016,2016,9,19,,,,,,,,,
9/20/2016,2016,9,20,,,,,,,,,
9/21/2016,2016,9,21,,,,,,,,,
9/22/2016,2016,9,22,,,,,,,,,
9/23/2016,2016,9,23,,,,,,,,,
9/24/2016,2016,9,24,,,,,,,,,
9/25/2016,2016,9,25,,,,,,,,,
9/26/2016,2016,9,26,,,,,,,,,
9/27/2016,2016,9,27,,,,,,,,,
9/28/2016,2016,9,28,,,,,,,,,
9/29/2016,2016,9,29,,,,,,,,,
9/30/2016,2016,9,30,,,,,,,,,
10/01/2016,2016,10,1,1.0,12.0,,4.395,15.0,,18.3125,13.88888888888889,18.3125
10/02/2016,2016,10,2,1.0,15.0,,4.7,16.719,,19.583333333333336,15.480555555555556,19.583333333333336
10/03/2016,2016,10,3,1.0,14.0,,6.841,21.862,,28.50416666666667,20.24259259259259,28.50416666666667
10/04/2016,2016,10,4,5.0,26.0,,3.777,16.715,,15.737500000000002,15.476851851851851,15.737500000000002
10/05/2016,2016,10,5,5.0,7.0,,6.83,25.119,,28.458333333333336,23.258333333333333,28.458333333333336
10/06/2016,2016,10,6,7.0,7.0,,7.137,23.857,,29.7375,22.089814814814815,29.7375
10/07/2016,2016,10,7,5.0,9.0,,6.159,18.562,,25.6625,17.187037037037037,25.6625
10/08/2016,2016,10,8,6.0,12.0,,3.884,12.352,,16.183333333333334,11.437037037037037,16.183333333333334
10/09/2016,2016,10,9,6.0,9.0,,5.075,11.223,,21.145833333333336,10.391666666666667,21.145833333333336
10/10/2016,2016,10,10,,55.0,,10.697,19.582,,44.57083333333333,18.131481481481483,44.57083333333333
10/11/2016,2016,10,11,6.0,7.0,,12.199,25.916,,51.2081974248927,23.996296296296297,51.2081974248927
10/12/2016,2016,10,12,5.0,6.0,,8.915,18.951,,37.145833333333336,17.547222222222224,37.145833333333336
10/13/2016,2016,10,13,6.0,7.0,,6.826,16.814,,28.441666666666666,15.568518518518518,28.441666666666666
10/14/2016,2016,10,14,6.0,6.0,,4.429,14.653,,18.45416666666667,13.567592592592593,18.45416666666667
10/15/2016,2016,10,15,5.0,7.0,,9.395,26.468,,39.145833333333336,24.507407407407406,39.145833333333336
10/16/2016,2016,10,16,5.0,5.0,,6.174,13.735,,25.725000000000005,12.717592592592592,25.725000000000005
10/17/2016,2016,10,17,5.0,7.0,,2.631,9.249,,10.9625,8.56388888888889,10.9625
10/18/2016,2016,10,18,6.0,9.0,,8.058,22.578,,33.575,20.905555555555555,33.575
10/19/2016,2016,10,19,5.0,5.0,,9.943,21.812,,41.42916666666667,20.196296296296296,41.42916666666667
10/20/2016,2016,10,20,6.0,5.0,,12.698,24.025,,52.25759656652361,22.24537037037037,52.25759656652361
10/21/2016,2016,10,21,6.0,7.0,,12.762,24.335,,52.392188841201715,22.53240740740741,52.392188841201715
10/22/2016,2016,10,22,5.0,8.0,,10.784,23.24,,44.93333333333334,21.518518518518515,44.93333333333334
10/23/2016,2016,10,23,5.0,7.0,,28.383,42.79,,85.24321888412018,39.62037037037037,85.24321888412018
10/24/2016,2016,10,24,5.0,9.0,,31.28,46.744,,91.33562231759657,43.28148148148148,91.33562231759657
10/25/2016,2016,10,25,6.0,11.0,,49.867,78.262,,136.37603015075376,62.51351515151515,136.37603015075376
10/26/2016,2016,10,26,6.0,12.0,,22.482,36.111,,72.83339055793992,33.43611111111111,72.83339055793992
10/27/2016,2016,10,27,6.0,12.0,,20.101,30.662,,67.82613733905579,28.39074074074074,67.82613733905579
10/28/2016,2016,10,28,5.0,12.0,,16.058,25.351,,59.323690987124465,23.473148148148148,59.323690987124465
10/29/2016,2016,10,29,6.0,12.0,,,,,,,
10/30/2016,2016,10,30,5.0,16.0,,,,,,,
10/31/2016,2016,10,31,5.0,11.0,,,,,,,
11/01/2016,2016,11,1,5.0,8.0,,13.936,22.106,,54.861115879828326,20.468518518518522,54.861115879828326
11/02/2016,2016,11,2,5.0,13.0,,25.967,36.52,,80.16236051502146,33.81481481481482,80.16236051502146
11/03/2016,2016,11,3,,,,33.674,44.167,,96.37021459227468,40.89537037037037,96.37021459227468
11/04/2016,2016,11,4,7.0,14.0,,25.292,43.502,,78.74283261802576,40.27962962962963,78.74283261802576
11/05/2016,2016,11,5,6.0,12.0,,13.246,27.459,,53.410042918454934,25.425,53.410042918454934
11/06/2016,2016,11,6,6.0,10.0,,16.59,31.18,,60.44248927038627,28.87037037037037,60.44248927038627
11/07/2016,2016,11,7,5.0,14.0,,18.509,35.387,,64.47815450643778,32.76574074074074,64.47815450643778
11/08/2016,2016,11,8,5.0,16.0,,19.079,35.42,,65.67686695278971,32.7962962962963,65.67686695278971
11/09/2016,2016,11,9,5.0,21.0,,19.586,35.56,,66.74309012875537,32.92592592592593,66.74309012875537
11/10/2016,2016,11,10,6.0,17.0,,47.126,72.33,,129.62683417085427,59.577474747474746,129.62683417085427
11/11/2016,2016,11,11,6.0,17.0,,26.223,41.516,,80.70072961373391,38.440740740740736,80.70072961373391
11/12/2016,2016,11,12,6.0,18.0,,23.438,32.378,,74.84386266094421,29.97962962962963,74.84386266094421
11/13/2016,2016,11,13,7.0,17.0,,15.792,25.441,,58.76429184549357,23.55648148148148,58.76429184549357
11/14/2016,2016,11,14,6.0,16.0,,23.054,32.741,,74.03630901287553,30.31574074074074,74.03630901287553
11/15/2016,2016,11,15,5.0,12.0,,33.736,47.891,,96.5006008583691,44.343518518518515,96.5006008583691
11/16/2016,2016,11,16,5.0,9.0,,10.891,14.325,,45.37916666666667,13.263888888888888,45.37916666666667
11/17/2016,2016,11,17,5.0,10.0,,20.834,26.512,,69.36763948497854,24.548148148148147,69.36763948497854
11/18/2016,2016,11,18,5.0,10.0,,38.633,43.222,,108.71442211055277,40.02037037037037,108.71442211055277
11/19/2016,2016,11,19,5.0,12.0,,52.817,50.927,,143.63984924623117,47.15462962962963,143.63984924623117
11/20/2016,2016,11,20,5.0,8.0,,47.189,43.42,,129.781959798995,40.2037037037037,129.781959798995
11/21/2016,2016,11,21,6.0,13.0,,78.687,69.259,,162.9722128556375,58.05748484848485,162.9722128556375
11/22/2016,2016,11,22,12.0,38.0,,67.777,60.54,,157.33902002107482,53.7420202020202,157.33902002107482
11/23/2016,2016,11,23,3.0,11.0,,48.587,44.305,,133.22427135678393,41.023148148148145,133.22427135678393
11/24/2016,2016,11,24,3.0,14.0,,71.076,66.393,,159.04240252897787,56.6389595959596,159.04240252897787
11/25/2016,2016,11,25,3.0,8.0,,68.149,62.124,,157.53109589041097,54.526020202020206,157.53109589041097
11/26/2016,2016,11,26,3.0,12.0,,85.107,79.903,,166.28707060063223,63.32572727272728,166.28707060063223
11/27/2016,2016,11,27,3.0,14.0,,,,,,,
11/28/2016,2016,11,28,3.0,12.0,,,,,,,
11/29/2016,2016,11,29,,,,,,,,,
11/30/2016,2016,11,30,,,,,,,,,
12/01/2016,2016,12,1,4.0,11.52,,39.27,37.06,,110.28291457286433,34.31481481481482,110.28291457286433
12/02/2016,2016,12,2,4.0,11.955,,26.37,24.44,,81.0098712446352,22.62962962962963,81.0098712446352
12/03/2016,2016,12,3,4.0,12.67,,33.3,31.3,,95.58369098712447,28.98148148148148,95.58369098712447
12/04/2016,2016,12,4,4.0,11.949,,38.45,38.24,,108.2638190954774,35.40740740740741,108.2638190954774
12/05/2016,2016,12,5,4.0,12.945,,25.79,25.69,,79.7901287553648,23.787037037037038,79.7901287553648
12/06/2016,2016,12,6,,55.0,,32.06,31.21,,92.97596566523606,28.89814814814815,92.97596566523606
12/07/2016,2016,12,7,4.0,12.77,,30.23,30.02,,89.12746781115881,27.796296296296298,89.12746781115881
12/08/2016,2016,12,8,4.0,9.74,,33.49,32.1,,95.98326180257511,29.722222222222225,95.98326180257511
12/09/2016,2016,12,9,4.0,13.334,,16.17,20.79,,59.55922746781116,19.25,59.55922746781116
12/10/2016,2016,12,10,4.0,10.773,,12.67,15.31,,52.198712446351934,14.175925925925926,52.198712446351934
12/11/2016,2016,12,11,4.0,12.857,,18.86,22.93,,65.21630901287554,21.23148148148148,65.21630901287554
12/12/2016,2016,12,12,4.0,11.559,,11.92,19.19,,49.66666666666667,17.76851851851852,49.66666666666667
12/13/2016,2016,12,13,4.0,14.192,,5.25,12.07,,21.875,11.175925925925926,21.875
12/14/2016,2016,12,14,4.0,13.851,,7.44,14.22,,31.000000000000004,13.166666666666668,31.000000000000004
12/15/2016,2016,12,15,4.0,12.077,,5.55,11.11,,23.125,10.287037037037036,23.125
12/16/2016,2016,12,16,3.0,10.797,,7.49,13.25,,31.208333333333336,12.268518518518519,31.208333333333336
12/17/2016,2016,12,17,3.0,11.061,,10.51,17.98,,43.79166666666667,16.64814814814815,43.79166666666667
12/18/2016,2016,12,18,3.0,10.86,,13.38,21.7,,53.691845493562234,20.09259259259259,53.691845493562234
12/19/2016,2016,12,19,3.0,16.61,,12.33,19.54,,51.48369098712446,18.09259259259259,51.48369098712446
12/20/2016,2016,12,20,4.0,13.408,,17.07,26.16,,61.45193133047211,24.22222222222222,61.45193133047211
12/21/2016,2016,12,21,4.0,13.193,,16.39,25.23,,60.02188841201717,23.36111111111111,60.02188841201717
12/22/2016,2016,12,22,4.0,17.119,,18.75,27.39,,64.98497854077253,25.36111111111111,64.98497854077253
12/23/2016,2016,12,23,4.0,18.135,,23.46,32.65,,74.89012875536481,30.23148148148148,74.89012875536481
12/24/2016,2016,12,24,3.0,11.44,,31.9,41.09,,92.63948497854076,38.0462962962963,92.63948497854076
12/25/2016,2016,12,25,5.0,14.709,,8.71,13.44,,36.29166666666667,12.444444444444445,36.29166666666667
12/26/2016,2016,12,26,4.0,15.808,,10.51,15.38,,43.79166666666667,14.240740740740742,43.79166666666667
12/27/2016,2016,12,27,5.0,11.149,,11.38,17.07,,47.41666666666667,15.805555555555555,47.41666666666667
12/28/2016,2016,12,28,5.0,14.211,,12.53,17.35,,51.90429184549356,16.064814814814817,51.90429184549356
12/29/2016,2016,12,29,4.0,16.88,,10.97,15.49,,45.708333333333336,14.342592592592593,45.708333333333336
12/30/2016,2016,12,30,4.0,22.543,,,,,,,
12/31/2016,2016,12,31,4.0,8.966,,,,,,,
01/01/2017,2017,1,1,4.049,6.33,,10.006,13.024,,41.69166666666667,12.059259259259258,41.69166666666667
01/02/2017,2017,1,2,3.618,14.275,,15.185,19.57,,57.48776824034335,18.12037037037037,57.48776824034335
01/03/2017,2017,1,3,3.376,15.335,,10.952,15.798,,45.63333333333333,14.627777777777778,45.63333333333333
01/04/2017,2017,1,4,3.845,16.936,,15.836,20.353,,58.856824034334764,18.84537037037037,58.856824034334764
01/05/2017,2017,1,5,3.771,11.873,,9.38,13.657,,39.08333333333334,12.64537037037037,39.08333333333334
01/06/2017,2017,1,6,3.754,14.489,,11.225,16.066,,46.770833333333336,14.875925925925925,46.770833333333336
01/07/2017,2017,1,7,4.152,14.732,,15.216,20.948,,57.55296137339056,19.396296296296295,57.55296137339056
01/08/2017,2017,1,8,4.018,14.578,,26.54,34.474,,81.36738197424893,31.920370370370367,81.36738197424893
01/09/2017,2017,1,9,4.168,15.827,,19.688,25.611,,66.9575965665236,23.71388888888889,66.9575965665236
01/10/2017,2017,1,10,3.679,13.084,,13.158,17.022,,53.22497854077253,15.76111111111111,53.22497854077253
01/11/2017,2017,1,11,3.529,13.879,,5.996,8.117,,24.983333333333338,7.515740740740742,24.983333333333338
01/12/2017,2017,1,12,3.334,11.291,,5.385,8.015,,22.4375,7.421296296296297,22.4375
1/13/2017,2017,1,13,3.908,14.248,,13.26,17.839,,53.439484978540776,16.517592592592592,53.439484978540776
1/14/2017,2017,1,14,3.997,11.476,,14.463,18.257,,55.9693991416309,16.904629629629632,55.9693991416309
1/15/2017,2017,1,15,3.724,11.513,,12.473,15.348,,51.78442060085837,14.211111111111112,51.78442060085837
1/16/2017,2017,1,16,3.695,13.076,,5.452,7.664,,22.71666666666667,7.096296296296296,22.71666666666667
1/17/2017,2017,1,17,3.415,10.483,,6.266,8.523,,26.108333333333334,7.891666666666667,26.108333333333334
1/18/2017,2017,1,18,3.344,14.639,,9.646,10.348,,40.19166666666667,9.581481481481482,40.19166666666667
1/19/2017,2017,1,19,3.623,15.617,,2.47,4.286,,10.291666666666668,3.9685185185185183,10.291666666666668
1/20/2017,2017,1,20,3.722,13.405,,8.305,7.468,,34.60416666666667,6.9148148148148145,34.60416666666667
1/21/2017,2017,1,21,4.083,13.012,,7.969,7.666,,33.20416666666667,7.098148148148148,33.20416666666667
1/22/2017,2017,1,22,4.12,14.089,,18.628,24.212,,64.72841201716739,22.418518518518518,64.72841201716739
1/23/2017,2017,1,23,3.729,10.384,,9.516,13.135,,39.650000000000006,12.162037037037036,39.650000000000006
1/24/2017,2017,1,24,3.35,13.142,,5.797,5.749,,24.15416666666667,5.323148148148148,24.15416666666667
1/25/2017,2017,1,25,3.761,14.11,,8.189,8.088,,34.12083333333334,7.488888888888888,34.12083333333334
1/26/2017,2017,1,26,3.761,15.908,,4.744,4.614,,19.766666666666666,4.272222222222222,19.766666666666666
1/27/2017,2017,1,27,4.221,14.118,,6.058,7.64,,25.241666666666667,7.0740740740740735,25.241666666666667
1/28/2017,2017,1,28,3.479,16.203,,8.46,11.542,,35.25000000000001,10.687037037037037,35.25000000000001
1/29/2017,2017,1,29,3.776,14.056,,11.036,15.184,,45.983333333333334,14.059259259259258,45.983333333333334
1/30/2017,2017,1,30,4.411,12.837,,17.249,23.336,,61.82836909871244,21.607407407407408,61.82836909871244
1/31/2017,2017,1,31,4.839,16.209,,15.053,16.974,,57.210171673819744,15.716666666666667,57.210171673819744
02/01/2017,2017,2,1,4.216,11.961,,9.8,12.36,,40.833333333333336,11.444444444444445,40.833333333333336
02/02/2017,2017,2,2,3.976,5.076,,5.575,6.033,,23.229166666666668,5.586111111111111,23.229166666666668
02/03/2017,2017,2,3,3.139,8.776,,3.638,4.426,,15.158333333333333,4.098148148148148,15.158333333333333
02/04/2017,2017,2,4,3.236,10.073,,8.543,11.303,,35.59583333333333,10.465740740740742,35.59583333333333
02/05/2017,2017,2,5,3.344,9.885,,8.797,11.302,,36.65416666666667,10.464814814814815,36.65416666666667
02/06/2017,2017,2,6,4.102,12.225,,10.511,13.526,,43.795833333333334,12.524074074074074,43.795833333333334
02/07/2017,2017,2,7,3.721,9.532,,6.411,8.17,,26.7125,7.564814814814815,26.7125
02/08/2017,2017,2,8,4.909,15.0,,11.846,15.307,,49.358333333333334,14.17314814814815,49.358333333333334
02/09/2017,2017,2,9,5.382,17.324,,14.715,29.475,,56.499356223175965,27.291666666666668,56.499356223175965
02/10/2017,2017,2,10,3.913,16.018,,11.048,28.588,,46.03333333333334,26.47037037037037,46.03333333333334
02/11/2017,2017,2,11,3.423,16.788,,8.105,19.329,,33.770833333333336,17.897222222222222,33.770833333333336
02/12/2017,2017,2,12,3.52,13.656,,8.934,20.183,,37.225,18.687962962962963,37.225
2/13/2017,2017,2,13,3.011,8.967,,5.911,16.085,,24.629166666666666,14.893518518518519,24.629166666666666
2/14/2017,2017,2,14,2.804,5.323,,5.598,25.063,,23.325000000000003,23.20648148148148,23.325000000000003
2/15/2017,2017,2,15,2.949,9.089,,10.035,25.219,,41.81250000000001,23.350925925925928,41.81250000000001
2/16/2017,2017,2,16,3.314,18.368,,11.868,25.4,,49.45,23.51851851851852,49.45
2/17/2017,2017,2,17,3.604,14.543,,19.783,38.781,,67.15738197424893,35.90833333333333,67.15738197424893
2/18/2017,2017,2,18,3.869,10.107,,14.131,26.582,,55.2712017167382,24.612962962962964,55.2712017167382
2/19/2017,2017,2,19,3.622,10.022,,4.348,10.637,,18.116666666666667,9.849074074074075,18.116666666666667
2/20/2017,2017,2,20,3.463,10.008,,8.354,18.613,,34.80833333333333,17.234259259259257,34.80833333333333
2/21/2017,2017,2,21,3.902,6.998,,7.676,18.544,,31.983333333333338,17.17037037037037,31.983333333333338
2/22/2017,2017,2,22,3.591,12.195,,9.88,22.722,,41.16666666666667,21.03888888888889,41.16666666666667
2/23/2017,2017,2,23,4.668,11.265,,13.924,27.014,,54.83587982832618,25.012962962962963,54.83587982832618
2/24/2017,2017,2,24,3.739,11.035,,10.399,22.848,,43.329166666666666,21.155555555555555,43.329166666666666
2/25/2017,2017,2,25,3.472,10.086,,8.419,17.609,,35.07916666666667,16.30462962962963,35.07916666666667
2/26/2017,2017,2,26,14.104,22.898,,11.507,21.811,,47.94583333333333,20.19537037037037,47.94583333333333
2/27/2017,2017,2,27,3.879,9.447,,9.873,17.809,,41.1375,16.489814814814817,41.1375
2/28/2017,2017,2,28,4.266,10.45,,6.145,14.495,,25.604166666666668,13.421296296296296,25.604166666666668
03/01/2017,2017,3,1,5.41,11.479,,12.248,22.824,,51.311244635193134,21.133333333333336,51.311244635193134
03/02/2017,2017,3,2,3.745,6.137,,8.478,16.425,,35.325,15.208333333333334,35.325
03/03/2017,2017,3,3,3.767,12.771,,9.633,18.018,,40.137499999999996,16.683333333333334,40.137499999999996
03/04/2017,2017,3,4,3.681,8.996,,10.016,18.416,,41.733333333333334,17.051851851851854,41.733333333333334
03/05/2017,2017,3,5,3.174,7.814,,6.624,13.809,,27.6,12.78611111111111,27.6
03/06/2017,2017,3,6,5.57,11.575,,15.405,25.851,,57.95042918454936,23.93611111111111,57.95042918454936
03/07/2017,2017,3,7,5.24,16.974,,21.675,32.566,,71.1362660944206,30.153703703703705,71.1362660944206
03/08/2017,2017,3,8,3.64,13.317,,14.176,25.238,,55.36583690987125,23.368518518518517,55.36583690987125
03/09/2017,2017,3,9,3.635,13.529,,20.521,27.123,,68.70939914163091,25.11388888888889,68.70939914163091
03/10/2017,2017,3,10,4.76,14.75,,24.557,21.974,,77.19712446351932,20.3462962962963,77.19712446351932
03/11/2017,2017,3,11,4.697,11.708,,32.759,29.448,,94.44596566523606,27.266666666666666,94.44596566523606
03/12/2017,2017,3,12,4.119,12.623,,27.034,24.386,,82.4062660944206,22.57962962962963,82.4062660944206
3/13/2017,2017,3,13,4.057,10.45,,29.127,26.297,,86.80785407725323,24.349074074074075,86.80785407725323
3/14/2017,2017,3,14,5.542,11.949,,27.811,25.111,,84.04030042918455,23.250925925925927,84.04030042918455
3/15/2017,2017,3,15,3.249,11.724,,21.544,19.442,,70.86077253218885,18.001851851851853,70.86077253218885
3/16/2017,2017,3,16,3.055,10.366,,11.99,10.908,,49.958333333333336,10.1,49.958333333333336
3/17/2017,2017,3,17,3.129,11.46,,16.162,14.6,,59.542403433476395,13.518518518518519,59.542403433476395
3/18/2017,2017,3,18,3.307,11.164,,15.694,14.213,,58.55819742489271,13.160185185185185,58.55819742489271
3/19/2017,2017,3,19,3.046,12.556,,19.342,17.475,,66.22995708154507,16.180555555555557,66.22995708154507
3/20/2017,2017,3,20,3.355,12.594,,18.933,17.046,,65.36982832618025,15.783333333333333,65.36982832618025
3/21/2017,2017,3,21,3.517,10.305,,24.093,21.761,,76.221330472103,20.149074074074072,76.221330472103
3/22/2017,2017,3,22,3.613,12.312,,18.09,16.416,,63.59699570815451,15.200000000000001,63.59699570815451
3/23/2017,2017,3,23,6.145,13.209,,18.081,16.385,,63.578068669527894,15.171296296296298,63.578068669527894
3/24/2017,2017,3,24,3.808,11.889,,18.155,16.409,,63.73369098712447,15.193518518518518,63.73369098712447
3/25/2017,2017,3,25,3.583,9.405,,16.8,15.215,,60.88412017167382,14.087962962962964,60.88412017167382
3/26/2017,2017,3,26,3.403,9.005,,16.88,15.32,,61.05236051502146,14.185185185185185,61.05236051502146
3/27/2017,2017,3,27,3.433,8.435,,7.599,7.051,,31.6625,6.5287037037037035,31.6625
3/28/2017,2017,3,28,3.689,10.66,,9.654,14.964,,40.225,13.855555555555556,40.225
3/29/2017,2017,3,29,3.801,13.427,,16.129,28.023,,59.4730042918455,25.947222222222223,59.4730042918455
3/30/2017,2017,3,30,,,,,,,,,
3/31/2017,2017,3,31,,,,,,,,,
04/01/2017,2017,4,1,,,,,,,,,
04/02/2017,2017,4,2,,,,,,,,,
04/03/2017,2017,4,3,,,,,,,,,
04/04/2017,2017,4,4,1.355,7.208,37.798,4.162,17.301,0.238,17.34166666666667,16.019444444444442,17.34166666666667
04/05/2017,2017,4,5,2.259,9.052,38.469,12.654,28.253,0.195,52.165064377682405,26.160185185185185,52.165064377682405
04/06/2017,2017,4,6,2.17,10.358,34.139,16.068,31.94,0.17,59.34472103004292,29.574074074074076,59.34472103004292
04/07/2017,2017,4,7,1.449,13.181,25.065,15.05,33.064,0.185,57.20386266094421,30.614814814814814,57.20386266094421
04/08/2017,2017,4,8,1.618,11.368,28.02,17.39,29.627,0.148,62.12489270386266,27.432407407407407,62.12489270386266
04/09/2017,2017,4,9,1.521,10.91,27.486,17.816,27.029,0.144,63.02077253218884,25.026851851851852,63.02077253218884
04/10/2017,2017,4,10,3.034,10.895,43.374,26.68,40.112,0.131,81.6618025751073,37.140740740740746,81.6618025751073
04/11/2017,2017,4,11,1.769,3.207,29.936,17.237,27.846,0.05,61.803133047210295,25.783333333333335,61.803133047210295
04/12/2017,2017,4,12,1.735,9.283,39.241,20.677,35.125,0.097,69.0374678111588,32.523148148148145,69.0374678111588
4/13/2017,2017,4,13,6.329,13.79,29.25,13.453,25.337,0.086,53.845364806866954,23.460185185185185,53.845364806866954
4/14/2017,2017,4,14,0.617,5.369,29.169,9.098,19.86,0.076,37.90833333333334,18.38888888888889,37.90833333333334
4/15/2017,2017,4,15,0.937,9.141,30.492,15.485,30.863,0.14,58.118669527897,28.576851851851853,58.118669527897
4/16/2017,2017,4,16,0.772,9.489,19.593,11.512,24.845,0.157,47.96666666666667,23.00462962962963,47.96666666666667
4/17/2017,2017,4,17,1.336,8.975,28.743,13.041,24.113,0.126,52.97892703862661,22.326851851851853,52.97892703862661
4/18/2017,2017,4,18,2.089,15.815,34.896,19.825,30.328,0.176,67.24570815450645,28.081481481481482,67.24570815450645
4/19/2017,2017,4,19,3.788,11.193,17.917,13.458,20.741,0.177,53.85587982832618,19.20462962962963,53.85587982832618
4/20/2017,2017,4,20,3.871,10.735,30.928,10.54,15.418,0.131,43.916666666666664,14.275925925925925,43.916666666666664
4/21/2017,2017,4,21,5.085,14.995,34.409,14.076,23.471,0.162,55.1555364806867,21.732407407407408,55.1555364806867
4/22/2017,2017,4,22,2.503,11.757,16.272,10.958,20.978,0.121,45.65833333333334,19.424074074074074,45.65833333333334
4/23/2017,2017,4,23,1.255,8.709,23.26,11.219,20.092,0.13,46.74583333333334,18.6037037037037,46.74583333333334
4/24/2017,2017,4,24,1.513,9.674,35.047,14.427,26.893,0.171,55.893690987124465,24.900925925925925,55.893690987124465
4/25/2017,2017,4,25,1.368,12.774,33.797,18.028,30.188,0.215,63.46660944206009,27.951851851851853,63.46660944206009
4/26/2017,2017,4,26,1.018,11.958,32.659,15.566,25.704,0.164,58.289012875536486,23.8,58.289012875536486
4/27/2017,2017,4,27,1.761,7.524,27.429,15.938,30.974,0.165,59.07133047210301,28.67962962962963,59.07133047210301
4/28/2017,2017,4,28,1.332,8.927,25.425,15.275,35.359,0.158,57.677038626609445,32.739814814814814,57.677038626609445
4/29/2017,2017,4,29,2.218,12.731,25.562,13.605,34.275,0.169,54.16502145922747,31.73611111111111,54.16502145922747
4/30/2017,2017,4,30,1.32,9.061,34.066,17.286,41.335,0.2,61.906180257510734,38.27314814814815,61.906180257510734
05/01/2017,2017,5,1,1.871,5.396,37.496,17.346,38.454,0.201,62.032360515021466,35.605555555555554,62.032360515021466
05/02/2017,2017,5,2,1.947,14.671,42.243,20.653,40.334,0.222,68.98699570815451,37.3462962962963,68.98699570815451
05/03/2017,2017,5,3,1.35,16.519,36.34,21.092,40.723,0.231,69.91021459227468,37.70648148148148,69.91021459227468
05/04/2017,2017,5,4,1.187,14.108,30.572,9.394,26.201,0.196,39.14166666666667,24.260185185185186,39.14166666666667
05/05/2017,2017,5,5,1.581,18.005,24.841,15.815,32.969,0.214,58.81266094420601,30.526851851851852,58.81266094420601
05/06/2017,2017,5,6,1.393,11.522,29.379,10.386,25.234,0.188,43.275,23.364814814814817,43.275
05/07/2017,2017,5,7,1.767,9.547,24.463,8.818,22.939,0.173,36.74166666666667,21.239814814814814,36.74166666666667
05/08/2017,2017,5,8,1.457,10.512,24.855,13.142,27.889,0.178,53.191330472103004,25.823148148148146,53.191330472103004
05/09/2017,2017,5,9,1.343,13.083,36.235,15.827,30.914,0.178,58.83789699570816,28.624074074074077,58.83789699570816
05/10/2017,2017,5,10,1.315,9.325,21.255,10.801,24.859,0.166,45.00416666666667,23.017592592592596,45.00416666666667
05/11/2017,2017,5,11,1.692,11.155,17.983,8.753,27.353,0.175,36.47083333333334,25.326851851851853,36.47083333333334
05/12/2017,2017,5,12,1.232,12.316,18.5,10.843,29.978,0.161,45.17916666666667,27.75740740740741,45.17916666666667
5/13/2017,2017,5,13,1.297,10.197,25.194,15.1,35.468,0.177,57.30901287553648,32.84074074074074,57.30901287553648
5/14/2017,2017,5,14,2.151,10.043,25.743,13.484,30.149,0.166,53.91055793991416,27.91574074074074,53.91055793991416
5/15/2017,2017,5,15,1.34,8.278,30.175,13.819,28.879,0.175,54.61506437768241,26.739814814814817,54.61506437768241
5/16/2017,2017,5,16,3.384,9.229,18.062,18.53,35.092,0.175,64.52231759656652,32.492592592592594,64.52231759656652
5/17/2017,2017,5,17,2.095,11.775,7.687,17.139,29.412,0.201,61.59703862660945,27.233333333333334,61.59703862660945
5/18/2017,2017,5,18,2.216,13.367,9.781,13.41,24.689,0.215,53.754935622317596,22.860185185185184,53.754935622317596
5/19/2017,2017,5,19,1.788,10.971,10.606,12.818,24.265,0.203,52.50995708154507,22.46759259259259,52.50995708154507
5/20/2017,2017,5,20,4.429,10.652,8.534,11.757,17.868,0.552,48.987500000000004,16.544444444444444,48.987500000000004
5/21/2017,2017,5,21,2.451,7.058,6.723,15.829,26.408,0.214,58.84210300429185,24.451851851851853,58.84210300429185
5/22/2017,2017,5,22,2.607,6.942,6.684,8.07,19.407,0.144,33.62500000000001,17.969444444444445,33.62500000000001
5/23/2017,2017,5,23,3.543,9.443,5.609,10.169,22.642,0.154,42.37083333333334,20.964814814814815,42.37083333333334
5/24/2017,2017,5,24,3.886,9.223,5.15,11.096,22.488,0.182,46.233333333333334,20.822222222222223,46.233333333333334
5/25/2017,2017,5,25,3.14,10.374,8.375,12.442,27.281,0.247,51.71922746781116,25.260185185185183,51.71922746781116
5/26/2017,2017,5,26,6.778,11.067,5.504,11.895,24.863,0.178,49.5625,23.021296296296295,49.5625
5/27/2017,2017,5,27,1.844,8.404,6.683,9.183,17.119,0.168,38.2625,15.850925925925926,38.2625
5/28/2017,2017,5,28,2.259,6.14,22.028,4.839,15.376,0.176,20.1625,14.237037037037037,20.1625
5/29/2017,2017,5,29,1.93,8.399,5.705,5.835,21.987,0.196,24.3125,20.35833333333333,24.3125
5/30/2017,2017,5,30,2.554,7.165,11.339,5.983,20.831,0.174,24.929166666666667,19.28796296296296,24.929166666666667
5/31/2017,2017,5,31,3.237,7.46,5.133,7.013,16.064,0.185,29.220833333333335,14.874074074074073,29.220833333333335
06/01/2017,2017,6,1,4.03,8.257,8.102,7.76,14.142,0.21,32.333333333333336,13.094444444444443,32.333333333333336
06/02/2017,2017,6,2,1.533,9.07,,8.737,21.27,0.23,36.40416666666667,19.694444444444443,36.40416666666667
06/03/2017,2017,6,3,1.457,10.516,4.135,10.421,32.903,0.218,43.420833333333334,30.46574074074074,43.420833333333334
06/04/2017,2017,6,4,2.185,6.866,4.77,7.615,22.016,0.175,31.72916666666667,20.385185185185183,31.72916666666667
06/05/2017,2017,6,5,2.816,9.171,5.924,8.2,22.499,0.168,34.166666666666664,20.832407407407405,34.166666666666664
06/06/2017,2017,6,6,2.017,10.191,10.841,10.836,28.156,0.193,45.150000000000006,26.07037037037037,45.150000000000006
06/07/2017,2017,6,7,1.77,11.032,7.629,11.751,27.059,0.245,48.9625,25.05462962962963,48.9625
06/08/2017,2017,6,8,1.808,5.722,4.617,7.382,20.956,0.194,30.758333333333333,19.4037037037037,30.758333333333333
06/09/2017,2017,6,9,1.263,5.086,4.114,7.996,21.252,0.193,33.31666666666667,19.677777777777777,33.31666666666667
06/10/2017,2017,6,10,1.576,6.492,6.042,4.786,19.162,0.173,19.941666666666666,17.74259259259259,19.941666666666666
06/11/2017,2017,6,11,2.133,5.745,3.933,7.09,20.369,0.158,29.541666666666668,18.860185185185184,29.541666666666668
06/12/2017,2017,6,12,2.959,7.28,6.033,10.17,28.57,0.171,42.375,26.453703703703702,42.375
6/13/2017,2017,6,13,1.368,7.958,3.194,12.868,29.5,0.195,52.61510729613734,27.314814814814817,52.61510729613734
6/14/2017,2017,6,14,1.637,10.688,4.832,13.857,26.631,0.199,54.69497854077253,24.658333333333335,54.69497854077253
6/15/2017,2017,6,15,1.669,11.206,8.632,13.247,39.856,0.17,53.41214592274678,36.903703703703705,53.41214592274678
6/16/2017,2017,6,16,4.148,12.809,7.712,,,,,,
6/17/2017,2017,6,17,3.943,8.798,27.393,,,,,,
6/18/2017,2017,6,18,10.705,26.44,14.876,,,,,,
6/19/2017,2017,6,19,2.55,9.268,18.788,,,,,,
6/20/2017,2017,6,20,2.52,10.692,18.282,,,,,,
6/21/2017,2017,6,21,2.746,18.734,26.014,,,,,,
6/22/2017,2017,6,22,9.077,21.922,,,,,,,
6/23/2017,2017,6,23,7.622,25.064,45.232,,,,,,
6/24/2017,2017,6,24,6.654,21.083,,,,,,,
6/25/2017,2017,6,25,6.332,24.185,,,,,,,
6/26/2017,2017,6,26,5.977,27.777,,,,,,,
6/27/2017,2017,6,27,4.074,36.089,,,,,,,
6/28/2017,2017,6,28,5.542,25.985,2.401,,,,,,
6/29/2017,2017,6,29,9.056,22.023,72.417,,,,,,
6/30/2017,2017,6,30,16.119,59.927,,,,,,,
07/01/2017,2017,7,1,22.897,97.061,,0.0,14.967,,0.0,13.858333333333334,13.858333333333334
07/02/2017,2017,7,2,33.986,96.5,,0.0,16.457,,0.0,15.237962962962964,15.237962962962964
07/03/2017,2017,7,3,48.919,33.621,17.356,0.0,10.055,,0.0,9.310185185185185,9.310185185185185
07/04/2017,2017,7,4,1.497,7.158,17.331,0.3,7.907,,1.25,7.321296296296296,7.321296296296296
07/05/2017,2017,7,5,1.327,7.265,22.257,0.017,10.883,,0.07083333333333335,10.07685185185185,10.07685185185185
07/06/2017,2017,7,6,2.106,11.688,20.298,0.018,11.649,,0.075,10.78611111111111,10.78611111111111
07/07/2017,2017,7,7,1.972,7.681,15.309,0.152,10.611,,0.6333333333333334,9.825000000000001,9.825000000000001
07/08/2017,2017,7,8,2.133,8.755,21.651,0.079,11.572,,0.3291666666666667,10.714814814814813,10.714814814814813
07/09/2017,2017,7,9,2.096,7.192,20.221,0.157,7.438,,0.6541666666666667,6.887037037037037,6.887037037037037
07/10/2017,2017,7,10,2.61,9.735,25.545,3.895,13.971,,16.229166666666668,12.936111111111112,16.229166666666668
07/11/2017,2017,7,11,1.335,7.285,9.695,0.03,9.555,,0.125,8.847222222222221,8.847222222222221
07/12/2017,2017,7,12,1.427,7.485,6.071,0.0,8.355,,0.0,7.736111111111112,7.736111111111112
7/13/2017,2017,7,13,1.812,7.114,12.867,0.269,7.927,,1.1208333333333336,7.339814814814814,7.339814814814814
7/14/2017,2017,7,14,2.917,5.842,14.623,7.28,11.532,,30.333333333333336,10.677777777777777,30.333333333333336
7/15/2017,2017,7,15,2.199,6.689,9.954,0.052,7.186,,0.21666666666666667,6.6537037037037035,6.6537037037037035
7/16/2017,2017,7,16,1.052,5.422,9.613,0.007,9.252,,0.02916666666666667,8.566666666666668,8.566666666666668
7/17/2017,2017,7,17,1.801,6.358,8.867,0.085,7.511,,0.35416666666666674,6.95462962962963,6.95462962962963
7/18/2017,2017,7,18,1.191,6.356,11.08,0.17,9.771,,0.7083333333333335,9.047222222222222,9.047222222222222
7/19/2017,2017,7,19,1.212,8.906,10.678,0.0,10.996,,0.0,10.181481481481482,10.181481481481482
7/20/2017,2017,7,20,1.169,7.757,7.851,0.0,8.02,,0.0,7.425925925925926,7.425925925925926
7/21/2017,2017,7,21,2.78,8.107,16.818,0.0,12.06,,0.0,11.166666666666668,11.166666666666668
7/22/2017,2017,7,22,1.434,5.751,16.702,0.0,8.18,,0.0,7.5740740740740735,7.5740740740740735
7/23/2017,2017,7,23,1.723,6.777,16.476,0.046,7.823,,0.19166666666666668,7.243518518518519,7.243518518518519
7/24/2017,2017,7,24,2.864,6.871,18.976,0.131,13.85,,0.5458333333333334,12.824074074074074,12.824074074074074
7/25/2017,2017,7,25,2.327,6.442,17.504,0.039,9.946,,0.1625,9.209259259259259,9.209259259259259
7/26/2017,2017,7,26,1.766,7.069,9.336,0.0,8.312,,0.0,7.696296296296296,7.696296296296296
7/27/2017,2017,7,27,1.869,7.89,5.029,0.0,8.288,,0.0,7.674074074074074,7.674074074074074
7/28/2017,2017,7,28,2.292,10.107,15.232,0.009,7.551,,0.0375,6.991666666666667,6.991666666666667
7/29/2017,2017,7,29,1.863,20.524,4.941,0.006,9.951,,0.025,9.213888888888889,9.213888888888889
7/30/2017,2017,7,30,1.297,5.915,9.897,0.0,13.531,,0.0,12.528703703703703,12.528703703703703
7/31/2017,2017,7,31,1.921,5.856,10.508,2.666,17.528,,11.108333333333334,16.229629629629628,16.229629629629628
08/01/2017,2017,8,1,1.872,6.525,11.236,,,,,,
08/02/2017,2017,8,2,3.588,10.827,34.294,5.105,7.859,0.217,21.270833333333336,7.276851851851852,21.270833333333336
08/03/2017,2017,8,3,6.536,13.113,10.973,9.223,13.753,0.177,38.429166666666674,12.73425925925926,38.429166666666674
08/04/2017,2017,8,4,3.366,8.857,13.596,16.481,25.515,0.17,60.21326180257511,23.625,60.21326180257511
08/05/2017,2017,8,5,2.63,9.185,18.184,8.826,16.154,0.186,36.775000000000006,14.957407407407407,36.775000000000006
08/06/2017,2017,8,6,3.806,6.542,12.439,10.313,24.782,0.712,42.97083333333334,22.946296296296296,42.97083333333334
08/07/2017,2017,8,7,3.266,5.049,9.757,,,,,,
08/08/2017,2017,8,8,4.616,10.757,12.339,,,,,,
08/09/2017,2017,8,9,38.526,34.005,82.485,,,,,,
08/10/2017,2017,8,10,42.407,65.477,,,,,,,
08/11/2017,2017,8,11,46.093,97.009,,,,,,,
08/12/2017,2017,8,12,111.499,98.251,,,,,,,
8/13/2017,2017,8,13,106.387,94.331,,,,,,,
8/14/2017,2017,8,14,121.959,73.601,,,,,,,
8/15/2017,2017,8,15,113.872,124.713,,,,,,,
8/16/2017,2017,8,16,114.002,97.471,,,,,,,
8/17/2017,2017,8,17,39.357,128.867,,,,,,,
8/18/2017,2017,8,18,,,,,,,,,
8/19/2017,2017,8,19,,,,,,,,,
8/20/2017,2017,8,20,,175.668,,,,,,,
8/21/2017,2017,8,21,,,,,,,,,
8/22/2017,2017,8,22,,,,,,,,,
8/23/2017,2017,8,23,,,,,,,,,
8/24/2017,2017,8,24,2.69,9.88,9.618,,,,,,
8/25/2017,2017,8,25,2.755,5.198,14.114,,,,,,
8/26/2017,2017,8,26,2.91,6.312,7.408,,,,,,
8/27/2017,2017,8,27,2.48,2.836,15.875,,,,,,
8/28/2017,2017,8,28,2.602,6.211,14.288,,,,,,
8/29/2017,2017,8,29,3.353,7.646,16.193,,,,,,
8/30/2017,2017,8,30,4.577,7.748,27.698,,,,,,
8/31/2017,2017,8,31,4.325,7.053,11.988,,,,,,
09/01/2017,2017,9,1,4.725,8.428,14.483,,,,,,
09/02/2017,2017,9,2,5.461,8.247,23.347,,,,,,
09/03/2017,2017,9,3,4.051,5.335,18.205,,,,,,
09/04/2017,2017,9,4,4.869,5.118,14.103,,,,,,
09/05/2017,2017,9,5,3.876,6.238,8.505,,,,,,
09/06/2017,2017,9,6,4.169,11.236,17.136,,,,,,
09/07/2017,2017,9,7,4.851,4.512,22.662,,,,,,
09/08/2017,2017,9,8,4.829,11.464,21.584,15.973,22.845,0.156,59.144935622317604,21.15277777777778,59.144935622317604
09/09/2017,2017,9,9,3.953,10.504,18.635,18.575,28.904,0.115,64.61695278969957,26.762962962962963,64.61695278969957
09/10/2017,2017,9,10,6.366,25.006,8.469,17.303,26.951,0.141,61.94193133047211,24.95462962962963,61.94193133047211
09/11/2017,2017,9,11,4.356,5.095,17.066,19.288,28.641,0.154,66.11639484978541,26.519444444444442,66.11639484978541
09/12/2017,2017,9,12,4.119,5.117,7.299,10.018,19.361,0.096,41.741666666666674,17.926851851851854,41.741666666666674
9/13/2017,2017,9,13,,,,,,,,,
9/14/2017,2017,9,14,,,,,,,,,
9/15/2017,2017,9,15,,,,,,,,,
9/16/2017,2017,9,16,,,,,,,,,
9/17/2017,2017,9,17,,,,,,,,,
9/18/2017,2017,9,18,,,,,,,,,
9/19/2017,2017,9,19,,,,,,,,,
9/20/2017,2017,9,20,,,,,,,,,
9/21/2017,2017,9,21,6.063,6.306,32.312,7.388,7.943,0.098,30.783333333333335,7.354629629629629,30.783333333333335
9/22/2017,2017,9,22,7.617,9.628,30.826,12.945,20.734,0.095,52.777038626609446,19.19814814814815,52.777038626609446
9/23/2017,2017,9,23,7.359,9.298,17.243,6.466,15.881,0.112,26.94166666666667,14.704629629629629,26.94166666666667
9/24/2017,2017,9,24,6.147,10.132,20.352,8.042,19.266,0.13,33.50833333333333,17.83888888888889,33.50833333333333
9/25/2017,2017,9,25,6.655,11.277,20.515,10.319,17.069,0.166,42.99583333333334,15.804629629629629,42.99583333333334
9/26/2017,2017,9,26,7.386,11.608,30.518,5.586,16.365,0.146,23.275000000000002,15.152777777777777,23.275000000000002
9/27/2017,2017,9,27,6.572,10.098,18.964,7.046,17.168,0.088,29.358333333333338,15.896296296296295,29.358333333333338
9/28/2017,2017,9,28,5.103,11.474,11.143,9.505,15.891,0.12,39.60416666666667,14.713888888888889,39.60416666666667
9/29/2017,2017,9,29,4.862,11.851,11.226,15.949,25.079,0.17,59.09446351931331,23.2212962962963,59.09446351931331
9/30/2017,2017,9,30,4.118,10.453,8.452,12.473,28.745,0.171,51.78442060085837,26.61574074074074,51.78442060085837
10/01/2017,2017,10,1,4.579,9.257,28.091,10.603,21.843,0.152,44.17916666666667,20.225,44.17916666666667
10/02/2017,2017,10,2,3.919,6.508,14.422,10.03,23.698,0.146,41.791666666666664,21.942592592592593,41.791666666666664
10/03/2017,2017,10,3,3.96,7.228,7.663,9.605,23.008,0.143,40.020833333333336,21.303703703703704,40.020833333333336
10/04/2017,2017,10,4,5.442,7.211,12.861,13.051,16.95,0.114,52.99995708154506,15.694444444444445,52.99995708154506
10/05/2017,2017,10,5,12.142,7.364,15.525,7.254,11.023,0.264,30.225,10.20648148148148,30.225
10/06/2017,2017,10,6,10.699,3.852,40.976,8.373,11.431,0.14,34.8875,10.584259259259259,34.8875
10/07/2017,2017,10,7,11.446,8.572,33.256,10.678,14.887,0.298,44.491666666666674,13.78425925925926,44.491666666666674
10/08/2017,2017,10,8,11.443,5.118,37.21,10.515,15.277,0.313,43.81250000000001,14.14537037037037,43.81250000000001
10/09/2017,2017,10,9,12.362,4.425,35.375,11.613,14.348,0.289,48.3875,13.285185185185187,48.3875
10/10/2017,2017,10,10,11.29,3.767,43.896,8.373,9.636,0.232,34.8875,8.92222222222222,34.8875
10/11/2017,2017,10,11,12.285,6.011,40.661,12.428,14.796,0.28,51.689785407725324,13.7,51.689785407725324
10/12/2017,2017,10,12,13.074,6.141,36.072,11.581,14.486,0.303,48.25416666666667,13.412962962962963,48.25416666666667
10/13/2017,2017,10,13,12.34,2.518,26.23,17.949,16.689,0.099,63.300472103004296,15.452777777777778,63.300472103004296
10/14/2017,2017,10,14,12.683,2.827,26.101,9.766,9.331,0.106,40.69166666666667,8.639814814814814,40.69166666666667
10/15/2017,2017,10,15,12.278,2.278,46.832,6.147,7.689,0.144,25.612500000000004,7.1194444444444445,25.612500000000004
10/16/2017,2017,10,16,11.17,3.524,43.582,5.545,7.414,0.238,23.104166666666668,6.864814814814815,23.104166666666668
10/17/2017,2017,10,17,11.321,5.156,46.064,11.61,14.031,0.29,48.375,12.991666666666667,48.375
10/18/2017,2017,10,18,11.966,7.776,52.976,18.133,21.871,0.328,63.68742489270386,20.250925925925923,63.68742489270386
10/19/2017,2017,10,19,14.041,8.495,53.01,17.903,21.127,0.394,63.2037339055794,19.562037037037037,63.2037339055794
10/20/2017,2017,10,20,14.815,4.48,77.822,9.098,10.785,0.201,37.90833333333334,9.98611111111111,37.90833333333334
10/21/2017,2017,10,21,14.895,3.801,57.467,14.359,18.054,0.139,55.75068669527897,16.716666666666665,55.75068669527897
10/22/2017,2017,10,22,14.556,1.818,70.619,10.776,13.258,0.193,44.900000000000006,12.275925925925925,44.900000000000006
10/23/2017,2017,10,23,14.419,6.844,67.736,20.975,24.529,0.425,69.66416309012877,22.71203703703704,69.66416309012877
10/24/2017,2017,10,24,14.277,7.729,66.983,15.005,18.179,0.457,57.10922746781116,16.832407407407405,57.10922746781116
10/25/2017,2017,10,25,12.716,10.733,56.428,,,0.471,,,
10/26/2017,2017,10,26,13.041,6.465,60.143,,,0.352,,,
10/27/2017,2017,10,27,13.589,6.726,60.702,,,0.411,,,
10/28/2017,2017,10,28,13.59,5.745,65.879,,,0.326,,,
10/29/2017,2017,10,29,13.677,7.597,62.946,,,0.453,,,
10/30/2017,2017,10,30,13.792,5.392,71.44,,,0.364,,,
10/31/2017,2017,10,31,12.554,3.602,80.023,,,0.297,,,
11/01/2017,2017,11,1,13.053,9.324,65.461,,,0.421,,,
11/02/2017,2017,11,2,,,,,,,,,
11/03/2017,2017,11,3,,,,,,,,,
11/04/2017,2017,11,4,,,,,,,,,
11/05/2017,2017,11,5,,,,,,,,,
11/06/2017,2017,11,6,,,,,,,,,
11/07/2017,2017,11,7,,,,,,,,,
11/08/2017,2017,11,8,,,,,,,,,
11/09/2017,2017,11,9,,,,,,,,,
11/10/2017,2017,11,10,,,,,,,,,
11/11/2017,2017,11,11,,,,,,,,,
11/12/2017,2017,11,12,,,,,,,,,
11/13/2017,2017,11,13,,,,,,,,,
11/14/2017,2017,11,14,9.012,8.941,35.665,11.888,29.847,0.421,49.53333333333334,27.636111111111113,49.53333333333334
11/15/2017,2017,11,15,14.241,7.901,24.357,12.434,27.227,0.308,51.70240343347639,25.210185185185185,51.70240343347639
11/16/2017,2017,11,16,13.814,5.878,22.606,13.29,25.216,0.356,53.50257510729614,23.348148148148148,53.50257510729614
11/17/2017,2017,11,17,13.926,5.498,25.072,22.36,33.675,0.413,72.57682403433476,31.180555555555554,72.57682403433476
11/18/2017,2017,11,18,13.529,3.428,24.811,12.775,21.604,0.307,52.41952789699571,20.003703703703703,52.41952789699571
11/19/2017,2017,11,19,12.678,5.636,15.012,13.012,23.874,0.309,52.91793991416309,22.105555555555554,52.91793991416309
11/20/2017,2017,11,20,12.452,4.091,15.512,8.354,17.233,0.246,34.80833333333333,15.956481481481482,34.80833333333333
11/21/2017,2017,11,21,12.575,4.063,19.885,9.22,16.874,0.284,38.41666666666667,15.624074074074073,38.41666666666667
11/22/2017,2017,11,22,13.224,6.599,22.51,11.878,20.847,0.395,49.49166666666667,19.30277777777778,49.49166666666667
11/23/2017,2017,11,23,12.721,6.987,23.366,14.114,22.115,0.409,55.23545064377683,20.47685185185185,55.23545064377683
11/24/2017,2017,11,24,11.959,4.715,21.296,13.415,20.331,0.348,53.76545064377682,18.825,53.76545064377682
11/25/2017,2017,11,25,11.62,6.99,19.491,16.841,25.18,0.376,60.97034334763949,23.314814814814813,60.97034334763949
11/26/2017,2017,11,26,11.817,6.669,18.581,11.876,19.159,0.352,49.483333333333334,17.739814814814814,49.483333333333334
11/27/2017,2017,11,27,11.95,7.406,20.247,14.435,24.049,0.356,55.91051502145923,22.267592592592592,55.91051502145923
11/28/2017,2017,11,28,11.989,14.516,18.889,18.548,29.987,0.415,64.56017167381974,27.76574074074074,64.56017167381974
11/29/2017,2017,11,29,12.55,9.593,19.508,13.251,22.753,0.335,53.42055793991416,21.067592592592593,53.42055793991416
11/30/2017,2017,11,30,12.321,9.381,17.861,15.221,20.743,0.373,57.563476394849786,19.20648148148148,57.563476394849786
12/01/2017,2017,12,1,12.644,8.819,22.629,15.569,20.248,0.366,58.29532188841202,18.74814814814815,58.29532188841202
12/02/2017,2017,12,2,12.834,6.119,25.665,20.624,27.313,0.448,68.92600858369099,25.289814814814815,68.92600858369099
12/03/2017,2017,12,3,12.335,7.269,22.573,20.486,29.432,0.52,68.6357939914163,27.25185185185185,68.6357939914163
12/04/2017,2017,12,4,12.751,7.482,22.447,14.28,22.123,0.386,55.58454935622318,20.48425925925926,55.58454935622318
12/05/2017,2017,12,5,12.387,5.568,24.198,10.432,15.402,0.341,43.46666666666667,14.261111111111111,43.46666666666667
12/06/2017,2017,12,6,,,,13.839,22.165,0.343,54.65712446351932,20.52314814814815,54.65712446351932
12/07/2017,2017,12,7,12.481,2.302,28.038,18.994,28.875,0.414,65.49811158798283,26.73611111111111,65.49811158798283
12/08/2017,2017,12,8,12.573,7.64,24.264,10.732,20.468,0.302,44.71666666666667,18.951851851851853,44.71666666666667
12/09/2017,2017,12,9,13.054,9.9,27.462,17.434,25.561,0.372,62.21742489270387,23.66759259259259,62.21742489270387
12/10/2017,2017,12,10,12.83,8.299,25.864,19.697,25.206,0.479,66.97652360515022,23.33888888888889,66.97652360515022
12/11/2017,2017,12,11,12.723,7.196,21.927,16.455,23.197,0.466,60.15858369098712,21.478703703703705,60.15858369098712
12/12/2017,2017,12,12,12.549,6.055,25.491,13.011,20.451,0.314,52.915836909871246,18.93611111111111,52.915836909871246
12/13/2017,2017,12,13,12.571,6.871,22.541,10.329,17.347,0.341,43.03750000000001,16.062037037037037,43.03750000000001
12/14/2017,2017,12,14,12.228,9.682,26.234,13.176,23.871,0.33,53.262832618025755,22.102777777777778,53.262832618025755
12/15/2017,2017,12,15,12.273,14.161,23.543,18.3,28.394,0.414,64.03862660944206,26.290740740740738,64.03862660944206
12/16/2017,2017,12,16,12.463,16.794,25.858,27.542,38.95,0.471,83.47459227467812,36.06481481481482,83.47459227467812
12/17/2017,2017,12,17,13.053,15.951,21.353,30.579,40.794,0.493,89.86141630901288,37.77222222222222,89.86141630901288
12/18/2017,2017,12,18,12.58,9.236,17.048,31.575,38.815,0.492,91.95600858369099,35.93981481481481,91.95600858369099
12/19/2017,2017,12,19,12.992,8.405,26.918,22.174,28.098,0.423,72.1856652360515,26.016666666666666,72.1856652360515
12/20/2017,2017,12,20,12.175,5.779,22.668,8.603,12.927,0.256,35.84583333333333,11.969444444444445,35.84583333333333
12/21/2017,2017,12,21,10.766,2.453,28.264,5.05,18.542,0.206,21.041666666666668,17.16851851851852,21.041666666666668
12/22/2017,2017,12,22,12.009,6.683,22.79,17.97,24.923,0.287,63.344635193133044,23.07685185185185,63.344635193133044
12/23/2017,2017,12,23,12.432,8.543,19.99,19.062,24.915,0.357,65.64111587982833,23.069444444444443,65.64111587982833
12/24/2017,2017,12,24,12.166,6.953,21.425,13.273,17.699,0.317,53.46682403433476,16.387962962962966,53.46682403433476
12/25/2017,2017,12,25,12.539,6.59,19.525,17.391,23.205,0.383,62.1269957081545,21.48611111111111,62.1269957081545
12/26/2017,2017,12,26,12.106,8.027,20.585,12.567,18.316,0.386,51.982103004291844,16.95925925925926,51.982103004291844
12/27/2017,2017,12,27,11.927,9.94,17.282,15.406,21.581,0.362,57.952532188841204,19.982407407407408,57.952532188841204
12/28/2017,2017,12,28,15.08,16.866,9.949,9.43,15.346,0.282,39.29166666666667,14.209259259259259,39.29166666666667
12/29/2017,2017,12,29,12.031,9.048,20.837,11.994,18.723,0.259,49.975,17.33611111111111,49.975
12/30/2017,2017,12,30,11.989,13.303,22.338,9.719,15.125,0.249,40.49583333333334,14.00462962962963,40.49583333333334
12/31/2017,2017,12,31,12.768,8.892,26.561,15.551,21.188,0.315,58.257467811158804,19.618518518518517,58.257467811158804
01/01/2018,2018,1,1,12.005625,,25.65958333,11.66454167,17.878875,0.225583333,48.602256958333335,16.55451388888889,48.602256958333335
01/02/2018,2018,1,2,,,,6.926791667,14.19208333,0.262625,28.861631945833334,13.14081789814815,28.861631945833334
01/03/2018,2018,1,3,11.30379167,,26.150375,10.21954167,16.60933333,0.246333333,42.581423625,15.379012342592592,42.581423625
01/04/2018,2018,1,4,11.96041667,,18.3155,9.866708333,15.494375,0.25075,41.11128472083334,14.346643518518519,41.11128472083334
01/05/2018,2018,1,5,12.48933333,,18.474,18.10558333,24.197,0.333458333,63.62976751802576,22.40462962962963,63.62976751802576
01/06/2018,2018,1,6,11.94058333,,15.19345833,6.506416667,12.43,0.250333333,27.110069445833336,11.50925925925926,27.110069445833336
01/07/2018,2018,1,7,12.24616667,,18.07658333,16.57441667,22.70854167,0.28925,60.409717460515026,21.02642747222222,60.409717460515026
01/08/2018,2018,1,8,12.052125,,15.17495833,9.438041667,11.72458333,,39.3251736125,10.856095675925927,39.3251736125
01/09/2018,2018,1,9,12.53066667,,17.07029167,15.83308333,18.942,,58.850690264806865,17.538888888888888,58.850690264806865
01/10/2018,2018,1,10,12.66116667,,22.03179167,14.94479167,19.79758333,,56.982609091416315,18.331095675925926,56.982609091416315
01/11/2018,2018,1,11,12.08808333,,23.96854167,9.111083333,13.73616667,,37.96284722083333,12.718672842592593,37.96284722083333
01/12/2018,2018,1,12,11.70970833,,32.58591667,5.111125,9.31525,,21.29635416666667,8.625231481481482,21.29635416666667
1/13/2018,2018,1,13,11.533875,,30.594125,5.408666667,10.69391667,,22.536111112500002,9.901774694444445,22.536111112500002
1/14/2018,2018,1,14,11.40966667,,27.27254167,9.246916667,13.53391667,,38.52881944583334,12.531404324074074,38.52881944583334
1/15/2018,2018,1,15,12.220125,,25.75320833,15.051375,23.52208333,,57.2067542918455,21.77970678703704,57.2067542918455
1/16/2018,2018,1,16,12.49804167,,23.16704167,25.35808333,32.243125,,78.88180614463519,29.85474537037037,78.88180614463519
1/17/2018,2018,1,17,,21.66375,,26.00508333,29.839375,,80.24244992145924,27.629050925925927,80.24244992145924
1/18/2018,2018,1,18,12.69075,,,18.29404167,22.60841667,,64.02609621587983,20.93371913888889,64.02609621587983
1/19/2018,2018,1,19,12.31541667,,15.570125,7.321208333,12.08895833,,30.505034720833336,11.193479935185186,30.505034720833336
1/20/2018,2018,1,20,12.72016667,,19.244375,18.97354167,24.54395833,,65.45508763218885,22.725887342592593,65.45508763218885
1/21/2018,2018,1,21,12.675625,,20.69483333,16.65729167,21.15608333,,60.584003941201715,19.5889660462963,60.584003941201715
1/22/2018,2018,1,22,13.16579167,,20.97545833,16.813,20.497375,,60.91145922746781,18.97905092592593,60.91145922746781
1/23/2018,2018,1,23,12.56220833,,20.12433333,17.01254167,24.136875,,61.33109621587983,22.348958333333332,61.33109621587983
1/24/2018,2018,1,24,12.89254167,,21.59308333,18.39541667,29.549625,,64.23928827596566,27.360763888888886,64.23928827596566
1/25/2018,2018,1,25,13.02691667,,22.38883333,23.59616667,36.96116667,,75.17648784678111,34.22330247222222,75.17648784678111
1/26/2018,2018,1,26,12.77429167,,21.750125,16.9045,30.13595833,,61.10388412017167,27.90366512037037,61.10388412017167
1/27/2018,2018,1,27,,,,,,,,,
1/28/2018,2018,1,28,,,,,,,,,
1/29/2018,2018,1,29,,,,,,,,,
1/30/2018,2018,1,30,,,,,,,,,
1/31/2018,2018,1,31,,,,,,,,,
02/01/2018,2018,2,1,13.538375,,30.49320833,20.57191667,35.05695833,,68.81647711716738,32.460146601851854,68.81647711716738
02/02/2018,2018,2,2,13.41695833,7.26725,31.07441667,23.51575,39.31675,,75.0073712446352,36.40439814814815,75.0073712446352
02/03/2018,2018,2,3,13.49466667,,32.68745833,24.71225,47.66829167,,77.52361587982833,44.13730710185185,77.52361587982833
02/04/2018,2018,2,4,13.31220833,,33.17266667,19.96454167,41.262375,,67.53916488540773,38.20590277777778,67.53916488540773
02/05/2018,2018,2,5,13.021125,,38.48283333,12.178875,33.95633333,,51.165874463519316,31.44104937962963,51.165874463519316
02/06/2018,2018,2,6,13.023,,41.0615,14.755625,30.39108333,,56.58479077253219,28.139891972222223,56.58479077253219
02/07/2018,2018,2,7,13.36691667,,28.40954167,18.73191667,32.12916667,,64.94694922017167,29.749228398148144,64.94694922017167
02/08/2018,2018,2,8,12.9925,,38.69683333,6.161375,11.87083333,,25.672395833333333,10.991512342592593,25.672395833333333
02/09/2018,2018,2,9,13.37604167,,32.521375,28.084375,38.784,,84.61520922746783,35.91111111111111,84.61520922746783
02/10/2018,2018,2,10,13.33908333,,34.408875,24.01845833,36.757125,,76.06456902017169,34.034375000000004,76.06456902017169
02/11/2018,2018,2,11,13.41545833,,33.26733333,12.31354167,23.37020833,,51.44907904849785,21.63908178703704,51.44907904849785
02/12/2018,2018,2,12,13.63958333,,32.65195833,13.69495833,27.37691667,,54.354204213304726,25.348996916666668,54.354204213304726
2/13/2018,2018,2,13,12.49058333,5.3215,40.49808333,7.651958333,17.85733333,,31.883159720833333,16.534567898148147,31.883159720833333
2/14/2018,2018,2,14,13.75041667,,36.74354167,20.20483333,33.4825,,68.0444992776824,31.002314814814817,68.0444992776824
2/15/2018,2018,2,15,13.49954167,,34.0295,20.974,30.94466667,,69.66206008583691,28.65246913888889,69.66206008583691
2/16/2018,2018,2,16,13.44783333,,29.204625,12.310875,20.28670833,,51.443471030042915,18.783989194444445,51.443471030042915
2/17/2018,2018,2,17,13.47129167,,28.50295833,19.14345833,31.864375,,65.8124230974249,29.504050925925924,65.8124230974249
2/18/2018,2018,2,18,13.348375,,26.58454167,15.9665,26.606625,,59.1312660944206,24.63576388888889,59.1312660944206
2/19/2018,2018,2,19,13.26941667,,27.315375,17.112375,34.54170833,,61.54104613733906,31.983063268518517,61.54104613733906
2/20/2018,2018,2,20,14.12304167,,33.59683333,24.33166667,39.987,,76.72324750343348,37.025,76.72324750343348
2/21/2018,2018,2,21,13.98091667,,27.036875,15.67454167,27.75666667,,58.51727647339056,25.700617287037037,58.51727647339056
2/22/2018,2018,2,22,13.47516667,,24.56591667,15.49841667,28.32658333,,58.14688484248927,26.22831789814815,58.14688484248927
2/23/2018,2018,2,23,11.71758333,,13.437625,13.94683333,33.38154167,,54.883898419313304,30.908834879629627,54.883898419313304
2/24/2018,2018,2,24,11.678,,,14.98808333,31.916,,57.073651638197425,29.551851851851854,57.073651638197425
2/25/2018,2018,2,25,11.66370833,,14.33933333,19.21533333,34.4675,,65.96357653090129,31.914351851851855,65.96357653090129
2/26/2018,2018,2,26,12.10345833,,15.67595833,16.94095833,31.028,,61.1805561446352,28.729629629629628,61.1805561446352
2/27/2018,2018,2,27,11.16870833,,11.72820833,8.898125,20.977125,,37.075520833333336,19.42326388888889,37.075520833333336
2/28/2018,2018,2,28,11.60654167,,16.03270833,13.17629167,24.45041667,,53.263446001287555,22.639274694444445,53.263446001287555
03/01/2018,2018,3,1,11.86104167,,,15.353375,30.004,,57.841861587982834,27.78148148148148,57.841861587982834
03/02/2018,2018,3,2,11.54833333,,,17.83441667,28.41758333,,63.059502868240344,26.312577157407407,63.059502868240344
03/03/2018,2018,3,3,,,,10.41558333,23.50191667,,43.398263875000005,21.761033953703702,43.398263875000005
03/04/2018,2018,3,4,11.24283333,,11.21604167,10.40216667,20.992375,,43.342361125000004,19.437384259259257,43.342361125000004
03/05/2018,2018,3,5,,,,14.45675,30.71366667,,55.956255364806864,28.438580249999998,55.956255364806864
03/06/2018,2018,3,6,11.88208333,,17.63795833,21.28770833,37.140125,,70.3217900502146,34.389004629629625,70.3217900502146
03/07/2018,2018,3,7,11.601375,,16.81429167,16.57929167,33.03,,60.41996960643777,30.583333333333336,60.41996960643777
03/08/2018,2018,3,8,11.720875,,19.75725,15.261125,31.32583333,,57.64785944206009,29.00540123148148,57.64785944206009
03/09/2018,2018,3,9,11.67108333,,19.88758333,16.10691667,30.21183333,,59.426562954077255,27.97391975,59.426562954077255
03/10/2018,2018,3,10,11.21158333,,26.457375,7.482166667,17.59695833,,31.175694445833336,16.293479935185186,31.175694445833336
03/11/2018,2018,3,11,11.414375,,27.82691667,10.852,22.5445,,45.21666666666667,20.874537037037037,45.21666666666667
03/12/2018,2018,3,12,11.42141667,,27.32925,14.83420833,31.09,,56.750051852789696,28.787037037037038,56.750051852789696
3/13/2018,2018,3,13,11.5505,,26.077375,14.19816667,28.866625,,55.41245351201717,26.72835648148148,55.41245351201717
3/14/2018,2018,3,14,11.69458333,,23.46241667,17.66066667,38.21995833,,62.69410587253219,35.38885030555555,62.69410587253219
3/15/2018,2018,3,15,11.57745833,,24.14175,15.04141667,31.16325,,57.18581188111588,28.854861111111113,57.18581188111588
3/16/2018,2018,3,16,11.79720833,,23.36425,23.05291667,70.15804167,0.129416667,74.03403076523605,58.5024650689899,74.03403076523605
3/17/2018,2018,3,17,11.082375,,19.36008333,15.41316667,46.14120833,0.097916667,57.96760372660945,42.7233410462963,57.96760372660945
3/18/2018,2018,3,18,10.709375,,19.26895833,16.68895833,44.11654167,0.108458333,60.65059906309013,40.84864969444444,60.65059906309013
3/19/2018,2018,3,19,10.74583333,,19.156125,19.73008333,51.71275,0.104458333,67.04609799012876,47.88217592592593,67.04609799012876
3/20/2018,2018,3,20,11.512875,,18.69329167,21.983875,50.3915,0.11675,71.78583154506438,46.658796296296295,71.78583154506438
3/21/2018,2018,3,21,11.27,,24.21304167,27.41258333,50.331125,0.128166667,83.20242846223177,46.60289351851852,83.20242846223177
3/22/2018,2018,3,22,10.87720833,,21.30175,17.648875,41.99908333,0.15325,62.66930793991416,38.88804012037037,62.66930793991416
3/23/2018,2018,3,23,10.431875,,26.424,13.676875,35.97291667,0.1205,54.31617489270386,33.308256175925926,54.31617489270386
3/24/2018,2018,3,24,10.44345833,,23.473125,18.94891667,43.72820833,0.127166667,65.40330115150215,40.48908178703704,65.40330115150215
3/25/2018,2018,3,25,10.48920833,,24.25975,21.79933333,41.64383333,0.125166667,71.39773962103004,38.55910493518518,71.39773962103004
3/26/2018,2018,3,26,10.80791667,,24.29041667,23.46691667,41.84508333,0.159458333,74.90467454206009,38.74544752777778,74.90467454206009
3/27/2018,2018,3,27,11.15366667,,25.82025,29.77979167,49.85008333,0.173833333,88.1806777609442,46.157484564814816,88.1806777609442
3/28/2018,2018,3,28,11.83175,,24.54120833,32.03341667,53.66654167,0.1465,92.92006080815452,49.691242287037035,92.92006080815452
3/29/2018,2018,3,29,10.83591667,,24.39708333,30.80354167,49.201375,0.167833333,90.33362840472103,45.5568287037037,90.33362840472103
3/30/2018,2018,3,30,10.70320833,,21.26145833,21.87066667,36.52575,0.113708333,71.54775394120172,33.82013888888889,71.54775394120172
3/31/2018,2018,3,31,9.972291667,,17.76708333,8.283333333,15.019875,,34.5138888875,13.907291666666667,34.5138888875
04/01/2018,2018,4,1,10.49304167,,21.23983333,10.01154167,18.650125,0.114083333,41.71475695833333,17.268634259259258,41.71475695833333
04/02/2018,2018,4,2,11.26020833,,16.64420833,13.513125,22.52529167,0.101125,53.971807939914164,20.856751546296298,53.971807939914164
04/03/2018,2018,4,3,11.29970833,,,12.73245833,23.00579167,0.08875,52.330062582403436,21.301658953703704,52.330062582403436
04/04/2018,2018,4,4,10.76229167,,,9.086541667,17.74770833,0.084541667,37.86059027916667,16.433063268518517,37.86059027916667
04/05/2018,2018,4,5,10.606375,,,9.692375,22.21766667,0.072041667,40.38489583333334,20.571913583333334,40.38489583333334
04/06/2018,2018,4,6,10.49241667,,19.462,11.48895833,21.81825,,47.87065970833334,20.202083333333334,47.87065970833334
04/07/2018,2018,4,7,10.572375,,19.5715,15.45141667,25.16325,,58.04804364077253,23.299305555555556,58.04804364077253
04/08/2018,2018,4,8,10.15929167,,22.032875,11.588375,18.735375,0.116833333,48.28489583333333,17.347569444444446,48.28489583333333
04/09/2018,2018,4,9,,,,13.74483333,22.3185,,54.45909155236052,20.665277777777778,54.45909155236052
04/10/2018,2018,4,10,10.37379167,,,12.12904167,22.53933333,,51.06107475665236,20.869753083333336,51.06107475665236
04/11/2018,2018,4,11,10.44191667,,,12.395,19.527875,,51.62038626609442,18.081365740740743,51.62038626609442
04/12/2018,2018,4,12,10.41104167,,,11.7165,20.641875,,48.81875,19.11284722222222,48.81875
4/13/2018,2018,4,13,10.63258333,,,13.331,25.75141667,,53.5887982832618,23.843904324074074,53.5887982832618
4/14/2018,2018,4,14,10.09025,,,11.66566667,24.06079167,,48.60694445833334,22.278510805555555,48.60694445833334
4/15/2018,2018,4,15,10.69258333,,15.27225,13.79891667,21.07679167,0.173083333,54.57282904849786,19.515547842592593,54.57282904849786
4/16/2018,2018,4,16,10.73295833,,14.18491667,20.06145833,29.9035,,67.74298103733906,27.688425925925927,67.74298103733906
4/17/2018,2018,4,17,,,,,,,,,
4/18/2018,2018,4,18,10.6515,,15.186,12.995625,22.64816667,0.157333333,52.88350321888412,20.970524694444443,52.88350321888412
4/19/2018,2018,4,19,10.84141667,,,11.3985,18.03354167,0.152125,47.493750000000006,16.69772376851852,47.493750000000006
4/20/2018,2018,4,20,10.56,,16.70316667,13.83229167,22.25016667,0.140541667,54.643016816738196,20.602006175925926,54.643016816738196
4/21/2018,2018,4,21,10.480125,,,21.198,32.72641667,,70.13313304721031,30.302237657407407,70.13313304721031
4/22/2018,2018,4,22,10.68283333,,13.093,18.131125,27.60904167,,63.68348175965666,25.563927472222222,63.68348175965666
4/23/2018,2018,4,23,10.41720833,,14.78125,15.99191667,28.30004167,,59.184717460515024,26.203742287037038,59.184717460515024
4/24/2018,2018,4,24,10.77829167,,,14.34991667,22.04958333,0.192458333,55.731584413304724,20.41628086111111,55.731584413304724
4/25/2018,2018,4,25,,,,,,,,,
4/26/2018,2018,4,26,10.685375,,13.38958333,12.84733333,19.46720833,0.18425,52.57164520042919,18.02519289814815,52.57164520042919
4/27/2018,2018,4,27,,,,14.0835,22.72133333,,55.17130901287554,21.038271601851854,55.17130901287554
4/28/2018,2018,4,28,10.65570833,,,14.810125,23.56470833,,56.699404506437766,21.81917437962963,56.699404506437766
4/29/2018,2018,4,29,10.887,,,13.50420833,20.795,0.210125,53.9530561446352,19.25462962962963,53.9530561446352
4/30/2018,2018,4,30,,,,14.16854167,23.91979167,0.188208333,55.350152009871245,22.14795525,55.350152009871245
05/01/2018,2018,5,1,,,,16.77458333,26.87491667,0.216708333,60.8306688055794,24.884182101851852,60.8306688055794
05/02/2018,2018,5,2,10.63254167,,,10.28479167,15.45754167,,42.85329862500001,14.312538583333334,42.85329862500001
05/03/2018,2018,5,3,,,,15.42591667,24.574,,57.99441703133047,22.753703703703707,57.99441703133047
05/04/2018,2018,5,4,10.65283333,,10.23466667,11.79041667,19.54716667,,49.12673612500001,18.09922839814815,49.12673612500001
05/05/2018,2018,5,5,,,,16.811875,41.22325,0.208166667,60.90909334763949,38.16967592592593,60.90909334763949
05/06/2018,2018,5,6,11.094625,,12.70075,13.80416667,34.75058333,,54.58386982103005,32.1764660462963,54.58386982103005
05/07/2018,2018,5,7,12.13,,,12.84258333,27.10029167,,52.56165593004292,25.09286265740741,52.56165593004292
05/08/2018,2018,5,8,12.76079167,,17.66591667,20.676,33.76641667,0.154625,69.03536480686695,31.26520062037037,69.03536480686695
05/09/2018,2018,5,9,11.85079167,,17.25741667,17.77945833,29.914,0.154958333,62.94392524334764,27.69814814814815,62.94392524334764
05/10/2018,2018,5,10,11.3795,,,12.313375,15.617875,0.15425,51.448728540772535,14.46099537037037,51.448728540772535
05/11/2018,2018,5,11,10.85533333,,,15.5995,22.52558333,0.178583333,58.35946351931331,20.85702160185185,58.35946351931331
05/12/2018,2018,5,12,11.60991667,,,10.4055,21.09970833,0.194833333,43.35625,19.53676697222222,43.35625
5/13/2018,2018,5,13,11.558375,,,8.728166667,14.02483333,0.192958333,36.3673611125,12.985956787037036,36.3673611125
5/14/2018,2018,5,14,10.79845833,,,10.64470833,25.54804167,,44.352951375,23.65559413888889,44.352951375
5/15/2018,2018,5,15,10.95516667,,10.348875,8.285291667,25.04533333,,34.5220486125,23.190123453703702,34.5220486125
5/16/2018,2018,5,16,11.41591667,,,10.18533333,22.42670833,,42.438888875,20.765470675925926,42.438888875
5/17/2018,2018,5,17,11.27983333,,,10.92883333,30.89604167,,45.536805541666666,28.60744599074074,45.536805541666666
5/18/2018,2018,5,18,11.55020833,,14.33758333,15.344625,29.608625,0.165083333,57.82346030042919,27.415393518518517,57.82346030042919
5/19/2018,2018,5,19,,,,18.3415,28.54766667,0.1765,64.12590128755365,26.433024694444445,64.12590128755365
5/20/2018,2018,5,20,,,,11.909625,21.28025,,49.6234375,19.703935185185184,49.6234375
5/21/2018,2018,5,21,11.35458333,,,8.098291667,18.82966667,,33.74288194583333,17.434876546296298,33.74288194583333
5/22/2018,2018,5,22,11.96504167,,,7.496541667,18.397375,,31.23559027916667,17.034606481481482,31.23559027916667
5/23/2018,2018,5,23,11.5935,,17.85058333,12.278125,20.17791667,,51.374597639484975,18.683256175925923,51.374597639484975
5/24/2018,2018,5,24,11.411875,,12.89508333,9.058458333,20.767125,,37.743576387500006,19.228819444444444,37.743576387500006
5/25/2018,2018,5,25,,,,8.424208333,24.54041667,0.189875,35.10086805416667,22.722608027777778,35.10086805416667
5/26/2018,2018,5,26,,,,14.32016667,28.13316667,0.193166667,55.669020035622324,26.04922839814815,55.669020035622324
5/27/2018,2018,5,27,,,,12.07754167,27.56616667,0.154333333,,25.52422839814815,25.52422839814815
5/28/2018,2018,5,28,,,,12.53975,24.56158333,,51.92479613733906,22.742206787037038,51.92479613733906
5/29/2018,2018,5,29,,,,14.49358333,22.487125,0.175833333,56.03371601587983,20.821412037037035,56.03371601587983
5/30/2018,2018,5,30,,,,11.74954167,21.91895833,0.279833333,48.956423625,20.295331787037036,48.956423625
5/31/2018,2018,5,31,13.03183333,,,12.07304167,22.981625,0.251166667,,21.279282407407408,21.279282407407408
06/01/2018,2018,6,1,,,,11.86625,21.91541667,0.198875,49.44270833333334,20.29205247222222,49.44270833333334
06/02/2018,2018,6,2,12.94266667,,,10.88316667,19.93079167,0.193916667,45.34652779166667,18.454436731481483,45.34652779166667
06/03/2018,2018,6,3,13.08554167,,,13.43120833,22.19366667,0.176791667,53.79953683133047,20.549691361111112,53.79953683133047
06/04/2018,2018,6,4,13.84591667,,,15.498125,25.04775,0.165541667,58.14627145922747,23.19236111111111,58.14627145922747
06/05/2018,2018,6,5,,,,15.70866667,24.00941667,0.168,58.58904149484979,22.23094136111111,58.58904149484979
06/06/2018,2018,6,6,,,,,,,,,
06/07/2018,2018,6,7,,,,7.48125,16.28358333,0.481916667,31.171875000000004,15.077391972222221,31.171875000000004
06/08/2018,2018,6,8,9.644458333,,,8.081125,39.450375,0.052583333,33.67135416666667,36.528125,36.528125
06/09/2018,2018,6,9,,,,5.132791667,23.50283333,0.080833333,21.386631945833336,21.761882712962965,21.761882712962965
06/10/2018,2018,6,10,9.595875,,,6.229583333,21.88725,0.1085,25.956597220833334,20.265972222222224,25.956597220833334
06/11/2018,2018,6,11,9.909583333,,,5.214875,19.13708333,0.10975,21.728645833333335,17.719521601851852,21.728645833333335
06/12/2018,2018,6,12,,,,4.311833333,23.71570833,0.107208333,17.965972220833336,21.95898919444444,21.95898919444444
6/13/2018,2018,6,13,9.341083333,,,3.708208333,19.17604167,0.1025,15.450868054166667,17.75559413888889,17.75559413888889
6/14/2018,2018,6,14,9.651208333,,,8.192458333,26.31133333,0.105958333,34.135243054166665,24.362345675925926,34.135243054166665
6/15/2018,2018,6,15,9.176666667,,,6.534791667,23.88675,0.095583333,27.228298612500005,22.117361111111112,27.228298612500005
6/16/2018,2018,6,16,9.066833333,,,6.155916667,21.76820833,0.088916667,25.64965277916667,20.155748453703705,25.64965277916667
6/17/2018,2018,6,17,9.1575,,,6.888458333,22.87075,0.106291667,28.701909720833335,21.176620370370372,28.701909720833335
6/18/2018,2018,6,18,8.886875,,,8.189083333,27.66541667,0.126208333,34.12118055416666,25.616126546296297,34.12118055416666
6/19/2018,2018,6,19,10.79845833,,,8.728083333,17.647125,0.106625,36.36701388750001,16.339930555555554,36.36701388750001
6/20/2018,2018,6,20,10.307625,,,10.86491667,19.77283333,0.112208333,45.270486125,18.30817900925926,45.270486125
6/21/2018,2018,6,21,9.532208333,,,6.615875,13.69116667,0.092458333,27.566145833333334,12.677006175925925,27.566145833333334
6/22/2018,2018,6,22,9.510208333,,,6.453666667,12.59445833,0.10175,26.89027777916667,11.661535490740741,26.89027777916667
6/23/2018,2018,6,23,9.967,,,6.706625,11.68175,0.099,27.944270833333334,10.816435185185185,27.944270833333334
6/24/2018,2018,6,24,10.376375,,,10.96883333,16.95908333,0.090416667,45.70347220833334,15.702854935185185,45.70347220833334
6/25/2018,2018,6,25,9.184916667,,,8.182458333,12.679375,0.089166667,34.0935763875,11.740162037037038,34.0935763875
6/26/2018,2018,6,26,10.00345833,,,8.736833333,16.35595833,0.120958333,36.403472220833336,15.14440586111111,36.403472220833336
6/27/2018,2018,6,27,9.811583333,,,6.731833333,14.29775,0.0955,28.04930555416667,13.238657407407407,28.04930555416667
6/28/2018,2018,6,28,12.099625,,,9.036916667,15.130625,0.087833333,37.653819445833335,14.009837962962964,37.653819445833335
6/29/2018,2018,6,29,9.783208333,,,7.872,11.44816667,0.094,32.800000000000004,10.600154324074074,32.800000000000004
6/30/2018,2018,6,30,11.095125,,,7.610958333,11.06404167,0.091833333,31.712326387500003,10.244483027777777,31.712326387500003
07/01/2018,2018,7,1,11.94375,,,12.84370833,19.76895833,0.108625,52.56402180987125,18.304591046296295,52.56402180987125
07/02/2018,2018,7,2,10.08795833,,,11.717375,19.94158333,0.102916667,48.82239583333334,18.46442900925926,48.82239583333334
07/03/2018,2018,7,3,10.202375,,,11.06308333,19.02670833,0.097708333,46.09618054166667,17.61732252777778,46.09618054166667
07/04/2018,2018,7,4,8.82975,,,12.14683333,21.83245833,0.147791667,51.098490693991415,20.215239194444447,51.098490693991415
07/05/2018,2018,7,5,8.988416667,,,10.48604167,21.82370833,0.119083333,43.69184029166667,20.207137342592592,43.69184029166667
07/06/2018,2018,7,6,,,,12.333125,22.48929167,0.107208333,51.49026287553648,20.823418212962963,51.49026287553648
07/07/2018,2018,7,7,9.198708333,,,8.861375,17.70045833,0.08875,36.92239583333334,16.389313268518517,36.92239583333334
07/08/2018,2018,7,8,9.202375,,,7.186125,13.13691667,0.084083333,29.9421875,12.16381173148148,29.9421875
07/09/2018,2018,7,9,9.502,,,7.580166667,15.383375,0.093125,31.58402777916667,14.24386574074074,31.58402777916667
07/10/2018,2018,7,10,8.887083333,,,6.790083333,13.033125,0.082,28.2920138875,12.067708333333334,28.2920138875
07/11/2018,2018,7,11,9.69875,,,7.914875,18.44620833,0.093208333,32.97864583333334,17.07982252777778,32.97864583333334
07/12/2018,2018,7,12,9.276875,,,9.372875,16.17075,0.082833333,39.05364583333334,14.972916666666668,39.05364583333334
7/13/2018,2018,7,13,9.533208333,,,7.949208333,14.28429167,0.079583333,33.1217013875,13.226195990740742,33.1217013875
7/14/2018,2018,7,14,9.590791667,,,6.42225,13.226,0.075125,26.759375000000002,12.246296296296297,26.759375000000002
7/15/2018,2018,7,15,9.570375,,,6.837708333,10.91379167,0.082875,28.490451387500002,10.105362657407408,28.490451387500002
7/16/2018,2018,7,16,9.777416667,,,7.160958333,10.55233333,0.095458333,29.837326387500003,9.77067900925926,29.837326387500003
7/17/2018,2018,7,17,10.86183333,,,4.998541667,5.905166667,0.098708333,20.827256945833334,5.467746913888888,20.827256945833334
7/18/2018,2018,7,18,14.78595833,6.043583333,10.81020833,5.454416667,6.151791667,0.111916667,22.726736112500003,5.696103395370371,22.726736112500003
7/19/2018,2018,7,19,15.31866667,,20.90770833,6.928541667,7.407416667,0.1,28.8689236125,6.858719136111111,28.8689236125
7/20/2018,2018,7,20,15.60925,3.987541667,,4.1605,4.631458333,0.087875,17.335416666666667,4.288387345370371,17.335416666666667
7/21/2018,2018,7,21,15.67591667,,,4.6845,4.896875,0.10275,19.51875,4.534143518518518,19.51875
7/22/2018,2018,7,22,15.75608333,,24.87925,4.421083333,4.707625,0.086666667,18.421180554166668,4.358912037037038,18.421180554166668
7/23/2018,2018,7,23,15.48754167,3.9025,23.38075,6.040166667,6.7375,0.119666667,25.167361112500004,6.238425925925926,25.167361112500004
7/24/2018,2018,7,24,15.903,,19.088375,9.650833333,10.66454167,0.126208333,40.211805554166666,9.87457562037037,40.211805554166666
7/25/2018,2018,7,25,16.04258333,,26.27066667,6.957375,7.729916667,0.133333333,28.989062500000003,7.157330247222222,28.989062500000003
7/26/2018,2018,7,26,15.05741667,,17.33079167,8.921166667,9.654458333,0.134333333,37.17152777916667,8.939313271296296,37.17152777916667
7/27/2018,2018,7,27,16.56720833,,23.05616667,11.34166667,12.46,0.136083333,47.25694445833334,11.537037037037038,47.25694445833334
7/28/2018,2018,7,28,15.48204167,,21.31008333,8.559833333,9.619416667,0.122541667,35.66597222083334,8.906867284259258,35.66597222083334
7/29/2018,2018,7,29,15.70758333,,18.31091667,7.359416667,7.893458333,0.115208333,30.6642361125,7.30875771574074,30.6642361125
7/30/2018,2018,7,30,15.81779167,,14.90466667,10.80658333,12.26895833,0.116083333,45.027430541666675,11.360146601851852,45.027430541666675
7/31/2018,2018,7,31,17.186625,,,12.27591667,13.36045833,0.1265,51.36995351201717,12.37079475,51.36995351201717
08/01/2018,2018,8,1,16.03254167,,13.88308333,12.04220833,13.25675,0.143416667,,12.274768518518519,12.274768518518519
08/02/2018,2018,8,2,19.17991667,,13.24,8.474583333,9.283333333,0.115875,35.3107638875,8.595679012037037,35.3107638875
08/03/2018,2018,8,3,15.007625,,,7.500291667,8.66125,0.113,31.25121527916667,8.019675925925927,31.25121527916667
08/04/2018,2018,8,4,,,,,,,,,
08/05/2018,2018,8,5,,,,,,,,,
08/06/2018,2018,8,6,18.40004167,5.416833333,24.97058333,10.38370833,11.36175,0.099625,43.265451375,10.520138888888889,43.265451375
08/07/2018,2018,8,7,18.39733333,6.104916667,17.81025,10.02358333,12.34358333,0.121375,41.764930541666665,11.429243824074074,41.764930541666665
08/08/2018,2018,8,8,17.923125,4.390875,17.87883333,8.451875,10.709375,0.113333333,35.216145833333336,9.916087962962962,35.216145833333336
08/09/2018,2018,8,9,16.38325,6.166083333,19.5525,10.491375,13.24841667,0.128666667,43.714062500000004,12.267052472222222,43.714062500000004
08/10/2018,2018,8,10,16.46295833,,21.232375,7.094833333,9.675291667,0.108125,29.56180555416667,8.95860339537037,29.56180555416667
08/11/2018,2018,8,11,16.96275,5.798041667,19.564125,6.105916667,7.573791667,0.116958333,25.441319445833333,7.0127700620370375,25.441319445833333
08/12/2018,2018,8,12,17.892375,5.467583333,23.301,7.538625,9.206208333,0.127916667,31.4109375,8.524266975,31.4109375
8/13/2018,2018,8,13,17.79054167,5.897291667,23.79145833,9.19625,11.20495833,0.12275,38.317708333333336,10.374961416666666,38.317708333333336
8/14/2018,2018,8,14,18.00791667,5.468416667,23.28133333,10.52483333,13.09791667,0.128708333,43.853472208333336,12.127700620370371,43.853472208333336
8/15/2018,2018,8,15,16.780375,,24.69720833,14.89904167,17.32633333,0.132791667,56.88639664506438,16.042901231481483,56.88639664506438
8/16/2018,2018,8,16,16.361125,5.07575,15.71675,13.86158333,15.984875,0.145208333,54.70461730343348,14.800810185185187,54.70461730343348
8/17/2018,2018,8,17,16.09841667,8.088333333,16.68375,11.13729167,13.665,0.140916667,46.40538195833334,12.652777777777777,46.40538195833334
8/18/2018,2018,8,18,16.55133333,5.980375,21.55304167,9.041875,9.80575,,37.674479166666664,9.079398148148147,37.674479166666664
8/19/2018,2018,8,19,16.63525,,,5.572416667,6.734916667,0.140583333,23.218402779166667,6.236033950925926,23.218402779166667
8/20/2018,2018,8,20,17.79204167,6.917625,13.25583333,5.794875,7.0245,0.128291667,24.145312500000003,6.504166666666666,24.145312500000003
8/21/2018,2018,8,21,17.09575,5.943416667,23.91041667,11.15604167,13.41395833,0.1465,46.48350695833334,12.420331787037037,46.48350695833334
8/22/2018,2018,8,22,16.66216667,,18.66395833,15.28283333,18.37683333,0.156,57.69351215321889,17.015586416666668,57.69351215321889
8/23/2018,2018,8,23,16.59166667,,14.67991667,17.52758333,20.95854167,0.152291667,62.41423103733906,19.40605710185185,62.41423103733906
8/24/2018,2018,8,24,16.70591667,,18.65920833,11.48395833,13.81579167,0.117666667,47.849826375000006,12.792399694444445,47.849826375000006
8/25/2018,2018,8,25,,,,9.020958333,10.63775,0.151,37.5873263875,9.84976851851852,37.5873263875
8/26/2018,2018,8,26,16.464625,3.27275,17.2945,12.685875,15.678375,0.164208333,52.23209763948498,14.51701388888889,52.23209763948498
8/27/2018,2018,8,27,,,,,,,,,
8/28/2018,2018,8,28,18.26325,5.99275,20.0455,13.76054167,16.88125,,54.49212625879829,15.630787037037038,54.49212625879829
8/29/2018,2018,8,29,16.29820833,,22.36945833,13.95908333,17.40604167,0.149166667,54.909660221888416,16.11670525,54.909660221888416
8/30/2018,2018,8,30,17.54258333,,26.17508333,24.361125,27.43945833,0.186041667,76.78519849785408,25.406905861111113,76.78519849785408
8/31/2018,2018,8,31,16.23145833,,20.75066667,19.73854167,23.649875,0.158,67.06388591545064,21.89803240740741,67.06388591545064
09/01/2018,2018,9,1,,,,10.905375,13.8155,0.126833333,45.4390625,12.79212962962963,45.4390625
09/02/2018,2018,9,2,16.157,,21.39841667,9.655333333,12.52029167,0.114791667,40.23055555416667,11.592862657407409,40.23055555416667
09/03/2018,2018,9,3,16.106,4.620416667,18.773,6.762125,9.672,0.108,28.175520833333337,8.955555555555556,28.175520833333337
09/04/2018,2018,9,4,16.83404167,,21.99608333,8.833041667,9.859708333,0.056083333,36.80434027916667,9.129359567592592,36.80434027916667
09/05/2018,2018,9,5,15.7355,,26.64479167,7.777833333,10.37475,0.004708333,32.407638887500006,9.606250000000001,32.407638887500006
09/06/2018,2018,9,6,15.67116667,,17.67229167,8.69675,12.017125,0.004791667,36.23645833333333,11.126967592592592,36.23645833333333
09/07/2018,2018,9,7,15.901625,4.540958333,17.79741667,4.834666667,7.727875,0.0045,20.144444445833333,7.155439814814815,20.144444445833333
09/08/2018,2018,9,8,15.368125,,22.83833333,7.960583333,10.65891667,0.004625,33.169097220833336,9.869367287037036,33.169097220833336
09/09/2018,2018,9,9,15.77066667,,18.97641667,9.671458333,13.04595833,0.004666667,40.29774305416667,12.079591046296295,40.29774305416667
09/10/2018,2018,9,10,,,,,,,,,
09/11/2018,2018,9,11,17.04095833,,26.622375,8.018125,10.29958333,0.004041667,33.408854166666664,9.536651231481482,33.408854166666664
09/12/2018,2018,9,12,16.489,,20.41191667,11.219875,14.85770833,0.004,46.74947916666667,13.757137342592593,46.74947916666667
9/13/2018,2018,9,13,16.2805,,28.43658333,8.140666667,10.093375,0.004083333,33.919444445833335,9.345717592592592,33.919444445833335
9/14/2018,2018,9,14,15.49804167,,16.10595833,5.345666667,6.439125,0.004416667,22.2736111125,5.962152777777778,22.2736111125
9/15/2018,2018,9,15,,,,,,,,,
9/16/2018,2018,9,16,16.18825,2.66075,19.0925,10.48895833,12.72704167,0.005083333,43.70399304166667,11.784297842592593,43.70399304166667
9/17/2018,2018,9,17,15.60675,,18.90429167,9.762458333,12.26425,0.004083333,40.676909720833336,11.355787037037038,40.676909720833336
9/18/2018,2018,9,18,15.62241667,,21.702875,14.16066667,16.94595833,0.004,55.33359085107296,15.690702157407408,55.33359085107296
9/19/2018,2018,9,19,16.59416667,,18.546,17.67429167,20.74895833,0.004583333,62.722759306008584,19.211998453703703,62.722759306008584
9/20/2018,2018,9,20,15.32054167,,16.2765,8.81,11.84075,0.003833333,36.708333333333336,10.963657407407407,36.708333333333336
9/21/2018,2018,9,21,16.4455,,23.970375,7.814375,9.817791667,0.004375,32.559895833333336,9.090547839814814,32.559895833333336
9/22/2018,2018,9,22,15.70204167,,19.62016667,11.40808333,13.30283333,0.003958333,47.53368054166667,12.317438268518519,47.53368054166667
9/23/2018,2018,9,23,16.12279167,,19.864625,13.92329167,16.034,0.004041667,54.83439020729614,14.846296296296295,54.83439020729614
9/24/2018,2018,9,24,17.008875,,,17.4045,20.20720833,0.003791667,62.155386266094425,18.710378083333335,62.155386266094425
9/25/2018,2018,9,25,,,,17.02058333,19.56,0.003208333,61.3480078613734,18.11111111111111,61.3480078613734
9/26/2018,2018,9,26,,,,15.64608333,18.593,0.00325,58.45742846223176,17.215740740740742,58.45742846223176
9/27/2018,2018,9,27,15.18220833,,20.38075,16.80608333,19.86079167,0.003666667,60.896913440772536,18.389621916666666,60.896913440772536
9/28/2018,2018,9,28,,,,,,,,,
9/29/2018,2018,9,29,17.39866667,,,23.2145,28.79554167,0.00425,74.37384120171674,26.662538583333333,74.37384120171674
9/30/2018,2018,9,30,16.046625,,,24.49791667,30.05875,0.003958333,77.07287196695279,27.832175925925927,77.07287196695279
10/01/2018,2018,10,1,16.20658333,,,27.795875,33.34575,0.0045,84.0084924892704,30.87569444444445,84.0084924892704
10/02/2018,2018,10,2,15.74508333,,,13.92808333,17.19083333,0.004416667,54.8444670888412,15.917438268518518,54.8444670888412
10/03/2018,2018,10,3,16.15191667,,,24.45475,30.51183333,0.00425,76.98209227467811,28.25169752777778,76.98209227467811
10/04/2018,2018,10,4,15.39825,,,16.46325,23.0455,0.004125,60.175933476394846,21.338425925925925,60.175933476394846
10/05/2018,2018,10,5,15.56191667,,21.4225,23.89016667,29.618875,0.004208333,75.79477110858369,27.424884259259258,75.79477110858369
10/06/2018,2018,10,6,16.16341667,,22.40170833,28.65320833,35.07220833,0.004,85.81146816180257,32.474266972222225,85.81146816180257
10/07/2018,2018,10,7,,,,,,,,,
10/08/2018,2018,10,8,,,,,,,,,
10/09/2018,2018,10,9,,,,,,,,,
10/10/2018,2018,10,10,,,,,,,,,
10/11/2018,2018,10,11,,,,,,,,,
10/12/2018,2018,10,12,,,,,,,,,
10/13/2018,2018,10,13,,,,,,,,,
10/14/2018,2018,10,14,15.73741667,,17.83108333,16.54533333,19.65266667,0.003875,60.348555071673815,18.19691358333333,60.348555071673815
10/15/2018,2018,10,15,16.5405,6.609166667,21.34058333,19.73641667,24.78383333,0.004125,67.05941703133047,22.947993824074075,67.05941703133047
10/16/2018,2018,10,16,17.56154167,,32.627625,14.50304167,24.99629167,0.0045,56.05360694549356,23.14471450925926,56.05360694549356
10/17/2018,2018,10,17,,,,16.43454167,21.897,0.0045,60.11555973519314,20.275,60.11555973519314
10/18/2018,2018,10,18,15.0895,,,11.97791667,24.51404167,0.004125,49.90798612500001,22.69818673148148,49.90798612500001
10/19/2018,2018,10,19,15.08891667,,16.44533333,19.65195833,32.86720833,0.003833333,66.88180077982832,30.432600305555553,66.88180077982832
10/20/2018,2018,10,20,15.47454167,,,21.72425,39.25304167,0.003875,71.239839055794,36.3454089537037,71.239839055794
10/21/2018,2018,10,21,15.24329167,,19.84120833,23.127,40.63291667,0.004541667,74.18982832618026,37.62307099074074,74.18982832618026
10/22/2018,2018,10,22,15.68225,,23.83504167,20.439625,38.86854167,0.004458333,68.53826716738197,35.989390435185186,68.53826716738197
10/23/2018,2018,10,23,,,,,,,,,
10/24/2018,2018,10,24,16.01595833,,23.146,28.12216667,36.3085,0.00425,84.69468527167382,33.618981481481484,84.69468527167382
10/25/2018,2018,10,25,15.809125,7.893791667,,36.40170833,47.59604167,0.003791667,103.22028684271356,44.070408953703705,103.22028684271356
10/26/2018,2018,10,26,15.97995833,,,27.23104167,44.93066667,0.003291667,82.820645572103,41.60246913888889,82.820645572103
10/27/2018,2018,10,27,,,,29.183125,46.40666667,0.003291667,86.92588519313306,42.96913580555555,86.92588519313306
10/28/2018,2018,10,28,16.08058333,,23.79054167,28.1985,48.01975,0.00325,84.85521459227468,44.462731481481484,84.85521459227468
10/29/2018,2018,10,29,16.50054167,,23.91029167,27.98695833,40.35495833,0.003333333,84.41034155236052,37.36570215740741,84.41034155236052
10/30/2018,2018,10,30,,,,,,,,,
10/31/2018,2018,10,31,,,,,,,,,
11/01/2018,2018,11,1,,,,,,,,,
11/02/2018,2018,11,2,,,,,,,,,
11/03/2018,2018,11,3,,,,,,,,,
11/04/2018,2018,11,4,,,,,,,,,
11/05/2018,2018,11,5,,,,,,,,,
11/06/2018,2018,11,6,,,,,,,,,
11/07/2018,2018,11,7,,,,,,,,,
11/08/2018,2018,11,8,,,,,,,,,
11/09/2018,2018,11,9,,,,,,,,,
11/10/2018,2018,11,10,,,,,,,,,
11/11/2018,2018,11,11,,,,,,,,,
11/12/2018,2018,11,12,,,,,,,,,
11/13/2018,2018,11,13,,,,,,,,,
11/14/2018,2018,11,14,,,,,,,,,
11/15/2018,2018,11,15,,,,,,,,,
11/16/2018,2018,11,16,,,,,,,,,
11/17/2018,2018,11,17,16.530125,9.1425,,21.638375,29.62933333,0.004583333,71.05924356223176,27.43456789814815,71.05924356223176
11/18/2018,2018,11,18,16.44570833,9.265708333,,24.2445,33.75141667,0.003958333,76.5399356223176,31.25131173148148,76.5399356223176
11/19/2018,2018,11,19,16.75283333,13.56841667,,30.4815,41.26329167,0.003833333,89.65637339055795,38.206751546296296,89.65637339055795
11/20/2018,2018,11,20,17.07958333,19.19270833,,45.436875,56.58370833,0.003916667,125.46768216080403,51.78385563808081,125.46768216080403
11/21/2018,2018,11,21,16.72933333,16.25170833,,29.53716667,38.06216667,0.004125,87.6704363446352,35.24274691666667,87.6704363446352
11/22/2018,2018,11,22,16.16,14.16745833,,17.371,29.65391667,0.004041667,62.084935622317595,27.457330250000002,62.084935622317595
11/23/2018,2018,11,23,16.12616667,11.428625,,14.54058333,31.06954167,0.004041667,56.13255721759657,28.768094138888888,56.13255721759657
11/24/2018,2018,11,24,16.24133333,10.67895833,,12.58479167,33.45283333,0.004291667,52.019518962660946,30.974845675925923,52.019518962660946
11/25/2018,2018,11,25,16.08620833,11.51895833,,15.669125,32.11479167,0.003916667,58.50588519313305,29.735918212962964,58.50588519313305
11/26/2018,2018,11,26,16.05908333,11.81804167,,,,,,,
11/27/2018,2018,11,27,15.938875,10.06829167,,16.807,21.7115,0.003708333,60.898841201716735,20.10324074074074,60.898841201716735
11/28/2018,2018,11,28,15.65679167,10.139875,,20.613125,26.378,0.003875,68.90313841201717,24.424074074074074,68.90313841201717
11/29/2018,2018,11,29,14.34625,9.615416667,,15.127625,19.50458333,0.003708333,57.367108369098716,18.059799379629627,57.367108369098716
11/30/2018,2018,11,30,13.86666667,8.177791667,,12.64175,17.09291667,0.004,52.139302575107294,15.826774694444445,52.139302575107294
12/01/2018,2018,12,1,14.31570833,8.132125,,15.06875,19.97633333,0.003875,57.24329399141631,18.496604935185186,57.24329399141631
12/02/2018,2018,12,2,13.69695833,,,10.63366667,14.84420833,0.004916667,44.30694445833334,13.744637342592593,44.30694445833334
12/03/2018,2018,12,3,14.35325,10.25191667,,25.1055,30.36691667,0.004125,78.35062231759657,28.117515435185183,78.35062231759657
12/04/2018,2018,12,4,14.61858333,12.103875,,26.63008333,31.6925,0.003791667,81.55682760386267,29.34490740740741,81.55682760386267
12/05/2018,2018,12,5,14.37308333,6.973541667,,21.76454167,26.17016667,0.003875,71.32457261072962,24.231635805555555,71.32457261072962
12/06/2018,2018,12,6,14.05975,7.632791667,,17.271,22.04245833,0.003208333,61.87463519313305,20.40968363888889,61.87463519313305
12/07/2018,2018,12,7,13.888,,,17.01841667,21.97054167,0.003208333,61.34345136609443,20.343094138888887,61.34345136609443
12/08/2018,2018,12,8,13.959125,,,17.23758333,22.87883333,0.00325,61.80435979270386,21.184104935185186,61.80435979270386
12/09/2018,2018,12,9,,,,,,,,,
12/10/2018,2018,12,10,14.41875,8.724958333,,25.03879167,30.95425,0.003583333,78.21033441330472,28.66134259259259,78.21033441330472
12/11/2018,2018,12,11,15.04208333,,,28.140875,34.481,0.003291667,84.73402896995708,31.926851851851854,84.73402896995708
12/12/2018,2018,12,12,13.43641667,8.377166667,,21.56283333,26.77508333,0.003958333,70.90037910600859,24.791743824074075,70.90037910600859
12/13/2018,2018,12,13,13.62958333,,,17.97270833,23.34195833,0.00375,63.350330822746784,21.61292437962963,63.350330822746784
12/14/2018,2018,12,14,13.12391667,,,8.371125,14.59945833,0.003375,34.8796875,13.518016972222222,34.8796875
12/15/2018,2018,12,15,13.24870833,,,12.48095833,17.39508333,0.003791667,51.80115700300429,16.106558638888888,51.80115700300429
12/16/2018,2018,12,16,13.67929167,,,18.6855,23.51845833,0.002916667,64.8493347639485,21.776350305555557,64.8493347639485
12/17/2018,2018,12,17,13.773375,7.161333333,,19.814125,25.27520833,0.003875,67.22283798283263,23.40297067592593,67.22283798283263
12/18/2018,2018,12,18,13.25966667,10.10779167,,14.629625,20.172125,0.003125,56.31981223175966,18.67789351851852,56.31981223175966
12/19/2018,2018,12,19,13.94808333,10.27520833,,17.559375,22.74075,0.003583333,62.481089055793994,21.05625,62.481089055793994
12/20/2018,2018,12,20,,12.68775,,24.61991667,31.68295833,0.003125,77.32943849055795,29.33607252777778,77.32943849055795
12/21/2018,2018,12,21,13.72158333,,,25.86279167,32.06204167,0.003541667,79.94320994978541,29.68707562037037,79.94320994978541
12/22/2018,2018,12,22,,,,21.238,22.434375,0.00425,70.21725321888412,20.772569444444443,70.21725321888412
12/23/2018,2018,12,23,,20.17391667,,28.154,29.63191667,0.0035,84.76163090128756,27.43695987962963,84.76163090128756
12/24/2018,2018,12,24,14.03833333,,,21.02429167,22.95870833,0.002541667,69.76782368369099,21.25806326851852,69.76782368369099
12/25/2018,2018,12,25,13.08841667,,,11.97033333,13.57208333,0.003208333,49.876388875,12.566743824074074,49.876388875
12/26/2018,2018,12,26,12.97804167,,,15.19675,18.09929167,0.003083333,57.512478540772534,16.758603398148146,57.512478540772534
12/27/2018,2018,12,27,17.528125,,,17.57966667,21.37454167,0.003083333,62.52376252489271,19.791242287037036,62.52376252489271
12/28/2018,2018,12,28,13.47970833,11.31695833,,23.77458333,27.269875,0.002958333,75.55169884849786,25.249884259259257,75.55169884849786
12/29/2018,2018,12,29,12.04733333,7.064375,,7.027291667,8.774791667,0.003375,29.280381945833337,8.124807099074074,29.280381945833337
12/30/2018,2018,12,30,12.36195833,5.347916667,,11.16229167,13.56691667,0.003125,46.509548625,12.56195987962963,46.509548625
12/31/2018,2018,12,31,13.273875,6.950833333,,16.36229167,18.112875,0.003708333,59.9636176751073,16.771180555555556,59.9636176751073
01/01/2019,2019,1,1,14.244,12.654,10.106,12.91,14.259,0.004,52.70343347639485,13.202777777777778,52.70343347639485
01/02/2019,2019,1,2,13.515,8.444,14.838,7.011,8.906,0.004,29.212500000000002,8.246296296296297,29.212500000000002
01/03/2019,2019,1,3,13.231,7.619,16.515,15.238,18.531,0.004,57.59922746781116,17.15833333333333,57.59922746781116
01/04/2019,2019,1,4,12.935,8.881,11.089,5.76,8.44,0.003,24.0,7.814814814814814,24.0
01/05/2019,2019,1,5,12.71,8.904,9.839,13.141,16.734,0.004,53.18922746781116,15.494444444444445,53.18922746781116
01/06/2019,2019,1,6,13.351,8.004,16.915,17.66,21.219,0.004,62.69270386266095,19.647222222222222,62.69270386266095
01/07/2019,2019,1,7,13.463,9.615,9.143,11.692,15.095,0.003,48.71666666666667,13.976851851851853,48.71666666666667
01/08/2019,2019,1,8,12.817,13.163,11.408,12.82,16.949,0.004,52.514163090128754,15.69351851851852,52.514163090128754
01/09/2019,2019,1,9,12.873,11.352,10.402,17.419,21.49,0.003,62.185879828326186,19.898148148148145,62.185879828326186
01/10/2019,2019,1,10,12.875,12.356,11.445,18.277,22.316,0.003,63.99025751072962,20.66296296296296,63.99025751072962
01/11/2019,2019,1,11,13.033,11.39,14.938,19.026,24.238,0.003,65.56540772532189,22.442592592592593,65.56540772532189
01/12/2019,2019,1,12,13.931,12.021,9.774,27.233,33.813,0.003,82.82476394849786,31.308333333333337,82.82476394849786
1/13/2019,2019,1,13,13.996,10.203,12.593,18.374,22.944,0.004,64.19424892703863,21.244444444444444,64.19424892703863
1/14/2019,2019,1,14,12.436,11.08,10.529,11.338,15.285,0.004,47.24166666666667,14.152777777777779,47.24166666666667
1/15/2019,2019,1,15,13.228,12.767,14.343,11.931,15.968,0.004,49.7125,14.785185185185185,49.7125
1/16/2019,2019,1,16,13.613,9.657,11.469,13.081,17.609,0.004,53.06304721030043,16.30462962962963,53.06304721030043
1/17/2019,2019,1,17,14.257,14.788,14.807,20.465,24.086,0.004,68.59163090128756,22.30185185185185,68.59163090128756
1/18/2019,2019,1,18,13.796,12.441,12.977,10.605,14.754,0.004,44.18750000000001,13.661111111111111,44.18750000000001
1/19/2019,2019,1,19,13.626,10.315,10.174,12.364,16.677,0.004,51.55519313304721,15.441666666666666,51.55519313304721
1/20/2019,2019,1,20,13.337,8.788,10.683,17.009,21.188,0.004,61.32364806866953,19.618518518518517,61.32364806866953
1/21/2019,2019,1,21,11.613,21.039,20.313,14.456,18.219,0.006,55.95467811158798,16.869444444444447,55.95467811158798
1/22/2019,2019,1,22,10.338,38.979,19.779,21.675,25.903,0.004,71.1362660944206,23.984259259259257,71.1362660944206
1/23/2019,2019,1,23,11.201,41.324,21.009,20.396,26.098,0.005,68.44652360515022,24.164814814814815,68.44652360515022
1/24/2019,2019,1,24,9.394,36.273,20.869,17.412,22.614,0.004,62.17115879828326,20.93888888888889,62.17115879828326
1/25/2019,2019,1,25,9.041,30.025,20.709,12.647,17.032,0.004,52.150343347639485,15.77037037037037,52.150343347639485
1/26/2019,2019,1,26,9.174,32.051,19.717,11.847,15.932,0.004,49.362500000000004,14.751851851851852,49.362500000000004
1/27/2019,2019,1,27,8.787,27.776,22.381,8.122,11.106,0.005,33.84166666666667,10.283333333333333,33.84166666666667
1/28/2019,2019,1,28,8.631,25.807,21.39,10.217,14.145,0.003,42.57083333333334,13.097222222222221,42.57083333333334
1/29/2019,2019,1,29,7.878,33.107,20.641,8.436,13.111,0.003,35.150000000000006,12.139814814814816,35.150000000000006
1/30/2019,2019,1,30,8.709,35.085,22.235,23.744,29.568,0.004,75.48738197424893,27.37777777777778,75.48738197424893
1/31/2019,2019,1,31,9.488,38.563,18.722,24.545,30.092,0.004,77.17188841201718,27.86296296296296,77.17188841201718
02/01/2019,2019,2,1,8.576,38.551,19.623,9.14,13.195,0.004,38.083333333333336,12.217592592592593,38.083333333333336
02/02/2019,2019,2,2,8.24,38.123,19.801,13.25,18.834,0.004,53.41845493562232,17.43888888888889,53.41845493562232
02/03/2019,2019,2,3,9.139,28.581,20.396,19.236,24.223,0.004,66.00703862660944,22.428703703703704,66.00703862660944
02/04/2019,2019,2,4,8.762,36.805,19.744,12.907,17.475,0.004,52.697124463519316,16.180555555555557,52.697124463519316
02/05/2019,2019,2,5,8.895,35.323,19.317,13.514,18.299,0.004,53.973648068669526,16.94351851851852,53.973648068669526
02/06/2019,2019,2,6,9.037,32.553,18.672,15.798,22.052,0.005,58.77690987124464,20.418518518518518,58.77690987124464
02/07/2019,2019,2,7,9.578,33.394,20.084,17.696,23.7,0.005,62.768412017167385,21.944444444444443,62.768412017167385
02/08/2019,2019,2,8,9.151,32.779,18.503,18.778,24.074,0.004,65.0438626609442,22.29074074074074,65.0438626609442
02/09/2019,2019,2,9,9.636,33.855,18.461,19.973,26.563,0.004,67.55695278969958,24.595370370370368,67.55695278969958
02/10/2019,2019,2,10,9.264,24.633,17.522,16.384,20.825,0.005,60.009270386266095,19.28240740740741,60.009270386266095
02/11/2019,2019,2,11,9.52,25.62,17.898,9.701,15.024,0.005,40.42083333333334,13.91111111111111,40.42083333333334
02/12/2019,2019,2,12,9.714,31.258,19.059,9.286,14.371,0.005,38.69166666666667,13.306481481481482,38.69166666666667
2/13/2019,2019,2,13,9.865,32.628,19.855,19.718,25.345,0.005,67.02068669527897,23.46759259259259,67.02068669527897
2/14/2019,2019,2,14,9.827,35.155,19.678,10.755,15.943,0.004,44.81250000000001,14.762037037037036,44.81250000000001
2/15/2019,2019,2,15,9.737,41.925,20.015,12.813,18.403,0.004,52.49944206008584,17.039814814814815,52.49944206008584
2/16/2019,2019,2,16,9.692,28.642,19.886,24.987,29.642,0.004,78.10141630901288,27.446296296296296,78.10141630901288
2/17/2019,2019,2,17,9.351,31.448,19.606,13.832,19.312,0.005,54.642403433476396,17.881481481481483,54.642403433476396
2/18/2019,2019,2,18,8.945,29.621,17.595,10.864,16.144,0.004,45.26666666666667,14.948148148148146,45.26666666666667
2/19/2019,2019,2,19,9.395,34.004,18.918,14.45,20.405,0.004,55.94206008583691,18.89351851851852,55.94206008583691
2/20/2019,2019,2,20,9.753,30.858,18.51,13.261,18.335,0.004,53.441587982832615,16.97685185185185,53.441587982832615
2/21/2019,2019,2,21,9.214,43.091,19.487,21.438,28.016,0.003,70.63785407725322,25.94074074074074,70.63785407725322
2/22/2019,2019,2,22,9.704,29.835,21.455,28.44,34.495,0.004,85.36309012875537,31.939814814814813,85.36309012875537
2/23/2019,2019,2,23,9.485,33.001,18.895,18.401,23.655,0.004,64.25103004291846,21.90277777777778,64.25103004291846
2/24/2019,2019,2,24,9.379,28.634,21.424,23.869,29.061,0.003,75.75025751072963,26.908333333333335,75.75025751072963
2/25/2019,2019,2,25,9.885,29.51,20.768,23.478,29.192,0.003,74.92798283261803,27.02962962962963,74.92798283261803
2/26/2019,2019,2,26,9.295,34.51,18.703,17.104,22.271,0.003,61.52343347639485,20.621296296296297,61.52343347639485
2/27/2019,2019,2,27,9.243,28.849,18.526,11.558,17.038,0.003,48.15833333333334,15.775925925925927,48.15833333333334
2/28/2019,2019,2,28,8.476,25.441,19.948,16.154,21.222,0.004,59.525579399141634,19.650000000000002,59.525579399141634
03/01/2019,2019,3,1,9.724,27.736,19.79,14.955,24.193,0.004,57.00407725321889,22.40092592592593,57.00407725321889
03/02/2019,2019,3,2,10.107,41.787,19.545,104.072,121.363,0.013,176.07932560590095,83.84633333333333,176.07932560590095
03/03/2019,2019,3,3,9.939,20.274,20.703,36.898,54.975,0.004,104.44231155778895,,104.44231155778895
03/04/2019,2019,3,4,9.472,30.709,20.586,24.696,38.038,0.004,77.48944206008585,35.22037037037037,77.48944206008585
03/05/2019,2019,3,5,8.651,29.207,17.784,8.89,31.712,0.004,37.04166666666667,29.362962962962964,37.04166666666667
03/06/2019,2019,3,6,9.329,29.781,18.103,20.455,30.649,0.004,68.57060085836909,28.378703703703703,68.57060085836909
03/07/2019,2019,3,7,8.598,27.854,18.06,14.037,24.776,0.004,55.07351931330472,22.94074074074074,55.07351931330472
03/08/2019,2019,3,8,8.4,30.622,18.756,11.692,22.304,0.004,48.71666666666667,20.651851851851852,48.71666666666667
03/09/2019,2019,3,9,9.701,33.673,19.002,20.582,31.109,0.003,68.83768240343348,28.80462962962963,68.83768240343348
03/10/2019,2019,3,10,10.857,25.312,20.736,26.743,48.218,0.004,81.79429184549356,44.6462962962963,81.79429184549356
03/11/2019,2019,3,11,10.364,23.12,20.829,20.384,33.538,0.004,68.42128755364807,31.0537037037037,68.42128755364807
03/12/2019,2019,3,12,9.296,26.347,20.079,22.731,42.491,0.004,73.35703862660945,39.34351851851852,73.35703862660945
3/13/2019,2019,3,13,8.743,31.912,20.279,22.288,41.845,0.004,72.42540772532189,38.74537037037037,72.42540772532189
3/14/2019,2019,3,14,9.887,23.878,21.488,19.975,22.525,0.004,67.56115879828327,20.85648148148148,67.56115879828327
3/15/2019,2019,3,15,8.941,24.296,22.605,19.049,24.814,0.005,65.61377682403433,22.975925925925925,65.61377682403433
3/16/2019,2019,3,16,8.678,34.945,18.888,7.151,16.687,0.005,29.795833333333334,15.450925925925928,29.795833333333334
3/17/2019,2019,3,17,8.547,32.22,17.907,15.269,23.271,0.004,57.66442060085837,21.547222222222224,57.66442060085837
3/18/2019,2019,3,18,7.88,32.944,17.804,12.598,23.215,0.004,52.04729613733906,21.49537037037037,52.04729613733906
3/19/2019,2019,3,19,7.718,32.09,16.424,14.408,24.255,0.004,55.853733905579396,22.458333333333332,55.853733905579396
3/20/2019,2019,3,20,8.07,33.56,16.01,15.098,28.255,0.004,57.304806866952795,26.162037037037035,57.304806866952795
3/21/2019,2019,3,21,8.571,24.72,18.36,16.756,28.618,0.004,60.791587982832624,26.498148148148147,60.791587982832624
3/22/2019,2019,3,22,7.918,26.538,18.907,16.498,29.437,0.005,60.249012875536486,27.256481481481483,60.249012875536486
3/23/2019,2019,3,23,8.154,33.077,21.894,21.027,29.183,0.005,69.77351931330473,27.021296296296295,69.77351931330473
3/24/2019,2019,3,24,7.122,30.315,17.244,10.96,20.233,0.005,45.66666666666667,18.73425925925926,45.66666666666667
3/25/2019,2019,3,25,8.262,36.22,17.32,18.175,25.819,0.004,63.77575107296138,23.90648148148148,63.77575107296138
3/26/2019,2019,3,26,7.04,32.22,17.03,12.707,20.932,0.005,52.27652360515022,19.38148148148148,52.27652360515022
3/27/2019,2019,3,27,7.723,31.847,17.616,11.889,21.744,0.005,49.5375,20.133333333333333,49.5375
3/28/2019,2019,3,28,7.43,23.244,18.561,18.404,30.053,0.005,64.25733905579399,27.826851851851853,64.25733905579399
3/29/2019,2019,3,29,7.908,24.465,19.48,19.415,34.858,0.005,66.3834763948498,32.275925925925925,66.3834763948498
3/30/2019,2019,3,30,8.736,28.814,19.835,21.003,36.176,0.005,69.72304721030044,33.4962962962963,69.72304721030044
3/31/2019,2019,3,31,7.006,28.047,17.839,12.51,27.798,0.005,51.86223175965665,25.738888888888887,51.86223175965665
04/01/2019,2019,4,1,6.406,24.167,15.956,11.97,30.3,0.005,49.87500000000001,28.055555555555557,49.87500000000001
04/02/2019,2019,4,2,6.756,23.222,17.801,11.314,27.219,0.005,47.14166666666667,25.20277777777778,47.14166666666667
04/03/2019,2019,4,3,9.348,23.745,19.955,24.147,32.358,0.004,76.33489270386266,29.96111111111111,76.33489270386266
04/04/2019,2019,4,4,11.611,24.553,20.047,22.752,23.609,,73.4012017167382,21.860185185185188,73.4012017167382
04/05/2019,2019,4,5,11.551,21.641,19.37,31.726,31.903,,92.27356223175966,29.539814814814815,92.27356223175966
04/06/2019,2019,4,6,10.774,22.932,18.443,14.345,16.418,,55.72124463519314,15.20185185185185,55.72124463519314
04/07/2019,2019,4,7,12.505,24.284,19.354,10.07,11.151,,41.958333333333336,10.325,41.958333333333336
04/08/2019,2019,4,8,10.138,27.432,18.38,8.183,7.044,,34.09583333333334,6.522222222222222,34.09583333333334
04/09/2019,2019,4,9,10.596,26.978,16.781,10.877,13.589,,45.32083333333334,12.582407407407407,45.32083333333334
04/10/2019,2019,4,10,11.911,29.125,17.42,14.835,17.846,,56.75171673819743,16.524074074074075,56.75171673819743
04/11/2019,2019,4,11,11.292,23.477,18.469,15.503,19.714,,58.15652360515022,18.253703703703703,58.15652360515022
04/12/2019,2019,4,12,12.238,30.649,17.345,11.69,11.666,,48.708333333333336,10.801851851851852,48.708333333333336
4/13/2019,2019,4,13,12.575,27.845,15.019,11.121,17.177,,46.337500000000006,15.90462962962963,46.337500000000006
4/14/2019,2019,4,14,12.522,18.842,17.298,11.657,16.735,,48.57083333333334,15.49537037037037,48.57083333333334
4/15/2019,2019,4,15,12.093,29.584,15.764,13.674,20.33,,54.31012875536481,18.824074074074073,54.31012875536481
4/16/2019,2019,4,16,13.97,23.923,20.672,18.78,28.855,,65.04806866952791,26.71759259259259,65.04806866952791
4/17/2019,2019,4,17,13.006,23.97,17.287,17.303,26.098,,61.94193133047211,24.164814814814815,61.94193133047211
4/18/2019,2019,4,18,11.949,39.302,11.746,15.869,23.923,,58.92622317596567,22.150925925925925,58.92622317596567
4/19/2019,2019,4,19,11.664,12.157,19.795,13.229,25.867,,53.37429184549356,23.950925925925926,53.37429184549356
4/20/2019,2019,4,20,9.649,23.884,18.113,19.893,31.287,,67.38871244635193,28.969444444444445,67.38871244635193
4/21/2019,2019,4,21,7.685,22.596,17.395,13.274,19.913,,53.46892703862661,18.437962962962963,53.46892703862661
4/22/2019,2019,4,22,7.548,30.23,14.503,20.221,32.846,,68.07849785407726,30.41296296296296,68.07849785407726
4/23/2019,2019,4,23,7.276,21.467,14.852,7.691,17.238,,32.045833333333334,15.96111111111111,32.045833333333334
4/24/2019,2019,4,24,7.29,23.178,14.567,8.785,16.695,,36.60416666666667,15.458333333333334,36.60416666666667
4/25/2019,2019,4,25,8.658,20.546,14.51,5.665,11.629,,23.604166666666668,10.767592592592592,23.604166666666668
4/26/2019,2019,4,26,12.243,25.703,16.494,11.59,21.153,,48.29166666666667,19.58611111111111,48.29166666666667
4/27/2019,2019,4,27,11.484,24.826,15.444,8.934,18.054,,37.225,16.716666666666665,37.225
4/28/2019,2019,4,28,12.039,21.098,17.28,12.811,22.659,,52.49523605150215,20.980555555555554,52.49523605150215
4/29/2019,2019,4,29,12.021,21.398,16.754,8.396,14.626,,34.98333333333334,13.542592592592593,34.98333333333334
4/30/2019,2019,4,30,12.404,21.782,17.101,11.899,17.832,,49.579166666666666,16.511111111111113,49.579166666666666
05/01/2019,2019,5,1,12.649,21.902,17.032,15.214,20.893,,57.54875536480687,19.34537037037037,57.54875536480687
05/02/2019,2019,5,2,12.005,15.949,17.411,17.193,29.085,,61.710600858369105,26.930555555555557,61.710600858369105
05/03/2019,2019,5,3,12.395,22.767,15.269,14.721,23.897,,56.51197424892704,22.12685185185185,56.51197424892704
05/04/2019,2019,5,4,13.796,26.677,16.527,21.953,33.006,,71.72090128755366,30.56111111111111,71.72090128755366
05/05/2019,2019,5,5,12.388,21.875,16.863,13.536,21.977,,54.01991416309013,20.349074074074075,54.01991416309013
05/06/2019,2019,5,6,13.221,32.855,13.485,12.575,20.147,,51.99892703862661,18.65462962962963,51.99892703862661
05/07/2019,2019,5,7,13.613,32.202,14.957,9.15,13.486,,38.12500000000001,12.487037037037037,38.12500000000001
05/08/2019,2019,5,8,14.264,26.502,18.364,9.192,14.76,,38.300000000000004,13.666666666666666,38.300000000000004
05/09/2019,2019,5,9,14.32,22.237,19.874,5.787,7.975,,24.1125,7.384259259259259,24.1125
05/10/2019,2019,5,10,13.786,19.606,18.08,6.492,9.82,,27.05,9.092592592592593,27.05
05/11/2019,2019,5,11,13.987,27.257,15.582,6.479,12.864,,26.995833333333337,11.911111111111111,26.995833333333337
05/12/2019,2019,5,12,13.339,22.766,18.466,5.689,11.12,,23.70416666666667,10.296296296296296,23.70416666666667
5/13/2019,2019,5,13,13.554,23.355,16.679,5.217,10.276,,21.7375,9.514814814814814,21.7375
5/14/2019,2019,5,14,14.419,22.14,17.858,13.262,24.715,,53.44369098712446,22.88425925925926,53.44369098712446
5/15/2019,2019,5,15,14.115,31.705,16.485,23.04,38.679,,74.00686695278971,35.81388888888889,74.00686695278971
5/16/2019,2019,5,16,13.334,20.442,16.112,11.983,21.53,,49.929166666666674,19.935185185185187,49.929166666666674
5/17/2019,2019,5,17,12.106,11.876,15.217,10.708,16.777,,44.61666666666667,15.53425925925926,44.61666666666667
5/18/2019,2019,5,18,14.634,16.173,14.682,15.225,23.499,,57.57188841201717,21.758333333333333,57.57188841201717
5/19/2019,2019,5,19,14.069,17.18,14.671,13.145,22.096,,53.19763948497854,20.45925925925926,53.19763948497854
5/20/2019,2019,5,20,13.481,16.218,13.755,18.189,27.921,,63.80519313304721,25.852777777777778,63.80519313304721
5/21/2019,2019,5,21,12.125,17.229,14.387,14.105,21.29,,55.216523605150215,19.712962962962962,55.216523605150215
5/22/2019,2019,5,22,12.304,18.497,15.122,9.986,17.723,,41.60833333333334,16.410185185185185,41.60833333333334
5/23/2019,2019,5,23,12.351,17.757,16.922,14.614,23.597,,56.286952789699576,21.849074074074075,56.286952789699576
5/24/2019,2019,5,24,12.173,22.566,15.967,13.495,21.563,,53.933690987124464,19.96574074074074,53.933690987124464
5/25/2019,2019,5,25,12.101,25.581,16.369,8.467,12.61,,35.27916666666667,11.675925925925926,35.27916666666667
5/26/2019,2019,5,26,14.177,28.628,19.884,7.606,8.991,,31.69166666666667,8.325,31.69166666666667
5/27/2019,2019,5,27,13.293,20.021,20.637,6.154,9.404,,25.64166666666667,8.707407407407407,25.64166666666667
5/28/2019,2019,5,28,13.785,22.106,23.513,7.739,12.232,,32.24583333333334,11.325925925925926,32.24583333333334
5/29/2019,2019,5,29,12.514,29.3,16.699,10.929,16.109,,45.5375,14.915740740740743,45.5375
5/30/2019,2019,5,30,13.204,21.406,16.08,10.902,17.338,,45.425,16.053703703703704,45.425
5/31/2019,2019,5,31,12.392,19.653,15.347,5.863,9.142,,24.42916666666667,8.464814814814815,24.42916666666667
06/01/2019,2019,6,1,12.231,22.219,13.546,3.533,6.326,,14.720833333333333,5.857407407407407,14.720833333333333
06/02/2019,2019,6,2,12.374,21.493,13.333,6.212,9.807,,25.883333333333333,9.080555555555556,25.883333333333333
06/03/2019,2019,6,3,13.184,24.36,18.106,7.427,11.891,,30.945833333333333,11.010185185185184,30.945833333333333
06/04/2019,2019,6,4,11.902,28.261,13.86,7.539,12.749,,31.4125,11.80462962962963,31.4125
06/05/2019,2019,6,5,13.202,24.435,16.602,5.78,10.878,,24.083333333333336,10.072222222222223,24.083333333333336
06/06/2019,2019,6,6,11.81,21.626,14.135,4.716,9.338,,19.650000000000002,8.646296296296295,19.650000000000002
06/07/2019,2019,6,7,11.733,18.101,14.963,19.285,34.385,,66.11008583690987,31.837962962962962,66.11008583690987
06/08/2019,2019,6,8,12.415,20.089,15.442,17.122,24.703,,61.56128755364807,22.873148148148147,61.56128755364807
06/09/2019,2019,6,9,14.91,15.805,20.47,10.912,11.92,,45.466666666666676,11.037037037037036,45.466666666666676
06/10/2019,2019,6,10,13.163,23.312,16.738,22.995,26.243,,73.91223175965666,24.299074074074074,73.91223175965666
06/11/2019,2019,6,11,13.848,19.549,18.151,4.028,7.864,,16.78333333333333,7.281481481481482,16.78333333333333
06/12/2019,2019,6,12,13.222,21.759,14.477,7.65,11.344,,31.875000000000004,10.503703703703703,31.875000000000004
6/13/2019,2019,6,13,12.822,16.23,15.008,7.689,11.605,,32.0375,10.74537037037037,32.0375
6/14/2019,2019,6,14,12.393,22.278,14.683,7.775,11.367,,32.395833333333336,10.525,32.395833333333336
6/15/2019,2019,6,15,12.282,23.272,14.515,6.407,10.396,,26.695833333333336,9.625925925925927,26.695833333333336
6/16/2019,2019,6,16,12.228,19.569,14.873,7.43,11.848,,30.958333333333336,10.970370370370372,30.958333333333336
6/17/2019,2019,6,17,12.288,20.233,15.892,7.74,13.749,,32.25,12.730555555555556,32.25
6/18/2019,2019,6,18,11.761,19.754,14.566,7.428,11.444,,30.950000000000003,10.596296296296297,30.950000000000003
6/19/2019,2019,6,19,12.011,23.335,15.596,10.58,15.285,,44.083333333333336,14.152777777777779,44.083333333333336
6/20/2019,2019,6,20,14.003,18.589,16.81,10.579,14.678,,44.07916666666667,13.590740740740742,44.07916666666667
6/21/2019,2019,6,21,16.489,21.93,18.85,15.977,20.833,,59.15334763948498,19.289814814814815,59.15334763948498
6/22/2019,2019,6,22,13.513,21.851,16.576,12.513,17.156,,51.86854077253219,15.885185185185184,51.86854077253219
6/23/2019,2019,6,23,14.515,19.074,17.348,10.889,19.346,,45.37083333333334,17.912962962962965,45.37083333333334
6/24/2019,2019,6,24,13.711,20.171,15.865,20.339,32.998,,68.32665236051503,30.5537037037037,68.32665236051503
6/25/2019,2019,6,25,14.828,19.06,15.966,36.257,48.353,,102.86396984924623,44.7712962962963,102.86396984924623
6/26/2019,2019,6,26,13.584,19.417,16.606,17.556,21.681,,62.47399141630902,20.075,62.47399141630902
6/27/2019,2019,6,27,13.613,23.643,16.02,4.484,5.345,,18.683333333333334,4.9490740740740735,18.683333333333334
6/28/2019,2019,6,28,14.46,21.508,16.955,10.796,11.626,,44.983333333333334,10.764814814814814,44.983333333333334
6/29/2019,2019,6,29,13.075,16.692,13.95,13.967,14.864,,54.926309012875535,13.762962962962964,54.926309012875535
6/30/2019,2019,6,30,13.71,17.136,14.19,12.453,14.555,,51.74236051502146,13.476851851851851,51.74236051502146
07/01/2019,2019,7,1,10.558,18.446,13.996,8.941,13.903,,37.25416666666667,12.873148148148148,37.25416666666667
07/02/2019,2019,7,2,11.258,24.328,12.913,12.203,17.18,,51.21660944206008,15.907407407407407,51.21660944206008
07/03/2019,2019,7,3,11.22,22.636,16.318,27.104,35.837,,82.55347639484978,33.18240740740741,82.55347639484978
07/04/2019,2019,7,4,13.187,21.75,15.274,28.663,49.526,,85.83206008583693,45.85740740740741,85.83206008583693
07/05/2019,2019,7,5,14.277,19.928,13.97,30.76,50.936,,90.24206008583693,47.162962962962965,90.24206008583693
07/06/2019,2019,7,6,12.715,26.039,11.034,21.639,34.958,,71.06055793991416,32.36851851851852,71.06055793991416
07/07/2019,2019,7,7,12.916,17.153,10.964,23.93,43.7,,75.87854077253219,40.46296296296297,75.87854077253219
07/08/2019,2019,7,8,14.625,18.361,13.974,23.93,43.7,,75.87854077253219,40.46296296296297,75.87854077253219
07/09/2019,2019,7,9,13.623,19.855,10.356,23.93,43.7,,75.87854077253219,40.46296296296297,75.87854077253219
07/10/2019,2019,7,10,13.256,21.42,11.544,16.793,30.095,,60.8693991416309,27.86574074074074,60.8693991416309
07/11/2019,2019,7,11,12.538,21.462,11.331,10.022,7.553,,41.75833333333334,6.993518518518519,41.75833333333334
07/12/2019,2019,7,12,12.243,20.992,12.502,19.102,19.641,,65.72523605150215,18.18611111111111,65.72523605150215
7/13/2019,2019,7,13,13.317,15.498,12.985,18.131,32.084,,63.68321888412017,29.70740740740741,63.68321888412017
7/14/2019,2019,7,14,14.749,13.63,13.21,18.531,13.455,,64.52442060085836,12.458333333333334,64.52442060085836
7/15/2019,2019,7,15,13.328,20.352,11.672,17.057,18.513,,61.42459227467811,17.14166666666667,61.42459227467811
7/16/2019,2019,7,16,13.819,15.288,8.669,9.444,18.637,,39.35000000000001,17.256481481481483,39.35000000000001
7/17/2019,2019,7,17,13.151,14.228,8.983,6.821,12.437,,28.420833333333334,11.51574074074074,28.420833333333334
7/18/2019,2019,7,18,12.44,18.89,10.435,7.387,11.512,,30.77916666666667,10.65925925925926,30.77916666666667
7/19/2019,2019,7,19,12.143,19.172,10.619,10.393,15.471,,43.304166666666674,14.325,43.304166666666674
7/20/2019,2019,7,20,12.48,14.038,11.323,7.13,10.847,,29.708333333333336,10.043518518518518,29.708333333333336
7/21/2019,2019,7,21,12.724,17.628,8.732,10.171,15.813,,42.37916666666667,14.641666666666667,42.37916666666667
7/22/2019,2019,7,22,12.105,17.508,10.41,8.725,26.789,,36.354166666666664,24.80462962962963,36.354166666666664
7/23/2019,2019,7,23,11.919,13.195,10.664,7.221,21.038,,30.087500000000002,19.47962962962963,30.087500000000002
7/24/2019,2019,7,24,11.842,16.095,11.305,13.1,36.88,,53.103004291845494,34.14814814814815,53.103004291845494
7/25/2019,2019,7,25,11.01,21.583,13.291,20.977,28.293,,69.66836909871245,26.197222222222223,69.66836909871245
7/26/2019,2019,7,26,12.712,29.417,13.776,20.071,27.495,,67.76304721030044,25.458333333333336,67.76304721030044
7/27/2019,2019,7,27,12.846,28.257,17.228,20.305,27.712,,68.25515021459228,25.659259259259258,68.25515021459228
7/28/2019,2019,7,28,12.172,20.552,19.428,9.826,14.075,,40.94166666666667,13.032407407407407,40.94166666666667
7/29/2019,2019,7,29,11.523,26.895,15.77,6.483,10.317,,27.0125,9.552777777777777,27.0125
7/30/2019,2019,7,30,11.033,26.374,16.525,8.398,12.045,,34.99166666666667,11.152777777777779,34.99166666666667
7/31/2019,2019,7,31,11.184,30.723,15.956,10.106,15.159,,42.108333333333334,14.036111111111111,42.108333333333334
08/01/2019,2019,8,1,11.804,33.0,14.793,13.16,20.408,,53.229184549356226,18.8962962962963,53.229184549356226
08/02/2019,2019,8,2,12.255,23.341,16.016,9.523,14.74,,39.67916666666667,13.648148148148149,39.67916666666667
08/03/2019,2019,8,3,12.146,27.695,15.484,10.047,15.036,,41.862500000000004,13.922222222222222,41.862500000000004
08/04/2019,2019,8,4,11.252,21.751,17.6,7.88,12.103,,32.833333333333336,11.20648148148148,32.833333333333336
08/05/2019,2019,8,5,13.01,31.391,17.353,11.724,17.684,,48.85,16.374074074074077,48.85
08/06/2019,2019,8,6,11.356,24.052,17.925,11.291,15.72,,47.04583333333334,14.555555555555555,47.04583333333334
08/07/2019,2019,8,7,10.95,26.973,15.644,11.783,17.008,,49.09583333333333,15.748148148148147,49.09583333333333
08/08/2019,2019,8,8,11.25,22.201,14.525,7.378,11.68,,30.74166666666667,10.814814814814815,30.74166666666667
08/09/2019,2019,8,9,12.226,26.779,15.659,7.042,10.86,,29.34166666666667,10.055555555555555,29.34166666666667
08/10/2019,2019,8,10,11.504,22.728,13.878,1.946,3.422,,8.108333333333334,3.1685185185185185,8.108333333333334
08/11/2019,2019,8,11,11.244,13.176,16.417,8.854,7.488,,36.891666666666666,6.933333333333334,36.891666666666666
08/12/2019,2019,8,12,10.873,14.088,14.572,21.681,29.282,,71.14888412017169,27.112962962962964,71.14888412017169
8/13/2019,2019,8,13,10.618,18.263,14.4,26.044,32.935,,80.32429184549358,30.495370370370374,80.32429184549358
8/14/2019,2019,8,14,11.022,22.155,12.073,23.317,28.848,,74.5893991416309,26.71111111111111,74.5893991416309
8/15/2019,2019,8,15,10.587,20.437,15.93,28.742,32.212,,85.99819742489271,29.82592592592593,85.99819742489271
8/16/2019,2019,8,16,10.01,19.765,15.143,28.866,36.28,,86.25896995708155,33.592592592592595,86.25896995708155
8/17/2019,2019,8,17,12.325,17.023,15.647,24.88,31.733,,77.87639484978541,29.38240740740741,77.87639484978541
8/18/2019,2019,8,18,11.321,18.184,15.798,17.787,22.056,,62.95978540772532,20.422222222222224,62.95978540772532
8/19/2019,2019,8,19,18.418,50.731,26.807,7.2,8.483,,30.000000000000004,7.85462962962963,30.000000000000004
8/20/2019,2019,8,20,11.81,22.753,14.883,12.33,15.924,,51.48369098712446,14.744444444444444,51.48369098712446
8/21/2019,2019,8,21,13.228,19.785,18.118,19.357,25.08,,66.26150214592275,23.22222222222222,66.26150214592275
8/22/2019,2019,8,22,13.948,17.087,16.521,12.883,16.995,,52.64665236051502,15.736111111111112,52.64665236051502
8/23/2019,2019,8,23,11.878,10.524,16.413,4.39,6.59,,18.291666666666668,6.101851851851852,18.291666666666668
8/24/2019,2019,8,24,13.639,26.714,17.96,4.39,6.59,,18.291666666666668,6.101851851851852,18.291666666666668
8/25/2019,2019,8,25,11.659,19.187,20.333,4.39,6.59,,18.291666666666668,6.101851851851852,18.291666666666668
8/26/2019,2019,8,26,12.715,18.125,19.308,4.39,6.59,,18.291666666666668,6.101851851851852,18.291666666666668
8/27/2019,2019,8,27,11.557,25.68,15.186,4.39,6.59,,18.291666666666668,6.101851851851852,18.291666666666668
8/28/2019,2019,8,28,11.109,23.34,15.682,2.92,3.951,,12.166666666666668,3.658333333333333,12.166666666666668
8/29/2019,2019,8,29,10.885,26.707,17.69,,,,,,
8/30/2019,2019,8,30,11.552,16.393,17.776,,,,,,
8/31/2019,2019,8,31,10.534,12.435,15.847,,,,,,
09/01/2019,2019,9,1,11.586,19.878,18.014,1.26,1.344,,5.25,1.2444444444444445,5.25
09/02/2019,2019,9,2,11.042,22.562,15.119,14.403,18.799,,55.843218884120176,17.40648148148148,55.843218884120176
09/03/2019,2019,9,3,10.469,21.383,16.039,7.25,12.46,,30.208333333333336,11.537037037037038,30.208333333333336
09/04/2019,2019,9,4,12.645,25.595,14.515,2.545,6.37,,10.604166666666668,5.898148148148148,10.604166666666668
09/05/2019,2019,9,5,,,,,,,,,
09/06/2019,2019,9,6,,,,,,,,,
09/07/2019,2019,9,7,,,,,,,,,
09/08/2019,2019,9,8,,,,,,,,,
09/09/2019,2019,9,9,,,,,,,,,
09/10/2019,2019,9,10,,,,,,,,,
09/11/2019,2019,9,11,,,,,,,,,
09/12/2019,2019,9,12,,,,,,,,,
9/13/2019,2019,9,13,,,,,,,,,
9/14/2019,2019,9,14,12.193,31.417,13.926,8.791,5.639,,36.62916666666667,5.2212962962962965,36.62916666666667
9/15/2019,2019,9,15,13.953,31.752,14.47,9.153,10.32,,38.1375,9.555555555555555,38.1375
9/16/2019,2019,9,16,13.285,33.503,10.072,8.715,9.652,,36.3125,8.937037037037037,36.3125
9/17/2019,2019,9,17,13.546,30.756,9.405,7.581,8.962,,31.587500000000006,8.298148148148147,31.587500000000006
9/18/2019,2019,9,18,14.092,33.227,11.079,32.086,34.851,,93.03064377682404,32.269444444444446,93.03064377682404
9/19/2019,2019,9,19,15.096,30.844,14.027,14.274,15.758,,55.571931330472104,14.59074074074074,55.571931330472104
9/20/2019,2019,9,20,15.471,22.054,12.647,9.094,10.629,,37.891666666666666,9.841666666666667,37.891666666666666
9/21/2019,2019,9,21,14.075,27.5,14.793,32.187,35.58,,93.24304721030043,32.94444444444444,93.24304721030043
9/22/2019,2019,9,22,14.658,29.756,13.699,44.162,48.925,,122.32854271356784,45.300925925925924,122.32854271356784
9/23/2019,2019,9,23,13.598,34.905,11.301,46.537,53.396,,128.17653266331658,49.44074074074074,128.17653266331658
9/24/2019,2019,9,24,13.616,34.015,12.668,33.012,38.004,,94.97802575107296,35.18888888888889,94.97802575107296
9/25/2019,2019,9,25,12.646,32.39,11.735,13.89,16.696,,54.764377682403435,15.45925925925926,54.764377682403435
9/26/2019,2019,9,26,12.943,31.606,18.101,18.143,20.091,,63.70845493562232,18.602777777777778,63.70845493562232
9/27/2019,2019,9,27,11.065,35.298,13.43,34.979,37.344,,99.11463519313304,34.577777777777776,99.11463519313304
9/28/2019,2019,9,28,11.616,32.742,13.172,13.533,14.949,,54.013605150214595,13.841666666666667,54.013605150214595
9/29/2019,2019,9,29,12.236,30.127,11.811,21.326,23.281,,70.40231759656653,21.55648148148148,70.40231759656653
9/30/2019,2019,9,30,11.665,29.864,11.031,14.925,15.925,,56.940987124463526,14.74537037037037,56.940987124463526
10/01/2019,2019,10,1,11.586,19.878,18.014,21.178,22.588,,70.0910729613734,20.914814814814815,70.0910729613734
10/02/2019,2019,10,2,11.042,22.562,15.119,17.472,18.691,,62.297339055794,17.30648148148148,62.297339055794
10/03/2019,2019,10,3,10.469,21.383,16.039,18.992,19.716,,65.49390557939915,18.255555555555556,65.49390557939915
10/04/2019,2019,10,4,12.645,25.595,14.515,11.965,12.77,,49.85416666666667,11.824074074074074,49.85416666666667
10/05/2019,2019,10,5,,,,28.844,30.026,,86.21270386266096,27.80185185185185,86.21270386266096
10/06/2019,2019,10,6,,,,29.11,30.503,,86.77210300429185,28.24351851851852,86.77210300429185
10/07/2019,2019,10,7,,,,22.043,22.599,,71.91017167381975,20.925,71.91017167381975
10/08/2019,2019,10,8,,,,17.524,18.387,,62.40669527896996,17.025000000000002,62.40669527896996
10/09/2019,2019,10,9,,,,18.724,20.508,,64.93030042918456,18.988888888888887,64.93030042918456
10/10/2019,2019,10,10,,,,24.729,26.167,,77.55884120171675,24.228703703703705,77.55884120171675
10/11/2019,2019,10,11,,,,33.39,34.764,,95.77296137339056,32.18888888888889,95.77296137339056
10/12/2019,2019,10,12,,,,27.48,28.78,,83.3442060085837,26.64814814814815,83.3442060085837
10/13/2019,2019,10,13,,,,26.825,27.931,,81.96673819742489,25.862037037037037,81.96673819742489
10/14/2019,2019,10,14,12.193,31.417,13.926,29.954,31.9,,88.54703862660945,29.537037037037035,88.54703862660945
10/15/2019,2019,10,15,13.953,31.752,14.47,29.92,30.696,,88.4755364806867,28.422222222222224,88.4755364806867
10/16/2019,2019,10,16,13.285,33.503,10.072,19.954,21.514,,67.51699570815451,19.92037037037037,67.51699570815451
10/17/2019,2019,10,17,13.546,30.756,9.405,11.836,11.474,,49.31666666666667,10.624074074074075,49.31666666666667
10/18/2019,2019,10,18,14.092,33.227,11.079,42.72,40.167,,118.77788944723618,37.19166666666667,118.77788944723618
10/19/2019,2019,10,19,15.096,30.844,14.027,48.349,48.025,,132.63824120603016,44.46759259259259,132.63824120603016
10/20/2019,2019,10,20,15.471,22.054,12.647,43.232,46.58,,120.03859296482412,43.129629629629626,120.03859296482412
10/21/2019,2019,10,21,14.075,27.5,14.793,21.605,24.302,,70.98905579399143,22.501851851851853,70.98905579399143
10/22/2019,2019,10,22,14.658,29.756,13.699,23.964,27.46,,75.95004291845494,25.425925925925927,75.95004291845494
10/23/2019,2019,10,23,13.598,34.905,11.301,24.678,28.138,,77.45158798283262,26.053703703703704,77.45158798283262
10/24/2019,2019,10,24,13.616,34.015,12.668,20.796,23.436,,69.28772532188842,21.7,69.28772532188842
10/25/2019,2019,10,25,12.646,32.39,11.735,22.435,25.542,,72.73454935622317,23.650000000000002,72.73454935622317
10/26/2019,2019,10,26,12.943,31.606,18.101,22.515,24.872,,72.90278969957082,23.02962962962963,72.90278969957082
10/27/2019,2019,10,27,11.065,35.298,13.43,34.572,39.094,,98.25871244635195,36.19814814814815,98.25871244635195
10/28/2019,2019,10,28,11.616,32.742,13.172,28.622,31.822,,85.74583690987124,29.464814814814815,85.74583690987124
10/29/2019,2019,10,29,12.236,30.127,11.811,,,,,,
10/30/2019,2019,10,30,11.665,29.864,11.031,,,,,,
10/31/2019,2019,10,31,,,,,,,,,
11/01/2019,2019,11,1,,,,,,,,,
11/02/2019,2019,11,2,,,,,,,,,
11/03/2019,2019,11,3,,,,,,,,,
11/04/2019,2019,11,4,,,,,,,,,
11/05/2019,2019,11,5,,,,,,,,,
11/06/2019,2019,11,6,,,,,,,,,
11/07/2019,2019,11,7,,,,,,,,,
11/08/2019,2019,11,8,,,,,,,,,
11/09/2019,2019,11,9,,,,,,,,,
11/10/2019,2019,11,10,,,,,,,,,
11/11/2019,2019,11,11,,,,,,,,,
11/12/2019,2019,11,12,,,,,,,,,
11/13/2019,2019,11,13,12.553,32.677,16.827,31.98,48.1,,92.80772532188843,44.53703703703704,92.80772532188843
11/14/2019,2019,11,14,14.022,39.824,12.483,34.951,50.586,,99.05575107296139,46.83888888888889,99.05575107296139
11/15/2019,2019,11,15,12.997,38.757,9.993,26.798,47.279,0.01,81.90995708154506,43.77685185185185,81.90995708154506
11/16/2019,2019,11,16,15.325,35.947,11.44,28.508,34.286,0.007,85.50609442060087,31.746296296296297,85.50609442060087
11/17/2019,2019,11,17,13.511,29.63,9.669,18.069,21.747,0.007,63.552832618025754,20.136111111111113,63.552832618025754
11/18/2019,2019,11,18,13.74,29.709,9.101,11.464,12.729,0.002,47.76666666666667,11.78611111111111,47.76666666666667
11/19/2019,2019,11,19,13.604,36.33,11.172,21.973,35.005,0.003,71.76296137339057,32.41203703703704,71.76296137339057
11/20/2019,2019,11,20,13.285,31.152,10.752,15.691,27.402,0.005,58.55188841201717,25.372222222222224,58.55188841201717
11/21/2019,2019,11,21,13.352,32.839,10.465,13.535,16.768,0.006,54.01781115879828,15.525925925925927,54.01781115879828
11/22/2019,2019,11,22,13.662,38.32,11.241,12.518,30.639,0.007,51.87905579399142,28.369444444444444,51.87905579399142
11/23/2019,2019,11,23,13.56,32.759,10.819,15.691,18.908,0.004,58.55188841201717,17.50740740740741,58.55188841201717
11/24/2019,2019,11,24,13.51,32.286,10.995,11.207,23.403,0.007,46.69583333333334,21.669444444444444,46.69583333333334
11/25/2019,2019,11,25,13.445,38.523,8.605,8.27,19.765,0.01,34.458333333333336,18.300925925925927,34.458333333333336
11/26/2019,2019,11,26,,,,2.259,26.433,0.006,9.4125,24.475,24.475
11/27/2019,2019,11,27,,,,2.641,37.547,0.008,11.004166666666668,34.76574074074074,34.76574074074074
11/28/2019,2019,11,28,,,,1.967,33.42,,8.195833333333335,30.944444444444446,30.944444444444446
11/29/2019,2019,11,29,,,,2.187,45.913,,9.1125,42.51203703703703,42.51203703703703
11/30/2019,2019,11,30,,,,2.513,29.96,,10.470833333333333,27.74074074074074,27.74074074074074
12/01/2019,2019,12,1,11.96,23.045,15.876,6.538,17.3,0.006,27.24166666666667,16.01851851851852,27.24166666666667
12/02/2019,2019,12,2,12.812,40.959,12.727,16.534,31.161,0.005,60.324721030042916,28.852777777777778,60.324721030042916
12/03/2019,2019,12,3,14.179,49.937,10.837,5.284,33.412,0.004,22.016666666666666,30.937037037037037,30.937037037037037
12/04/2019,2019,12,4,12.875,36.242,11.629,4.13,5.979,0.002,17.208333333333336,5.536111111111111,17.208333333333336
12/05/2019,2019,12,5,12.416,34.339,10.356,11.628,13.303,0.0,48.45,12.317592592592593,48.45
12/06/2019,2019,12,6,11.801,32.055,6.428,10.974,11.745,0.002,45.725,10.875,45.725
12/07/2019,2019,12,7,11.613,29.013,9.23,12.99,10.905,0.006,52.87167381974249,10.097222222222221,52.87167381974249
12/08/2019,2019,12,8,10.98,37.615,12.438,16.98,16.39,0.007,61.26266094420601,15.175925925925927,61.26266094420601
12/09/2019,2019,12,9,10.318,36.486,7.958,13.503,11.815,0.005,53.95051502145923,10.939814814814815,53.95051502145923
12/10/2019,2019,12,10,10.481,40.766,9.432,17.711,16.604,0.005,62.79995708154506,15.374074074074073,62.79995708154506
12/11/2019,2019,12,11,10.956,40.207,7.291,19.674,20.074,0.003,66.92815450643778,18.58703703703704,66.92815450643778
12/12/2019,2019,12,12,10.858,42.78,8.63,21.485,23.437,0.004,70.73669527896996,21.700925925925926,70.73669527896996
12/13/2019,2019,12,13,11.451,45.393,6.861,20.681,25.513,0.004,69.04587982832618,23.62314814814815,69.04587982832618
12/14/2019,2019,12,14,8.773,51.608,,8.89,10.349,0.006,37.04166666666667,9.582407407407407,37.04166666666667
12/15/2019,2019,12,15,12.144,32.533,2.691,12.005,10.292,0.003,,9.52962962962963,9.52962962962963
12/16/2019,2019,12,16,10.235,54.399,9.151,9.537,10.238,0.002,39.737500000000004,9.47962962962963,39.737500000000004
12/17/2019,2019,12,17,9.529,49.504,0.811,16.104,26.085,0.003,59.420429184549356,24.15277777777778,59.420429184549356
12/18/2019,2019,12,18,12.78,60.663,13.033,13.904,25.459,0.001,54.79381974248927,23.57314814814815,54.79381974248927
12/19/2019,2019,12,19,11.804,36.414,10.613,23.4,23.509,0.002,74.76394849785407,21.767592592592592,74.76394849785407
12/20/2019,2019,12,20,11.536,37.572,6.46,10.822,11.614,0.007,45.09166666666667,10.753703703703705,45.09166666666667
12/21/2019,2019,12,21,12.02,39.97,8.464,16.908,15.862,0.006,61.11124463519314,14.687037037037037,61.11124463519314
12/22/2019,2019,12,22,12.19,37.337,9.639,8.207,20.906,0.004,34.19583333333334,19.357407407407408,34.19583333333334
12/23/2019,2019,12,23,12.135,57.914,4.91,9.897,20.421,0.009,41.237500000000004,18.90833333333333,41.237500000000004
12/24/2019,2019,12,24,10.635,29.853,0.628,37.73,19.84,0.002,106.49095477386933,18.37037037037037,106.49095477386933
12/25/2019,2019,12,25,12.861,41.589,2.278,31.108,20.86,0.007,90.97390557939914,19.314814814814813,90.97390557939914
12/26/2019,2019,12,26,17.63,41.594,,0.73,13.641,0.01,3.041666666666667,12.630555555555556,12.630555555555556
12/27/2019,2019,12,27,11.544,30.01,2.019,1.45,17.172,0.01,6.041666666666667,15.9,15.9
12/28/2019,2019,12,28,10.896,26.234,10.155,0.612,6.449,,2.5500000000000003,5.9712962962962965,5.9712962962962965
12/29/2019,2019,12,29,14.411,67.27,6.633,1.398,12.003,,5.825,11.113888888888889,11.113888888888889
12/30/2019,2019,12,30,8.802,43.671,10.86,2.38,20.003,0.01,9.916666666666666,18.521296296296295,18.521296296296295
12/31/2019,2019,12,31,14.29,45.705,,23.447,30.171,0.01,74.86278969957081,27.93611111111111,74.86278969957081
01/01/2020,2020,1,1,9.751499963,22.38800001,7.697000027,37.87916772,39.98583372,0.001666667,106.85825217487437,37.02392011111111,106.85825217487437
01/02/2020,2020,1,2,9.275416613,25.7987502,6.830909111,26.5508343,28.0454171,0.002083333,81.39016655364807,25.967978796296297,81.39016655364807
01/03/2020,2020,1,3,9.542083383,46.97125006,6.432631618,7.678333265,8.930416666,0.000416667,31.993055270833334,8.26890432037037,31.993055270833334
01/04/2020,2020,1,4,9.759999951,44.4108332,5.385909185,13.89304347,15.22913054,0.003913043,54.77077811287554,14.101046796296297,54.77077811287554
01/05/2020,2020,1,5,9.167916735,39.19708316,5.779565231,9.859999994,11.15000001,0.0,41.08333330833334,10.324074083333333,41.08333330833334
01/06/2020,2020,1,6,10.22083338,40.31458314,6.457000017,8.786666691,10.31250012,0.002083333,36.611111212500006,9.548611222222222,36.611111212500006
01/07/2020,2020,1,7,10.3908333,40.40958325,6.982999945,28.06083318,33.9454163,0.0075,84.56570067896996,31.430941018518517,84.56570067896996
01/08/2020,2020,1,8,10.64333332,38.88625018,6.669000027,23.55958275,27.0845836,0.000416667,75.09955170600858,25.078318148148146,75.09955170600858
01/09/2020,2020,1,9,10.37000008,40.32041669,4.769999981,17.76666674,21.38458339,0.00625,62.917024474678115,19.800540175925924,62.917024474678115
01/10/2020,2020,1,10,10.29375001,36.78750022,6.029090895,14.22416663,15.63416682,0.00125,55.46713153948498,14.47608038888889,55.46713153948498
01/11/2020,2020,1,11,10.26083334,36.82000017,5.316190512,13.73666656,15.39208351,0.000833333,54.4419168,14.251929175925927,54.4419168
01/12/2020,2020,1,12,10.77583325,33.65291659,3.372499979,6.257499937,7.385833293,0.001666667,26.07291640416667,6.838734530555556,26.07291640416667
1/13/2020,2020,1,13,10.59958343,36.94999989,4.180999997,7.676249966,8.77583335,0.00375,31.984374858333336,8.12577162037037,31.984374858333336
1/14/2020,2020,1,14,10.78625007,33.95791666,5.814090943,13.49625001,15.16250017,0.00125,53.936319763519315,14.03935200925926,53.936319763519315
1/15/2020,2020,1,15,9.747894814,43.38315803,4.227222196,5.07105267,4.764736875,0.003333333,21.129386125000003,4.411793402777778,21.129386125000003
1/16/2020,2020,1,16,11.77708344,42.11500049,6.703000061,14.69250004,16.6137499,0.00125,56.45203871072962,15.383101759259258,56.45203871072962
1/17/2020,2020,1,17,11.67250001,37.36333287,6.296499988,13.33541671,15.44124989,0.0025,53.59808664334764,14.297453601851851,53.59808664334764
1/18/2020,2020,1,18,10.64291668,32.55250001,5.991363515,9.766250094,11.24333318,0.002083333,40.692708725,10.410493685185186,40.692708725
1/19/2020,2020,1,19,10.73458338,35.88000023,6.00222227,15.36583326,17.39458308,0.000833333,57.868061362231764,16.106095444444446,57.868061362231764
1/20/2020,2020,1,20,10.61583338,36.92999991,6.022857166,18.12250027,16.5304166,0.004166667,63.66534391545065,15.305941296296295,63.66534391545065
1/21/2020,2020,1,21,10.48916666,35.61999989,6.369523803,9.450000024,10.8604346,0.00125,39.3750001,10.055957962962962,39.3750001
1/22/2020,2020,1,22,10.38916661,43.00541687,6.175909087,43.83416673,49.06708341,0.004166667,121.52131506381909,45.432484638888894,121.52131506381909
1/23/2020,2020,1,23,10.30304353,45.93652161,5.581500011,5.581739226,5.784347699,0.007826087,23.257246775000002,5.355877499074074,23.257246775000002
1/24/2020,2020,1,24,10.24333342,45.66166671,4.029047556,17.82416697,20.74791682,0.006666667,63.037947705150216,19.211034092592595,63.037947705150216
1/25/2020,2020,1,25,11.47583338,29.91583351,4.587368388,8.596666664,9.820000062,0.000416667,35.81944443333334,9.09259265,35.81944443333334
1/26/2020,2020,1,26,10.85833331,29.41416681,6.374761923,2.319999933,0.370000005,0.0,9.666666387500001,0.34259259722222224,9.666666387500001
1/27/2020,2020,1,27,10.83124999,34.69624972,5.833636325,3.954583277,2.990833297,0.0,16.477430320833335,2.769290089814815,16.477430320833335
1/28/2020,2020,1,28,11.42208334,37.29083308,6.997500001,16.82791666,18.44291667,0.005416667,60.94282902746781,17.076774694444442,60.94282902746781
1/29/2020,2020,1,29,10.4420834,27.14208333,7.989583349,7.27333343,8.807083448,0.00875,30.305555958333336,8.154706896296297,30.305555958333336
1/30/2020,2020,1,30,10.49750002,36.63000003,8.723478338,16.97624989,19.36000001,0.004583333,61.25477444678111,17.925925935185184,61.25477444678111
1/31/2020,2020,1,31,10.13000015,49.32916689,6.578750028,10.45541684,11.80333346,0.004166667,43.56423683333333,10.929012462962962,43.56423683333333
02/01/2020,2020,2,1,10.0,41.23083297,5.843043505,17.94999972,19.25666595,0.000833333,63.30257451845494,17.83024625,63.30257451845494
02/02/2020,2020,2,2,9.930416544,33.80333336,6.792173922,0.536249999,0.71291666,0.0,2.2343749958333334,0.6601080185185185,2.2343749958333334
02/03/2020,2020,2,3,9.807391374,43.56826077,6.944210542,17.08833328,18.93916667,0.007391304,61.49048629699571,17.536265435185186,61.49048629699571
02/04/2020,2020,2,4,10.04750001,43.35083361,7.618421109,22.68041668,25.79375029,0.00625,73.25066168755365,23.88310212037037,73.25066168755365
02/05/2020,2020,2,5,11.01666669,43.40541697,6.420476187,13.15666676,15.15250005,0.001666667,53.222174731330476,14.03009263888889,53.222174731330476
02/06/2020,2020,2,6,10.8108333,37.08291642,6.27952383,11.23916655,12.81041672,0.00125,46.829860625,11.861496962962962,46.829860625
02/07/2020,2020,2,7,10.54166659,37.11125012,4.246499979,8.001250099,9.094166604,0.002083333,33.33854207916667,8.420524633333333,33.33854207916667
02/08/2020,2020,2,8,10.23208336,31.63708321,5.062999982,1.192083335,1.42125002,0.005,4.967013895833333,1.3159722407407408,4.967013895833333
02/09/2020,2020,2,9,9.580833316,37.34124994,6.293043523,5.822083359,6.335833301,0.002083333,24.2586806625,5.866512315740741,24.2586806625
02/10/2020,2020,2,10,9.976249953,33.19374967,7.80583336,12.1373911,13.84478269,0.002608696,51.078633643776826,12.819243231481481,51.078633643776826
02/11/2020,2020,2,11,11.63541675,37.2058334,5.315217435,30.36791686,28.98249966,0.001666667,89.41750755965666,26.835647833333333,89.41750755965666
02/12/2020,2020,2,12,11.96249998,29.13833304,4.671904744,34.4595833,34.76666631,0.000833333,98.02229964377682,32.19135769444444,98.02229964377682
2/13/2020,2020,2,13,11.6766667,33.37624951,5.35421048,23.81708352,26.86208351,0.000833333,75.64107693047211,24.872299546296297,75.64107693047211
2/14/2020,2020,2,14,11.80916667,23.98958353,3.496499985,13.96956541,17.43391307,0.001666667,54.93170408111588,16.14251210185185,54.93170408111588
2/15/2020,2020,2,15,12.57416658,24.35708322,5.721875025,27.85791665,29.97791689,0.001666667,84.13896634549357,27.757330453703702,84.13896634549357
2/16/2020,2020,2,16,12.88250001,29.69499989,3.949473679,33.73666747,36.95750101,0.000416667,96.50200455064379,34.219908342592596,96.50200455064379
2/17/2020,2020,2,17,11.42291661,26.15874998,5.472105339,34.06000137,37.72000122,0.0,97.18197713004292,34.925927055555555,97.18197713004292
2/18/2020,2020,2,18,11.70708334,19.57666669,5.96041666,34.06000137,37.72000122,0.0,97.18197713004292,34.925927055555555,97.18197713004292
2/19/2020,2020,2,19,11.9041667,31.02500015,6.012631592,34.74625095,39.99708347,0.0,98.62516294206009,37.034336546296295,98.62516294206009
2/20/2020,2020,2,20,11.20583336,35.83291694,5.148181831,37.67458276,42.65208284,0.000833333,106.35450026331658,39.49266929629629,106.35450026331658
2/21/2020,2020,2,21,11.4420834,28.4058335,7.363157893,36.75125082,43.20833333,0.0075,104.0809693557789,40.007716046296295,104.0809693557789
2/22/2020,2020,2,22,11.7749999,22.79000019,6.882000065,41.99000168,49.93000031,0.01,116.98040614673367,46.23148176851851,116.98040614673367
2/23/2020,2020,2,23,12.08750006,31.95000013,4.361111068,29.99083369,35.23000045,0.00875,88.62450003476395,32.62037078703704,88.62450003476395
2/24/2020,2020,2,24,11.99541672,22.00124997,2.856250027,32.34999847,35.65000153,0.01,93.58583369227469,33.00926067592592,93.58583369227469
2/25/2020,2020,2,25,12.46083331,17.5512499,4.601999977,22.26833333,25.59000026,0.0025,72.38404863390559,23.694444685185186,72.38404863390559
2/26/2020,2020,2,26,11.64541666,17.15166644,2.86133337,6.410416663,7.524166611,0.000416667,26.71006942916667,6.9668209361111115,26.71006942916667
2/27/2020,2020,2,27,11.82333326,22.54041658,5.255882325,9.274999926,10.26166658,0.0,38.645833025,9.50154312962963,38.645833025
2/28/2020,2020,2,28,12.11291667,23.58874979,4.754210572,11.73708335,13.54916679,0.0,48.90451395833334,12.545524805555555,48.90451395833334
2/29/2020,2020,2,29,12.52874986,15.72086945,5.655999999,15.80833316,18.35916688,0.0,58.798640551072964,16.999228592592594,58.798640551072964
03/01/2020,2020,3,1,12.26666665,19.94208318,5.135789504,15.48708335,18.14375005,0.0,58.12305082188841,16.799768564814816,58.12305082188841
03/02/2020,2020,3,2,11.90749995,17.84041656,5.112999935,11.60874998,13.42208338,0.0,48.36979158333334,12.427854981481481,48.36979158333334
03/03/2020,2020,3,3,12.31117638,16.50235304,5.658461571,18.03833341,20.08458332,0.00125,63.48834064763949,18.59683640740741,63.48834064763949
03/04/2020,2020,3,4,,,,19.97916673,23.22333328,0.00125,67.56992144935623,21.50308637037037,67.56992144935623
03/05/2020,2020,3,5,,,,16.32000001,18.60624991,0.0,59.87467813261803,17.228009175925926,59.87467813261803
03/06/2020,2020,3,6,,,,15.51333321,18.12375001,0.0,58.17825439012876,16.781250009259256,58.17825439012876
03/07/2020,2020,3,7,,,,24.90833334,28.09291669,0.0,77.93597998540773,26.01195989814815,77.93597998540773
03/08/2020,2020,3,8,,,,18.57416659,21.0062501,0.0,64.61520012489271,19.450231574074074,64.61520012489271
03/09/2020,2020,3,9,,,,18.66208353,21.30083348,0.0,64.80008982703863,19.722993962962963,64.80008982703863
03/10/2020,2020,3,10,,,,15.17541678,17.37624994,0.000833333,57.46761468755365,16.089120314814817,57.46761468755365
03/11/2020,2020,3,11,9.285714286,25.97857148,2.160000026,10.28624992,11.46166667,0.0,42.85937466666667,10.612654324074073,42.85937466666667
03/12/2020,2020,3,12,11.38541675,15.56583349,2.189999938,13.56291667,13.955,0.0,54.076520035622316,12.921296296296296,54.076520035622316
3/13/2020,2020,3,13,11.9883333,19.82083352,3.676999985,18.39291664,19.30250005,0.000833333,64.23403070214593,17.87268523148148,64.23403070214593
3/14/2020,2020,3,14,11.38958327,14.83999983,3.038333341,13.86458327,14.22250013,0.0,54.71092619012876,13.168981601851852,54.71092619012876
3/15/2020,2020,3,15,11.41666663,14.69208342,4.834615315,9.397500078,9.773333341,0.0,39.156250325,9.049382723148149,39.156250325
3/16/2020,2020,3,16,11.72500012,17.23624999,5.502000113,14.75208346,15.30916645,0.0,56.577342898712445,14.17515412037037,56.577342898712445
3/17/2020,2020,3,17,12.12875001,15.27375013,6.532222218,17.92416686,18.71249984,0.0,63.2482479030043,17.32638874074074,63.2482479030043
3/18/2020,2020,3,18,11.91416673,12.38374999,5.27055549,15.39791654,16.13791656,0.000416667,57.93553263776825,14.942515333333334,57.93553263776825
3/19/2020,2020,3,19,12.03625011,18.38857153,5.840000153,20.95565203,20.51347809,0.000833333,69.62347422618026,18.993961194444445,69.62347422618026
3/20/2020,2020,3,20,,,,16.04416674,16.85958349,0.0025,59.29459958197425,15.610725453703703,59.29459958197425
3/21/2020,2020,3,21,11.91874993,7.013750076,2.270000011,15.77458338,16.42375005,0.00125,58.72766461888412,15.20717597222222,58.72766461888412
3/22/2020,2020,3,22,11.50217392,10.81043479,3.104285696,16.06478276,16.90782593,0.001159224,59.33795516051502,15.65539437962963,59.33795516051502
3/23/2020,2020,3,23,12.89916678,11.99416665,4.219000006,10.44958332,11.06791668,0.003069432,43.539930500000004,10.248071,43.539930500000004
3/24/2020,2020,3,24,10.92791667,12.57541662,2.888181811,8.33208326,8.812083309,0.003835681,34.71701358333333,8.159336397222223,34.71701358333333
3/25/2020,2020,3,25,11.08416667,17.27541676,3.745714298,13.2616667,13.7533334,0.003927814,53.44299005579399,12.734567962962963,53.44299005579399
3/26/2020,2020,3,26,11.3745834,15.78833325,4.918181796,14.32791662,14.78874982,0.003235753,55.68531821373391,13.69328687037037,55.68531821373391
3/27/2020,2020,3,27,11.03666669,12.7166667,4.85999992,17.86791678,18.59666656,0.003313157,63.12995374334764,17.219135703703703,63.12995374334764
3/28/2020,2020,3,28,12.52800004,12.16933349,10.22857135,7.900666678,8.051333221,0.0027953,32.91944449166667,7.4549381675925925,32.91944449166667
3/29/2020,2020,3,29,10.97533347,12.70600003,1.662000009,16.42071424,17.15571465,0.003083813,60.08648059055794,15.884920972222222,60.08648059055794
3/30/2020,2020,3,30,10.42125003,13.9512501,2.028888896,14.57750002,15.16916673,0.003512689,56.2101931751073,14.04552475,56.2101931751073
3/31/2020,2020,3,31,11.92624994,16.02291663,5.419090837,15.30916673,15.99291659,,57.74889140643777,14.808256101851851,57.74889140643777
04/01/2020,2020,4,1,11.71291673,12.34291663,3.288888842,11.4012501,11.81875001,,47.50520875000001,10.943287046296296,47.50520875000001
04/02/2020,2020,4,2,11.86083325,17.34458335,5.204000002,15.32333345,15.4954166,,57.77868407939914,14.347607962962963,57.77868407939914
04/03/2020,2020,4,3,11.13041667,15.69958321,4.138888816,18.38624997,18.77083362,,64.2200106665236,17.3804015,64.2200106665236
04/04/2020,2020,4,4,11.57958337,12.66000007,4.025999987,10.43666659,10.74375,,43.48611079166667,9.947916666666668,43.48611079166667
04/05/2020,2020,4,5,10.59916667,13.03166674,5.657000041,8.735416745,9.150833343,0.0041679,36.397569770833336,8.472993836111112,36.397569770833336
04/06/2020,2020,4,6,10.66458329,12.11125006,1.759999995,14.69499985,15.27708356,0.003806709,56.457295821888415,14.14544774074074,56.457295821888415
04/07/2020,2020,4,7,11.13416664,12.93958333,3.63777782,20.20833337,20.66666675,0.003846247,68.05185987682404,19.135802546296297,68.05185987682404
04/08/2020,2020,4,8,11.07874993,14.14333327,3.227000034,14.90916674,15.44041667,0.003441225,56.90768971072961,14.296682101851852,56.90768971072961
04/09/2020,2020,4,9,11.8233333,11.68708342,5.353846211,10.02458342,10.27916666,0.003434204,41.76909758333334,9.517746907407407,41.76909758333334
04/10/2020,2020,4,10,12.81625005,11.86739135,8.701764731,13.75083321,13.89666655,0.003173326,54.47170932575107,12.867283842592594,54.47170932575107
04/11/2020,2020,4,11,10.61583332,11.09499996,2.410000001,16.93750004,17.40874996,0.003391897,61.17328334592275,16.11921292592593,61.17328334592275
04/12/2020,2020,4,12,10.65208332,12.5608333,5.240833362,3.929583232,4.80125005,0.000703692,16.373263466666668,4.445601898148149,16.373263466666668
4/13/2020,2020,4,13,11.22125004,14.54458342,6.131764754,5.150000046,4.774166567,0.002095689,21.458333525,4.420524599074074,21.458333525
4/14/2020,2020,4,14,10.6495833,13.57958337,4.620714239,21.64041642,21.30500021,0.004164884,71.06353667725323,19.726852046296298,71.06353667725323
4/15/2020,2020,4,15,10.83333337,16.28874997,3.4341667,15.4870834,16.13291672,0.003771138,58.123050927038626,14.937885851851853,58.123050927038626
4/16/2020,2020,4,16,11.18500008,17.79923076,3.038000011,10.73625008,11.02541674,0.003864689,44.73437533333333,10.208719203703705,44.73437533333333
4/17/2020,2020,4,17,10.65999985,,,16.05374998,16.3066667,0.00442749,59.314753176824034,15.098765462962964,59.314753176824034
4/18/2020,2020,4,18,10.31999993,10.63399987,2.242000008,10.75500004,10.87166662,0.00353914,44.81250016666667,10.066357981481481,44.81250016666667
4/19/2020,2020,4,19,10.85416659,13.03291672,3.292222192,12.69125008,12.98124998,0.004161873,52.24340145579399,12.019675907407407,52.24340145579399
4/20/2020,2020,4,20,10.62041668,11.24999991,2.601666669,10.52791673,10.7662499,0.003559295,43.866319708333336,9.968749907407407,43.866319708333336
4/21/2020,2020,4,21,10.36416666,12.82624984,2.249999966,14.98250006,15.27541671,0.003523714,57.06190999742489,14.143904361111112,57.06190999742489
4/22/2020,2020,4,22,9.964166681,12.7675,2.331111107,11.60750004,11.75083338,0.003491795,48.3645835,10.880401277777777,48.3645835
4/23/2020,2020,4,23,11.06823534,16.14294111,2.936666697,11.38458321,11.56999998,0.003292246,47.43576337500001,10.712962944444445,47.43576337500001
4/24/2020,2020,4,24,,,,10.90708344,11.18708331,0.003003824,45.446181,10.358410472222223,45.446181
4/25/2020,2020,4,25,9.49555556,12.79000014,5.609999955,13.31958329,13.75041668,0.003301006,53.56478889313305,12.731867296296297,53.56478889313305
4/26/2020,2020,4,26,10.45208329,13.40083342,2.267499997,10.04583337,10.38249999,0.003336999,41.85763904166667,9.613425916666666,41.85763904166667
4/27/2020,2020,4,27,11.11625,13.54708347,1.907142814,8.683333347,9.122916629,0.003806867,36.1805556125,8.447145026851853,36.1805556125
4/28/2020,2020,4,28,11.45166665,12.13347812,9.724285732,6.719583412,7.066666623,0.003469808,27.99826421666667,6.543209836111111,27.99826421666667
4/29/2020,2020,4,29,11.36249991,12.21708325,3.379999928,8.469583258,8.796250065,0.003559707,35.28993024166667,8.144675986111112,35.28993024166667
4/30/2020,2020,4,30,10.69692318,13.48692314,0.99666667,9.413750077,9.720833408,0.003459133,39.223958654166665,9.000771674074075,39.223958654166665
05/01/2020,2020,5,1,,,,11.0420834,11.69666659,0.003123617,46.00868083333334,10.830246842592592,46.00868083333334
05/02/2020,2020,5,2,12.07214274,13.65428574,1.640000006,16.39708338,16.8487498,0.002349854,60.036784790557945,15.60069425925926,60.036784790557945
05/03/2020,2020,5,3,11.35874997,13.47708334,2.553333282,10.40875003,10.89125006,0.002575482,43.36979179166667,10.084490796296297,43.36979179166667
05/04/2020,2020,5,4,11.17708329,10.04291665,2.246999996,9.330000043,9.688749912,0.003296864,38.87500017916667,8.971064733333334,38.87500017916667
05/05/2020,2020,5,5,11.32166672,11.1125,3.763636378,11.81999995,12.11791667,0.004044214,49.24999979166667,11.220293212962963,49.24999979166667
05/06/2020,2020,5,6,10.9291666,11.67666665,2.956250008,10.75124998,11.21999993,0.003631773,44.796874916666674,10.388888824074074,44.796874916666674
05/07/2020,2020,5,7,10.81999995,16.93600016,5.629999816,12.07666654,12.26416672,0.004117184,,11.355709925925927,11.355709925925927
05/08/2020,2020,5,8,39.63999939,,,15.17874985,15.57583313,0.002016128,57.47462414806867,14.422067712962962,57.47462414806867
05/09/2020,2020,5,9,10.5054545,7.648181926,0.385000015,12.44125007,12.65625002,0.005647723,51.717650361802576,11.718750018518518,51.717650361802576
05/10/2020,2020,5,10,10.84250001,15.07083334,5.151249934,9.013749984,9.752916632,0.003898473,37.557291600000006,9.030478362962963,37.557291600000006
05/11/2020,2020,5,11,11.39833339,16.77666661,4.606999942,12.13833336,12.99499993,0.006915714,51.08061522060086,12.032407342592593,51.08061522060086
05/12/2020,2020,5,12,11.06375003,18.96666666,3.972857169,12.55124978,11.8449998,0.006388025,51.94898022403434,10.967592407407407,51.94898022403434
5/13/2020,2020,5,13,12.18647054,15.02235288,8.364545386,8.003912866,6.380434694,0.001092275,33.349636941666674,5.907809901851852,33.349636941666674
5/14/2020,2020,5,14,,,,6.410416623,5.949583371,0.001983459,26.7100692625,5.508873491666667,26.7100692625
5/15/2020,2020,5,15,,,,0.730000019,0.370000005,0.000434235,3.0416667458333335,0.34259259722222224,3.0416667458333335
5/16/2020,2020,5,16,11.06333335,4.618000031,2.486999962,6.620833258,6.152916625,0.004673025,27.58680524166667,5.697145023148148,27.58680524166667
5/17/2020,2020,5,17,11.93041678,12.39083325,3.440000038,9.742857175,15.36999994,0.00539755,40.59523822916667,14.231481425925926,40.59523822916667
5/18/2020,2020,5,18,11.93125002,14.6908335,2.009999999,23.08933356,28.66764679,0.003754289,74.11061564120172,26.54411739814815,74.11061564120172
5/19/2020,2020,5,19,11.69208336,17.48708339,2.629999995,9.021500003,10.69599996,0.003948024,37.58958334583333,9.903703666666667,37.58958334583333
5/20/2020,2020,5,20,11.56666672,22.23750013,2.472857204,22.2704546,24.06545459,0.003683062,72.38850967381975,22.282828324074075,72.38850967381975
5/21/2020,2020,5,21,10.92357142,32.26076933,6.120000213,15.46749989,17.1888893,0.004122553,58.08186672145923,15.91563824074074,58.08186672145923
5/22/2020,2020,5,22,12.32090907,27.42699986,1.590000033,9.140869602,18.50476208,0.004586334,38.086956675,17.13403896296296,38.086956675
5/23/2020,2020,5,23,14.45666663,10.57266656,1.413333337,6.672499883,19.18086944,0.0050568,27.802082845833336,17.760064296296296,27.802082845833336
5/24/2020,2020,5,24,11.77625,10.70125009,0.99333333,6.550000057,15.90666676,0.004778715,27.291666904166668,14.728395148148149,27.291666904166668
5/25/2020,2020,5,25,11.23791663,18.39125009,0.812499993,13.67791665,22.4533333,0.00417331,54.31836548712447,20.790123425925927,54.31836548712447
5/26/2020,2020,5,26,12.13041667,20.77291644,2.944545453,12.31999997,17.78333331,0.003986693,51.46266088111588,16.46604936111111,51.46266088111588
5/27/2020,2020,5,27,13.11541657,16.30458338,4.894615384,10.09250006,39.65625016,0.003452901,42.05208358333334,36.718750148148146,42.05208358333334
5/28/2020,2020,5,28,12.20625007,12.5224999,7.710769282,10.12916668,37.82166645,0.003056869,42.204861166666674,35.02006152777778,42.204861166666674
5/29/2020,2020,5,29,11.98999985,15.93636361,2.259999948,10.85833332,38.00043479,0.002947557,45.243055500000004,35.185587768518516,45.243055500000004
5/30/2020,2020,5,30,11.63588232,11.7858823,1.580000044,10.37869573,19.85750006,0.003349474,43.244565541666674,18.38657412962963,43.244565541666674
5/31/2020,2020,5,31,12.3595833,14.58666663,10.65500006,6.862500042,12.10000003,0.001666667,28.593750175,11.203703731481482,28.593750175
06/01/2020,2020,6,1,11.72583334,14.73583345,2.1558333,7.939166675,22.42238092,0.002083333,33.079861145833334,20.761463814814814,33.079861145833334
06/02/2020,2020,6,2,11.63541667,12.3345833,2.321666638,10.18416676,20.44750003,0.0,42.43402816666667,18.93287039814815,42.43402816666667
06/03/2020,2020,6,3,11.93333324,16.1837501,4.022000046,16.39428578,17.0120001,0.0,60.030901425751075,15.751851944444446,60.030901425751075
06/04/2020,2020,6,4,12.18708344,15.84750005,3.171250015,24.34500027,14.48799977,0.0,76.75128812145923,13.414814601851852,76.75128812145923
06/05/2020,2020,6,5,11.5875,13.15166659,3.738571452,31.57000001,31.36000013,0.0,91.94549358326181,29.037037157407408,91.94549358326181
06/06/2020,2020,6,6,10.93083328,13.97500012,2.018571443,10.20999984,10.23666683,0.0,42.541666000000006,9.478395212962964,42.541666000000006
06/07/2020,2020,6,7,11.24291662,17.92749999,1.889999986,7.090000093,18.11000061,0.008333333,29.541667054166666,16.768519083333334,29.541667054166666
06/08/2020,2020,6,8,13.0908335,19.16583323,16.79499962,,48.18000031,0.0,,44.61111139814815,44.61111139814815
06/09/2020,2020,6,9,12.24958332,16.80416647,2.609999975,46.95999908,12.76090912,0.0,129.2180881869347,11.815656592592594,129.2180881869347
06/10/2020,2020,6,10,12.72875007,11.26708326,1.973000039,14.5890001,37.39999962,0.023529412,56.23437789270386,34.62962927777778,56.23437789270386
06/11/2020,2020,6,11,12.79249994,12.54583335,4.855999952,31.56666629,23.02999967,0.057142858,91.938482755794,21.324073768518517,91.938482755794
06/12/2020,2020,6,12,10.94500005,9.793750068,4.199999935,25.50999966,4.27500008,0.105882355,79.20128683862661,3.9583334074074075,79.20128683862661
6/13/2020,2020,6,13,10.64958336,15.09166666,0.954999983,12.48555536,5.208000058,0.0125,51.81082457682403,4.822222275925926,51.81082457682403
6/14/2020,2020,6,14,11.21052637,17.47105262,1.356666674,8.267999959,21.7737501,0.0,34.44999982916667,20.160879722222223,34.44999982916667
6/15/2020,2020,6,15,11.73874998,13.9466665,1.436249983,6.891666631,24.81958318,0.0,28.715277629166668,22.981095537037035,28.715277629166668
6/16/2020,2020,6,16,12.19333331,13.21958329,3.606000048,7.188750123,23.91272705,0.0,29.9531255125,22.141413935185184,29.9531255125
6/17/2020,2020,6,17,12.98875004,16.95913054,7.274000041,9.102499895,30.54190491,0.066666668,37.92708289583334,28.279541583333334,37.92708289583334
6/18/2020,2020,6,18,13.2091668,16.16124982,6.119090861,8.761249957,27.90999999,0.028571429,36.505208154166674,25.84259258333333,36.505208154166674
6/19/2020,2020,6,19,13.03708327,11.34333335,16.13866679,6.683333352,29.41750002,0.100000001,27.847222300000002,27.238425944444444,27.847222300000002
6/20/2020,2020,6,20,12.66458329,14.04458328,3.26000002,9.985416591,16.40100017,0.0,41.605902462500005,15.186111268518518,41.605902462500005
6/21/2020,2020,6,21,11.88208338,16.57791668,1.12833334,16.01624991,14.44375022,0.0,59.23589036866953,13.373842796296296,59.23589036866953
6/22/2020,2020,6,22,11.75083335,15.09166672,1.483333326,11.57083337,14.48500016,0.0,48.21180570833334,13.412037185185186,48.21180570833334
6/23/2020,2020,6,23,13.05636358,14.04772723,29.60444487,9.810416679,5.309090851,0.047619048,40.8767361625,4.915824862037037,40.8767361625
6/24/2020,2020,6,24,19.67166662,18.78499985,44.94874986,4.288333385,9.101250033,0.0,17.868055770833333,8.427083363888888,17.868055770833333
6/25/2020,2020,6,25,19.55291669,18.23583337,46.21583335,9.019583344,8.455416586,0.0,37.58159726666667,7.829089431481481,37.58159726666667
6/26/2020,2020,6,26,19.12208335,15.29250014,45.20458301,8.517083449,6.026250045,0.0,35.48784770416667,5.579861152777778,35.48784770416667
6/27/2020,2020,6,27,22.04916668,16.75083331,46.21749989,6.049166637,4.434999976,0.0,25.204860987500002,4.10648145925926,25.204860987500002
6/28/2020,2020,6,28,20.97083322,19.24541656,50.8687501,4.416666689,5.487500007,0.015384616,18.402777870833336,5.081018525,18.402777870833336
6/29/2020,2020,6,29,20.88916675,18.83416649,53.51958338,5.414166741,9.390416717,1.108333349,22.5590280875,8.69483029351852,22.5590280875
6/30/2020,2020,6,30,20.68833351,21.38166654,50.99166648,9.303333317,14.5737501,1.112500012,38.76388882083334,13.494213055555555,38.76388882083334
07/01/2020,2020,7,1,20.53875001,22.63083327,46.6312499,14.36416662,11.8195833,1.114615395,55.76155211931331,10.94405861111111,55.76155211931331
07/02/2020,2020,7,2,21.10666672,17.63250005,49.60333379,11.75458333,7.637916657,,48.97743054166667,7.072145052777778,48.97743054166667
07/03/2020,2020,7,3,24.29958336,13.26166674,57.68181879,7.575833385,4.383478202,1.110000014,31.565972437500005,4.058776112962963,31.565972437500005
07/04/2020,2020,7,4,24.16250006,16.73083345,55.70500008,4.757391326,7.294166704,1.110000014,19.822463858333332,6.75385805925926,19.822463858333332
07/05/2020,2020,7,5,20.76416683,18.09750017,55.96291685,7.142916669,9.441249967,1.110000014,29.762152787500003,8.741898117592592,29.762152787500003
07/06/2020,2020,7,6,20.6291666,17.82708347,47.93041643,9.22541668,5.639583354,1.110833347,38.439236166666674,5.2218364388888885,38.439236166666674
07/07/2020,2020,7,7,21.49666667,16.94291663,53.84625022,5.621250011,8.232916648,1.107500017,23.421875045833335,7.62307097037037,23.421875045833335
07/08/2020,2020,7,8,21.76125002,20.53208315,53.01458311,8.16958336,10.32958321,1.110416681,34.03993066666667,9.564428898148147,34.03993066666667
07/09/2020,2020,7,9,23.6566666,18.00708326,53.14333344,10.17333335,11.38958327,1.109166682,42.38888895833334,10.545910435185185,42.38888895833334
07/10/2020,2020,7,10,20.83291666,14.36583348,50.49791686,11.22958329,7.957083397,1.110000014,46.789930375000004,7.367669812037037,46.789930375000004
07/11/2020,2020,7,11,21.77416678,19.89916678,49.54166651,7.914166684,9.52041664,1.110416681,32.975694516666664,8.815200592592593,32.975694516666664
07/12/2020,2020,7,12,24.28666671,19.97833365,59.26954477,9.480000031,8.841250064,1.109166682,39.500000129166665,8.186342651851852,39.500000129166665
7/13/2020,2020,7,13,21.13999995,18.76458323,55.32499981,8.857083383,10.3425,1.110000014,36.90451409583334,9.576388888888888,36.90451409583334
7/14/2020,2020,7,14,20.66291658,18.43375015,51.19583368,10.26791674,8.825833379,1.111666679,42.782986416666674,8.172067943518519,42.782986416666674
7/15/2020,2020,7,15,20.52625004,18.07999984,49.10375007,8.774583183,8.118333355,1.130833348,36.560763262500004,7.516975328703705,36.560763262500004
7/16/2020,2020,7,16,22.21208342,16.6920832,49.84375016,8.265833393,5.990000084,1.115833342,34.44097247083333,5.546296374074074,34.44097247083333
7/17/2020,2020,7,17,23.51125018,17.46833354,50.42217387,6.015000097,6.372916736,1.120416681,25.062500404166666,5.90084882962963,25.062500404166666
7/18/2020,2020,7,18,21.34750001,19.39291684,51.90833314,6.681666737,7.762083362,1.111666679,27.840278070833335,7.187114224074074,27.840278070833335
7/19/2020,2020,7,19,21.79250002,19.6516666,53.64250024,7.721249968,8.740833327,1.111250013,32.17187486666667,8.093364191666668,32.17187486666667
7/20/2020,2020,7,20,21.88249993,17.4916666,49.24583371,8.589166696,4.970416615,1.107500017,35.78819456666667,4.602237606481482,35.78819456666667
7/21/2020,2020,7,21,23.49624999,18.00333329,57.3939131,4.829583359,6.073043494,1.106956539,20.123263995833334,5.62318842037037,20.123263995833334
7/22/2020,2020,7,22,23.10708316,17.62958336,55.98750003,6.528695669,10.10999994,1.095000029,27.202898620833338,9.361111055555556,27.202898620833338
7/23/2020,2020,7,23,21.5958333,16.73999989,55.93416691,9.977916698,11.49916656,1.109583348,41.574652908333334,10.647376444444445,41.574652908333334
7/24/2020,2020,7,24,21.80458331,18.93125006,50.83708382,11.37125005,8.917083343,1.108333349,47.38020854166667,8.256558650925927,47.38020854166667
7/25/2020,2020,7,25,22.42916648,19.55249981,54.44958337,8.810833221,7.039999957,1.108333349,36.7118050875,6.518518478703704,36.7118050875
7/26/2020,2020,7,26,24.93833343,18.9845833,56.07583348,7.040416708,8.529166718,1.108750015,29.335069616666672,7.897376590740741,29.335069616666672
7/27/2020,2020,7,27,24.26749984,17.96500003,50.98666636,8.429583321,4.752916691,1.108750015,35.123263837500005,4.400848787962963,35.123263837500005
7/28/2020,2020,7,28,21.63166674,17.00250006,51.97291708,4.724583328,3.914583345,1.109583348,19.685763866666665,3.6246142083333335,19.685763866666665
7/29/2020,2020,7,29,22.52083333,16.6958334,50.64583365,3.97375002,6.344166649,1.142083342,16.55729175,5.8742283787037035,16.55729175
7/30/2020,2020,7,30,23.43374976,17.49291662,49.36333338,6.781666701,6.584166703,1.108333349,28.2569445875,6.096450650925926,28.2569445875
7/31/2020,2020,7,31,22.16249998,19.17749989,51.9133331,6.554166637,8.339166688,1.111250013,27.309027654166666,7.721450637037037,27.309027654166666
08/01/2020,2020,8,1,21.43624989,19.72333328,49.50958347,8.295416693,10.33708337,1.109166682,34.56423622083334,9.571373490740742,34.56423622083334
08/02/2020,2020,8,2,21.11541653,17.01583358,48.38041655,10.12375001,8.091666669,1.110416681,42.18229170833334,7.492283952777778,42.18229170833334
08/03/2020,2020,8,3,21.56916666,17.04875012,49.90749995,8.068333395,7.094583253,1.111250013,33.6180558125,6.5690585675925925,33.6180558125
08/04/2020,2020,8,4,21.50500011,16.66916656,48.81625001,7.261250009,6.202500043,1.108750015,30.255208370833337,5.74305559537037,30.255208370833337
08/05/2020,2020,8,5,21.99708343,16.16250006,58.49749947,6.095416668,5.830833361,1.105000019,25.397569450000002,5.3989197787037035,25.397569450000002
08/06/2020,2020,8,6,22.09874996,15.44749995,49.00333341,5.782083303,3.78791667,1.107500017,24.092013762500002,3.50733025,24.092013762500002
08/07/2020,2020,8,7,23.66166647,19.14333336,53.85125001,3.840833311,5.036249955,1.108750015,16.003472129166667,4.663194402777777,16.003472129166667
08/08/2020,2020,8,8,22.13666685,18.77916666,52.00583331,4.990416711,7.722916742,1.110416681,20.7934029625,7.150848835185185,20.7934029625
08/09/2020,2020,8,9,20.73238091,18.43952388,42.75809488,7.748749991,14.73000016,1.065454553,32.286458295833334,13.638889037037037,32.286458295833334
08/10/2020,2020,8,10,18.67458324,12.32416658,40.28958337,14.69333326,13.18458332,,56.45379097596567,12.207947518518518,56.45379097596567
08/11/2020,2020,8,11,19.37916668,10.84083335,45.10291664,13.22708324,6.933333303,,53.370260890987126,6.419753058333334,53.370260890987126
08/12/2020,2020,8,12,20.49250023,12.46083329,44.97304344,6.990416683,7.529166609,,29.12673617916667,6.971450563888888,29.12673617916667
8/13/2020,2020,8,13,20.99869554,14.36304341,44.74499997,7.500416674,8.606249931,1.107999998,31.25173614166667,7.968749936111112,31.25173614166667
8/14/2020,2020,8,14,19.86374994,14.47083326,44.35333339,9.39624998,9.397083335,1.120833337,39.15104158333334,8.701003087962963,39.15104158333334
8/15/2020,2020,8,15,19.49208327,14.6266667,40.85791667,9.260833204,9.38124992,1.120416671,38.58680501666667,8.686342518518519,38.58680501666667
8/16/2020,2020,8,16,20.93999994,15.50666672,44.51272713,9.222916802,9.166666567,1.122500002,38.42882000833334,8.487654228703704,38.42882000833334
8/17/2020,2020,8,17,22.45958328,15.07041649,48.74739133,9.145833279,7.457083295,1.120000005,38.1076386625,6.90470675462963,38.1076386625
8/18/2020,2020,8,18,20.42624994,14.36291651,40.56999995,7.436249944,6.637083257,1.124166667,30.98437476666667,6.145447460185185,30.98437476666667
8/19/2020,2020,8,19,19.65541665,15.50666664,40.18916678,6.546666717,6.964999944,1.121250004,27.277777987500002,6.449074022222222,27.277777987500002
8/20/2020,2020,8,20,22.37649989,13.42550011,53.03823538,6.927083358,12.1694738,1.183499998,28.862847325,11.268031296296297,28.862847325
8/21/2020,2020,8,21,19.94041661,12.6966666,39.12833329,12.16105263,10.52791676,1.119583338,51.12839394291846,9.748071074074074,51.12839394291846
8/22/2020,2020,8,22,19.52083333,12.23874988,37.85041642,10.44666669,9.716250037,1.118750006,43.527777875000005,8.996527812037037,43.527777875000005
8/23/2020,2020,8,23,19.38,12.45749984,35.44916662,9.557083299,11.14124991,1.112916678,39.821180412500006,10.31597213888889,39.821180412500006
8/24/2020,2020,8,24,19.46333345,12.12666672,36.39833339,11.07333344,10.53999998,1.11833334,46.13888933333334,9.75925924074074,46.13888933333334
8/25/2020,2020,8,25,19.10041674,12.79000006,35.83583371,10.41291657,13.84695656,1.135416677,43.38715237500001,12.821256074074075,43.38715237500001
8/26/2020,2020,8,26,19.04541671,10.14291666,34.62416673,14.83086946,10.66624989,1.12166667,56.74303019484979,9.876157305555555,56.74303019484979
8/27/2020,2020,8,27,21.08416653,11.17708331,37.76583346,10.32708329,4.668333329,1.118750006,43.02951370833333,4.322530860185186,43.02951370833333
8/28/2020,2020,8,28,21.96791673,12.30291667,41.00250006,4.7304167,7.891666566,1.123750001,19.710069583333336,7.307098672222222,19.710069583333336
8/29/2020,2020,8,29,20.98958325,15.76583336,37.80416679,7.834166725,9.976666629,1.124166667,32.64236135416667,9.23765428611111,32.64236135416667
8/30/2020,2020,8,30,20.63583322,13.78416681,40.4045833,9.848333329,10.70125004,1.116666675,41.03472220416667,9.908564851851851,41.03472220416667
8/31/2020,2020,8,31,19.11624988,13.4329166,39.67458344,10.51750001,13.6812501,1.116666675,43.82291670833333,12.667824166666666,43.82291670833333
09/01/2020,2020,9,1,17.99249995,10.54083334,36.25874988,13.44166667,9.60666663,1.116250008,53.821530765236055,8.895061694444443,53.821530765236055
09/02/2020,2020,9,2,19.05833336,10.50083327,39.67125003,9.379999985,9.282916596,1.117500007,39.083333270833336,8.595293144444444,39.083333270833336
09/03/2020,2020,9,3,20.9979167,13.14999992,36.84083382,9.050416619,14.18458329,1.116250008,37.71006924583334,13.133873416666667,37.71006924583334
09/04/2020,2020,9,4,21.90791663,16.0495834,39.009583,13.95458327,10.73166669,1.116666675,54.900196576394855,9.936728416666668,54.900196576394855
09/05/2020,2020,9,5,23.88208342,17.42749992,50.18521748,10.61833336,6.554615415,1.11500001,44.24305566666667,6.069088347222222,44.24305566666667
09/06/2020,2020,9,6,24.29875,20.89166669,43.59791692,6.579999933,,1.110000014,27.4166663875,,27.4166663875
09/07/2020,2020,9,7,28.33458328,17.00333333,51.94523784,,,1.113750011,,,
09/08/2020,2020,9,8,23.79166651,17.82125012,49.15625,,,1.113750011,,,
09/09/2020,2020,9,9,24.10416683,17.77541673,49.11875041,,,1.110000014,,,
09/10/2020,2020,9,10,24.86041657,17.91541676,52.39500014,,,1.110833347,,,
09/11/2020,2020,9,11,25.64749996,19.00041684,49.2158335,,,1.110000014,,,
09/12/2020,2020,9,12,24.39291668,19.58750002,49.67291641,,,1.110000014,,,
9/13/2020,2020,9,13,24.62625003,18.37958336,45.27541653,,,1.110000014,,,
9/14/2020,2020,9,14,23.87541668,17.99458333,49.02583345,,,1.110000014,,,
9/15/2020,2020,9,15,23.88291677,21.01874991,49.70333322,,,1.110416681,,,
9/16/2020,2020,9,16,24.39458346,20.62666663,48.63333305,,,1.110000014,,,
9/17/2020,2020,9,17,24.64791679,16.44125005,53.25125027,,15.95000045,1.109166682,,14.768518935185185,14.768518935185185
9/18/2020,2020,9,18,23.89874983,18.53666687,50.73249976,5.067499891,4.934999943,1.109583348,21.11458287916667,4.569444391666667,21.11458287916667
9/19/2020,2020,9,19,25.13708321,20.74666647,51.54416672,6.039999902,14.26500012,1.110000014,25.166666258333336,13.208333444444444,25.166666258333336
9/20/2020,2020,9,20,23.84416644,16.65791686,58.15739142,10.50666674,11.03166658,1.110000014,43.77777808333334,10.214506092592591,43.77777808333334
9/21/2020,2020,9,21,24.3641669,16.32208331,54.46083339,7.294583301,10.00208342,1.107916683,30.394097087500004,9.261188351851851,30.394097087500004
9/22/2020,2020,9,22,25.13958335,18.30416671,52.43833343,4.047916596,11.1383332,1.109166682,16.866319150000002,10.31327148148148,16.866319150000002
9/23/2020,2020,9,23,25.01124978,16.86291667,53.63958327,6.680416663,12.35041667,1.111250013,27.83506942916667,11.435570990740741,27.83506942916667
9/24/2020,2020,9,24,25.25083343,14.59833348,50.05863641,6.707499996,14.13208334,1.110833347,27.947916650000003,13.085262351851851,27.947916650000003
9/25/2020,2020,9,25,23.54958351,14.27416678,48.94916677,8.299583366,15.23999994,1.110416681,34.58159735833334,14.111111055555556,34.58159735833334
9/26/2020,2020,9,26,23.88416688,16.27583325,47.2029163,9.442916691,13.02916668,1.108750015,39.345486212500006,12.064043222222221,39.345486212500006
9/27/2020,2020,9,27,23.97874999,15.69708323,48.64250024,9.27958334,10.48958331,1.110416681,38.66493058333334,9.71257713888889,38.66493058333334
9/28/2020,2020,9,28,23.75295833,18.36633333,50.477125,9.223749965,15.799,1.052291667,38.43229152083333,14.628703703703703,38.43229152083333
9/29/2020,2020,9,29,24.53925,16.69408333,53.30583333,11.586375,42.60757895,1.019291667,48.276562500000004,39.45146199074074,48.276562500000004
9/30/2020,2020,9,30,26.35908333,17.376875,51.39683333,8.583291667,14.24429167,1.017166667,35.76371527916667,13.189158953703705,35.76371527916667
10/01/2020,2020,10,1,24.43591667,15.68383333,51.18245833,7.464291667,22.022125,1.016375,31.10121527916667,20.39085648148148,31.10121527916667
10/02/2020,2020,10,2,23.14545833,19.26195833,50.346125,8.700625,60.89971429,1.036583333,36.25260416666667,53.92006060818182,53.92006060818182
10/03/2020,2020,10,3,23.92325,21.63291667,49.32679167,11.92913043,24.61866667,1.0195,49.704710125000005,22.795061731481482,49.704710125000005
10/04/2020,2020,10,4,24.944875,21.15541667,48.80470833,18.92645833,20.94258333,1.018541667,65.35607116609442,19.391280861111113,65.35607116609442
10/05/2020,2020,10,5,24.17966667,18.34820833,49.422875,17.73354167,16.17120833,1.016916667,62.84736231030043,14.973341046296296,62.84736231030043
10/06/2020,2020,10,6,24.258375,22.775375,52.42908333,11.58395833,23.97491667,1.016666667,48.26649304166667,22.198996916666665,48.26649304166667
10/07/2020,2020,10,7,25.11925,16.90416667,54.238625,16.74933333,21.920125,1.018166667,60.7775679472103,20.296412037037037,60.7775679472103
10/08/2020,2020,10,8,24.99804167,17.14095833,51.83125,13.64554167,17.231,1.019333333,54.250280765236056,15.95462962962963,54.250280765236056
10/09/2020,2020,10,9,25.90791667,19.31704167,51.50533333,2.965083333,15.57754167,1.019041667,12.354513887500001,14.423649694444444,14.423649694444444
10/10/2020,2020,10,10,26.26316667,20.195375,56.46858333,3.572208333,17.53475,1.016041667,14.884201387500001,16.23587962962963,16.23587962962963
10/11/2020,2020,10,11,25.87120833,18.54670833,57.78391667,6.88725,24.47395833,1.01725,28.696875000000002,22.661072527777776,28.696875000000002
10/12/2020,2020,10,12,24.07570833,19.27170833,48.45083333,9.450625,25.19691667,1.017833333,39.37760416666667,23.33047839814815,39.37760416666667
10/13/2020,2020,10,13,23.7295,21.33083333,49.567,7.025041667,27.91770833,1.017,29.271006945833335,25.849729935185184,29.271006945833335
10/14/2020,2020,10,14,24.32416667,21.55225,54.07066667,9.6985,23.766625,1.017458333,40.41041666666666,22.00613425925926,40.41041666666666
10/15/2020,2020,10,15,25.21041667,18.8255,51.70329167,16.78908333,25.53665217,1.0165,60.86116236781116,23.645048305555555,60.86116236781116
10/16/2020,2020,10,16,25.433,18.63345833,58.110125,12.208,30.807,1.016833333,51.22712446351932,28.525,51.22712446351932
10/17/2020,2020,10,17,24.93770833,26.10404167,46.12841667,12.98917391,20.126625,1.01525,52.869936548927036,18.63576388888889,52.869936548927036
10/18/2020,2020,10,18,25.054375,14.98095833,56.39658333,15.66066667,19.91654167,1.015708333,58.4880972888412,18.44124228703704,58.4880972888412
10/19/2020,2020,10,19,25.126125,15.92429167,50.96508333,4.088791667,25.18325,1.016708333,17.036631945833335,23.317824074074075,23.317824074074075
10/20/2020,2020,10,20,26.11758333,20.106375,50.33241667,4.767666667,23.80575,1.017583333,19.865277779166668,22.04236111111111,22.04236111111111
10/21/2020,2020,10,21,26.35689474,19.78505263,57.61826316,5.88225,19.82921053,1.019526316,24.509375000000002,18.360380120370372,24.509375000000002
10/22/2020,2020,10,22,26.95220833,16.370125,54.79030435,8.026578947,25.5865,1.014125,33.44407894583334,23.691203703703703,33.44407894583334
10/23/2020,2020,10,23,24.529,18.49508333,48.07508333,10.24108333,50.08645833,1.014916667,42.67118054166667,46.376350305555555,46.376350305555555
10/24/2020,2020,10,24,23.29208333,15.600125,50.86175,4.288083333,54.04504167,1.014583333,17.867013887500004,,17.867013887500004
10/25/2020,2020,10,25,24.27145833,18.245125,51.85395833,4.3425,53.5365,1.030583333,18.093750000000004,49.57083333333333,49.57083333333333
10/26/2020,2020,10,26,25.53016667,16.7235,53.66870833,8.520208333,51.24686957,1.015208333,35.500868054166666,47.45080515740741,47.45080515740741
10/27/2020,2020,10,27,24.97425,20.4075,48.49145833,7.216875,30.18725,0.781391304,30.070312500000004,27.951157407407408,30.070312500000004
10/28/2020,2020,10,28,24.79441667,18.919875,54.028125,9.297291667,14.37675,0.337541667,38.73871527916667,13.311805555555555,38.73871527916667
10/29/2020,2020,10,29,23.86333333,18.16233333,50.804625,14.595875,15.79483333,0.338625,56.24883583690987,14.624845675925926,56.24883583690987
10/30/2020,2020,10,30,24.61270833,17.622,51.97795833,15.815,6.772,0.340333333,58.81266094420601,6.270370370370371,58.81266094420601
10/31/2020,2020,10,31,23.8095,21.0935,51.414625,7.285208333,14.171125,0.338416667,30.355034720833334,13.121412037037038,30.355034720833334
11/01/2020,2020,11,1,24.672375,19.863125,52.0005,13.96233333,4.946782609,0.338583333,54.91649498583691,4.580354267592593,54.91649498583691
11/02/2020,2020,11,2,25.64575,20.52129167,54.20820833,4.776695652,10.240375,0.337791667,19.90289855,9.481828703703703,19.90289855
11/03/2020,2020,11,3,24.63470833,20.177125,52.253625,10.42508333,6.695416667,0.339,43.43784720833334,6.199459876851852,43.43784720833334
11/04/2020,2020,11,4,25.08683333,19.46758333,54.443125,6.623583333,0.0,0.338333333,27.598263887500003,0.0,27.598263887500003
11/05/2020,2020,11,5,24.71395833,17.13616667,48.49891667,0.109041667,0.0,0.338291667,0.4543402791666667,0.0,0.4543402791666667
11/06/2020,2020,11,6,25.188875,22.04304167,48.469125,0.1105,0.0,0.338375,0.4604166666666667,0.0,0.4604166666666667
11/07/2020,2020,11,7,25.2325,19.64645833,52.94054167,0.109291667,0.0,0.338333333,0.45538194583333336,0.0,0.45538194583333336
11/08/2020,2020,11,8,25.38554167,18.78425,52.09504167,0.108833333,0.0,0.338541667,0.4534722208333334,0.0,0.4534722208333334
11/09/2020,2020,11,9,31.246,12.64242857,54.75714286,0.11,0.4785,0.3361,0.45833333333333337,0.44305555555555554,0.45833333333333337
11/10/2020,2020,11,10,27.829,25.46366667,50.30811111,1.006166667,8.620333333,0.338458333,4.1923611125,7.981790123148148,7.981790123148148
11/11/2020,2020,11,11,23.74066667,19.2555,54.82241667,9.714916667,26.648875,0.339291667,40.47881944583334,24.674884259259258,40.47881944583334
11/12/2020,2020,11,12,24.51183333,17.612875,50.694125,26.584125,19.694,0.340541667,81.46017703862661,18.235185185185184,81.46017703862661
11/13/2020,2020,11,13,24.33791667,19.42054167,50.13629167,19.39154167,12.17620833,0.338541667,66.33414342618026,11.274266972222222,66.33414342618026
11/14/2020,2020,11,14,24.205125,21.39445833,47.74804167,11.88875,9.7065,0.339333333,49.536458333333336,8.9875,49.536458333333336
11/15/2020,2020,11,15,24.12279167,23.25208333,50.28833333,9.5535,25.19770833,0.33925,39.80625,23.33121141666667,39.80625
11/16/2020,2020,11,16,24.12954167,21.02520833,51.87529167,24.63716667,22.243125,0.338166667,77.36571531459228,20.59548611111111,77.36571531459228
11/17/2020,2020,11,17,24.68383333,20.90525,53.71291667,21.75766667,23.41320833,0.338041667,71.31011445622318,21.67889660185185,71.31011445622318
11/18/2020,2020,11,18,24.52845833,22.36629167,48.53241667,22.88616667,13.195625,0.337958333,73.68335479957082,12.218171296296296,73.68335479957082
11/19/2020,2020,11,19,24.056125,22.896125,48.73795833,12.87354167,18.75275,0.338208333,52.62676145193133,17.363657407407405,52.62676145193133
11/20/2020,2020,11,20,22.963375,20.074375,53.83483333,18.64725,9.816375,0.339041667,64.76889484978541,9.089236111111111,64.76889484978541
11/21/2020,2020,11,21,23.32183333,23.17695833,51.242625,9.558041667,14.00908333,0.338375,39.8251736125,12.971373453703704,39.8251736125
11/22/2020,2020,11,22,23.507375,24.48733333,53.74620833,13.59979167,12.38616667,0.338416667,54.15406831888412,11.468672842592593,54.15406831888412
11/23/2020,2020,11,23,24.46558333,22.85258333,52.97270833,11.986125,27.4866087,0.338916667,49.9421875,25.45056361111111,49.9421875
11/24/2020,2020,11,24,25.04145833,25.00795833,53.67945833,26.79873913,22.8533913,0.340083333,81.9115114751073,21.1605475,81.9115114751073
11/25/2020,2020,11,25,24.421375,23.978125,54.7935,22.33569565,15.676875,0.339666667,72.52571188197426,14.515625,72.52571188197426
11/26/2020,2020,11,26,23.95033333,20.474375,48.30445833,15.37166667,9.3655,0.3385,57.880329048497856,8.671759259259261,57.880329048497856
11/27/2020,2020,11,27,23.263875,20.88966667,51.57741667,9.254125,8.112041667,0.337583333,38.55885416666667,7.511149691666667,38.55885416666667
11/28/2020,2020,11,28,24.188,27.433125,51.83541667,8.074333333,29.180125,0.339125,33.64305555416667,27.018634259259258,33.64305555416667
11/29/2020,2020,11,29,23.95345833,28.3845,55.02683333,28.77783333,33.604875,0.339,86.07355507167382,31.115625,86.07355507167382
11/30/2020,2020,11,30,23.45483333,25.13041667,51.38925,32.89583333,27.83470833,0.33875,94.73372674549357,25.772878083333335,94.73372674549357
12/01/2020,2020,12,1,24.60625,23.01608333,50.904125,27.106125,21.72233333,0.3385,82.55794527896995,20.113271601851853,82.55794527896995
12/02/2020,2020,12,2,23.689625,24.50604167,52.22625,21.14579167,21.941625,0.338416667,70.02333870515022,20.316319444444442,70.02333870515022
12/03/2020,2020,12,3,25.47470833,22.634625,53.72104167,21.41116667,17.18595833,0.338166667,70.58142346909872,15.912924379629628,70.58142346909872
12/04/2020,2020,12,4,24.40791667,27.32845833,49.583125,16.83095833,23.18633333,0.33825,60.949225672532194,21.468827157407407,60.949225672532194
12/05/2020,2020,12,5,23.61345833,23.06304167,48.96354167,22.73283333,8.670208333,0.337875,73.36089412746782,8.027970678703703,73.36089412746782
12/06/2020,2020,12,6,24.108375,24.071875,53.77325,8.669416667,24.55378261,0.33875,36.122569445833335,22.734983898148148,36.122569445833335
12/07/2020,2020,12,7,24.428125,26.00683333,48.99075,26.97943478,19.11091667,0.337708333,82.29151520257511,17.695293212962966,82.29151520257511
12/08/2020,2020,12,8,23.31670833,21.02479167,54.33433333,18.846375,15.29475,0.338083333,65.18765557939915,14.161805555555556,65.18765557939915
12/09/2020,2020,12,9,19.32483333,17.50583333,41.62658333,15.23233333,13.64466667,0.340458333,57.587310436480685,12.63395062037037,57.587310436480685
12/10/2020,2020,12,10,20.93516667,16.85479167,42.24241667,13.38979167,8.405041667,0.34175,53.71243741759657,7.782445987962964,53.71243741759657
12/11/2020,2020,12,11,22.13770833,18.94379167,44.43408333,8.397541667,11.68779167,0.340916667,34.989756945833335,10.822029324074073,34.989756945833335
12/12/2020,2020,12,12,21.58695833,19.79041667,48.838375,11.75975,9.556416667,0.341625,48.99895833333334,8.848533950925926,48.99895833333334
12/13/2020,2020,12,13,19.713,21.40141667,38.82579167,9.335583333,9.774291667,0.342166667,38.89826388750001,9.050270062037036,38.89826388750001
12/14/2020,2020,12,14,19.09520833,20.69433333,39.81204167,9.595708333,11.59758333,0.342583333,39.98211805416667,10.738503083333335,39.98211805416667
12/15/2020,2020,12,15,19.24545833,22.92483333,40.39516667,11.27820833,11.340875,0.342458333,46.99253470833334,10.500810185185186,46.99253470833334
12/16/2020,2020,12,16,22.04670833,22.15241667,43.51395833,11.003625,6.119,0.34125,45.8484375,5.66574074074074,45.8484375
12/17/2020,2020,12,17,21.36391667,19.34554167,40.72333333,6.094041667,4.705041667,0.3415,25.39184027916667,4.356520062037037,25.39184027916667
12/18/2020,2020,12,18,20.43429167,21.26083333,43.72033333,4.904833333,10.27108333,0.341625,20.436805554166668,9.510262342592592,20.436805554166668
12/19/2020,2020,12,19,21.99456522,22.19947826,46.65430435,10.13304167,13.30256522,0.34073913,42.22100695833334,12.317190018518518,42.22100695833334
12/20/2020,2020,12,20,18.87395833,20.62370833,40.44525,14.79421739,11.467,0.341708333,56.665950734334764,10.617592592592594,56.665950734334764
12/21/2020,2020,12,21,20.295875,15.86016667,41.94608333,11.18179167,14.179125,0.340041667,46.590798625000005,13.128819444444446,46.590798625000005
12/22/2020,2020,12,22,20.923625,16.16566667,42.48504167,13.84908333,24.051,0.341875,54.678329749785405,22.269444444444442,54.678329749785405
12/23/2020,2020,12,23,19.635125,14.88883333,42.48241667,23.42177778,,0.339833333,74.80974726266095,,74.80974726266095
12/24/2020,2020,12,24,23.216625,22.89420833,47.30616667,,,0.340041667,,,
12/25/2020,2020,12,25,23.08033333,19.97116667,46.988375,,,0.340958333,,,
12/26/2020,2020,12,26,20.531125,18.508375,39.87075,,,0.34,,,
12/27/2020,2020,12,27,20.55133333,20.468875,40.89029167,,,0.340041667,,,
12/28/2020,2020,12,28,20.07335,12.43385714,47.24752381,,10.86732977,0.332208333,,10.06234237962963,10.06234237962963
12/29/2020,2020,12,29,,,,,,,,,
12/30/2020,2020,12,30,,,,,,,,,
12/31/2020,2020,12,31,,,,,,,,,
01/01/2021,2021,1,1,23.203625,15.43958333,41.8715,8.25075,35.65758333,0.33675,34.378125000000004,33.01628086111111,34.378125000000004
01/02/2021,2021,1,2,23.564875,18.78529167,41.012375,8.605166667,44.66366667,0.337958333,35.854861112500004,41.355246916666665,41.355246916666665
01/03/2021,2021,1,3,22.60033333,22.77029167,40.9725,12.893875,40.40145833,0.339375,52.66952253218884,37.40875771296296,52.66952253218884
01/04/2021,2021,1,4,19.42016667,23.35904167,39.13658333,7.665,22.38375,0.341041667,31.937500000000004,20.725694444444443,31.937500000000004
01/05/2021,2021,1,5,19.16708333,18.27004167,43.4455,,,0.342375,,,
01/06/2021,2021,1,6,19.92404167,20.003625,39.42829167,,,0.339083333,,,
01/07/2021,2021,1,7,19.89691667,20.02566667,43.19725,,,0.340583333,,,
01/08/2021,2021,1,8,19.362125,18.61133333,41.88441667,,,0.340708333,,,
01/09/2021,2021,1,9,19.2845,19.37275,40.272125,,,0.340583333,,,
01/10/2021,2021,1,10,19.13354167,17.54954167,39.42895833,,,0.340333333,,,
01/11/2021,2021,1,11,20.02404167,26.06108333,42.226125,,,0.340041667,,,
01/12/2021,2021,1,12,20.29516667,24.458875,41.277125,,,0.340291667,,,
1/13/2021,2021,1,13,20.703625,23.52441667,39.99125,,,0.341291667,,,
1/14/2021,2021,1,14,20.34054167,23.96875,42.37883333,,,0.339791667,,,
1/15/2021,2021,1,15,20.33970833,20.35820833,43.844125,,,0.339625,,,
1/16/2021,2021,1,16,20.13570833,20.61708333,41.71545833,,,0.341,,,
1/17/2021,2021,1,17,20.19616667,17.200125,43.57970833,,,0.340291667,,,
1/18/2021,2021,1,18,21.42625,18.78341667,46.01875,,,0.339375,,,
1/19/2021,2021,1,19,20.56258333,21.64725,45.45704167,,,0.338958333,,,
1/20/2021,2021,1,20,21.69833333,24.15320833,42.30175,,,0.339291667,,,
1/21/2021,2021,1,21,22.627875,21.20695833,45.88645833,,,0.339458333,,,
1/22/2021,2021,1,22,23.52133333,20.16666667,50.41883333,,,0.340166667,,,
1/23/2021,2021,1,23,24.89304167,24.28283333,51.29070833,,,0.34025,,,
1/24/2021,2021,1,24,26.58161538,26.41953846,52.36146154,,,0.342307692,,,
1/25/2021,2021,1,25,24.09666667,25.39879167,53.59029167,,,0.340166667,,,
1/26/2021,2021,1,26,24.27129167,25.31345833,51.46020833,,,0.339375,,,
1/27/2021,2021,1,27,25.39170833,24.95729167,55.63745833,,,0.340541667,,,
1/28/2021,2021,1,28,25.26771429,26.12614286,58.86604762,11.3184,8.9586,0.225791667,47.160000000000004,8.295,47.160000000000004
1/29/2021,2021,1,29,17.918875,25.64195833,64.73079167,4.082666667,3.01475,0.0,17.0111111125,2.791435185185185,17.0111111125
1/30/2021,2021,1,30,15.727125,24.30225,63.82575,6.635833333,6.177291667,0.0,27.64930555416667,5.719714506481482,27.64930555416667
1/31/2021,2021,1,31,15.315375,24.275125,53.66658333,9.499958333,9.467041667,0.0,39.583159720833336,8.765779321296296,39.583159720833336
02/01/2021,2021,2,1,15.14733333,25.640125,49.647875,14.65508333,15.01541667,0.0,56.37335120901288,13.903163583333335,56.37335120901288
02/02/2021,2021,2,2,16.24629167,30.37995833,50.836875,22.15170833,22.633625,0.0,72.13878575836911,20.957060185185185,72.13878575836911
02/03/2021,2021,2,3,15.44233333,26.62716667,49.375625,9.906416667,10.030375,0.0,41.276736112500004,9.287384259259259,41.276736112500004
02/04/2021,2021,2,4,15.09391667,24.92395833,50.58358333,11.1185,11.33354167,0.0,46.327083333333334,10.494020064814816,46.327083333333334
02/05/2021,2021,2,5,15.06445833,24.12545833,49.709375,15.31175,15.616625,0.0,57.754324034334765,14.459837962962963,57.754324034334765
02/06/2021,2021,2,6,15.57033333,26.31570833,49.06104167,14.18170833,14.59841667,0.0,55.377841552360515,13.517052472222224,55.377841552360515
02/07/2021,2021,2,7,16.48716667,25.4485,51.99716667,14.59166667,14.949625,0.0,56.23998570085837,13.84224537037037,56.23998570085837
02/08/2021,2021,2,8,16.53308333,24.94454167,49.20566667,10.60195833,10.84279167,0.0,44.174826375,10.039621916666666,44.174826375
02/09/2021,2021,2,9,16.12554167,25.70691667,50.58308333,7.418166667,7.573291667,0.0,30.90902777916667,7.012307099074074,30.90902777916667
02/10/2021,2021,2,10,15.60416667,25.09541667,50.505625,6.240458333,6.392625,0.0,26.001909720833336,5.919097222222222,26.001909720833336
02/11/2021,2021,2,11,17.70770833,21.74166667,55.25233333,7.744,7.985791667,0.0,32.266666666666666,7.394251543518519,32.266666666666666
02/12/2021,2021,2,12,17.91233333,18.51633333,59.39075,6.517333333,6.684291667,0.0,27.155555554166668,6.189158950925926,27.155555554166668
2/13/2021,2021,2,13,16.96533333,24.08020833,58.65379167,14.36508333,14.60341667,0.0,55.76347996437768,13.521682101851852,55.76347996437768
2/14/2021,2021,2,14,17.14404167,24.124125,57.318375,17.52354167,17.82495833,0.0,62.40573140901288,16.504591046296298,62.40573140901288
2/15/2021,2021,2,15,16.8385,26.77004167,54.81154167,14.88891667,15.18358333,0.0,56.86510372660945,14.058873453703702,56.86510372660945
2/16/2021,2021,2,16,16.46541667,27.14558333,56.306375,9.62725,9.758083333,0.0,40.11354166666667,9.03526234537037,40.11354166666667
2/17/2021,2021,2,17,16.14220833,23.12116667,55.94416667,11.65520833,11.94391667,0.0,48.56336804166667,11.059182101851851,48.56336804166667
2/18/2021,2021,2,18,18.31854167,22.666375,60.05479167,7.746625,7.772958333,0.0,32.27760416666667,7.197183641666666,32.27760416666667
2/19/2021,2021,2,19,15.62575,23.853375,58.83429167,7.430708333,7.476,0.0,30.961284720833337,6.9222222222222225,30.961284720833337
2/20/2021,2021,2,20,15.25016667,23.897625,55.71716667,13.683875,13.94945833,0.0,54.330895922746784,12.916165120370371,54.330895922746784
2/21/2021,2021,2,21,15.56408333,22.27891667,53.97166667,20.75875,21.14533333,0.0,69.20938841201718,19.57901234259259,69.20938841201718
2/22/2021,2021,2,22,16.90870833,23.44341667,55.75654167,21.419625,21.97116667,0.0,70.59921137339056,20.343672842592593,70.59921137339056
2/23/2021,2021,2,23,17.418125,28.628875,55.34175,26.78141667,27.69483333,0.0,81.87508226738197,25.643364194444445,81.87508226738197
2/24/2021,2021,2,24,17.54825,26.16183333,53.255,11.852,12.26258333,0.0,49.38333333333334,11.354243824074073,49.38333333333334
2/25/2021,2021,2,25,17.433375,22.371,55.3625,10.44608333,10.67220833,0.0,43.525347208333336,9.88167437962963,43.525347208333336
2/26/2021,2021,2,26,18.67891667,22.88283333,55.16525,17.31741667,17.720125,0.0,61.97224964935623,16.407523148148147,61.97224964935623
2/27/2021,2021,2,27,18.378875,23.16770833,54.426625,18.28808333,18.756375,0.0,64.01356580128756,17.367013888888888,64.01356580128756
2/28/2021,2021,2,28,17.42391667,21.15866667,51.09533333,12.175625,12.272625,0.0,51.15903969957082,11.363541666666666,51.15903969957082
03/01/2021,2021,3,1,16.97408333,24.31720833,50.65341667,11.762125,11.957125,0.0,49.008854166666666,11.071412037037037,49.008854166666666
03/02/2021,2021,3,2,18.000875,23.37141667,53.70333333,12.57570833,12.92158333,0.0,52.00041665965665,11.96442900925926,52.00041665965665
03/03/2021,2021,3,3,17.596875,22.36379167,50.31825,9.004833333,9.195875,0.0,37.5201388875,8.514699074074073,37.5201388875
03/04/2021,2021,3,4,17.2745,26.05354167,51.84429167,11.9305,12.14954167,0.0,49.710416666666674,11.24957562037037,49.710416666666674
03/05/2021,2021,3,5,17.32508333,26.01479167,54.73779167,15.05320833,15.380375,0.0,57.21060979270386,14.241087962962963,57.21060979270386
03/06/2021,2021,3,6,17.178625,26.19704167,54.96691667,19.44370833,19.85479167,0.0,66.44385013605151,18.384066361111113,66.44385013605151
03/07/2021,2021,3,7,16.72605882,27.26658824,52.28047059,24.47582353,22.73111765,0.0,77.02640999871245,21.04733115740741,77.02640999871245
03/08/2021,2021,3,8,17.27275,25.552875,57.74166667,19.57408333,20.024,0.0,66.71802932060086,18.54074074074074,66.71802932060086
03/09/2021,2021,3,9,16.567125,26.810125,53.68575,18.75920833,19.3845,0.0,65.00434369828326,17.94861111111111,65.00434369828326
03/10/2021,2021,3,10,16.24858333,24.79125,55.87704167,16.61479167,16.98958333,0.0,60.494626258798284,15.731095675925925,60.494626258798284
03/11/2021,2021,3,11,16.4485,25.21583333,54.213375,13.40633333,13.91779167,0.0,53.74722459957082,12.886844138888888,53.74722459957082
03/12/2021,2021,3,12,17.26075,22.01829167,53.99120833,17.13366667,17.629875,0.0,61.585822610729615,16.323958333333334,61.585822610729615
3/13/2021,2021,3,13,16.684125,25.01770833,56.58733333,16.38483333,16.99154167,0.0,60.01102288283262,15.732908953703705,60.01102288283262
3/14/2021,2021,3,14,17.05754167,22.05720833,56.7415,16.68425,17.190125,0.0,60.64069742489271,15.916782407407405,60.64069742489271
3/15/2021,2021,3,15,17.62408333,22.03179167,56.3855,13.9845,14.29558333,0.0,54.96311158798284,13.236651231481481,54.96311158798284
3/16/2021,2021,3,16,17.50875,25.60558333,52.04445833,14.41429167,14.84204167,0.0,55.86696531459228,13.742631175925926,55.86696531459228
3/17/2021,2021,3,17,18.20475,24.43166667,55.21075,17.228625,17.68579167,0.0,61.7855203862661,16.375733027777777,61.7855203862661
3/18/2021,2021,3,18,22.28068421,34.45842857,50.88238889,19.751375,19.264875,0.0,67.09087446351931,17.837847222222223,67.09087446351931
3/19/2021,2021,3,19,17.95079167,29.62545833,46.83083333,9.234958333,9.110375,0.0,38.47899305416667,8.435532407407408,38.47899305416667
3/20/2021,2021,3,20,18.17610526,27.16484211,48.91405263,7.901789474,7.634578947,0.179210526,32.92412280833334,7.069054580555555,32.92412280833334
3/21/2021,2021,3,21,17.05372222,25.23172222,45.10238889,4.265947368,3.854789474,0.34,17.7747807,3.569249512962963,17.7747807
3/22/2021,2021,3,22,19.62866667,31.20033333,44.29894444,12.55758333,11.6705,0.339916667,51.96229970686695,10.806018518518519,51.96229970686695
3/23/2021,2021,3,23,16.838375,21.96908333,49.00745833,22.10729167,20.17370833,0.339958333,72.04537733175965,18.679359564814813,72.04537733175965
3/24/2021,2021,3,24,16.26783333,22.11033333,52.40166667,24.55879167,21.39573913,0.340291667,77.20089235321889,19.810869564814816,77.20089235321889
3/25/2021,2021,3,25,15.5315,26.59105556,48.40741176,21.01241667,20.82058333,0.340708333,69.74285050772532,19.27831789814815,69.74285050772532
3/26/2021,2021,3,26,16.124625,22.22454167,52.180125,33.94791667,33.939,0.340416667,96.9462625248927,31.425,96.9462625248927
3/27/2021,2021,3,27,15.97775,23.153125,49.26104167,23.97245833,26.26866667,0.339958333,75.96783082274678,24.32283950925926,75.96783082274678
3/28/2021,2021,3,28,16.215,20.203875,47.32191667,33.27541667,35.10583333,0.339708333,95.5319921386266,32.505401231481486,95.5319921386266
3/29/2021,2021,3,29,16.34175,18.47683333,46.30625,32.329125,34.09620833,0.33925,93.54193669527896,31.570563268518523,93.54193669527896
3/30/2021,2021,3,30,16.04068182,24.46578261,43.64554545,24.67504167,26.07575,0.33975,77.44536660214592,24.144212962962964,77.44536660214592
3/31/2021,2021,3,31,16.15654167,20.36441667,45.448625,23.95504167,25.17308333,0.339166667,75.93120351201716,23.30841049074074,75.93120351201716
04/01/2021,2021,4,1,15.99208333,19.61116667,45.20775,24.647375,25.98491667,0.338875,77.38718347639485,24.06010802777778,77.38718347639485
04/02/2021,2021,4,2,20.88916675,18.83416649,53.51958338,9.303333317,9.390416717,1.108333349,38.76388882083334,8.69483029351852,38.76388882083334
04/03/2021,2021,4,3,20.68833351,21.38166654,50.99166648,14.36416662,14.5737501,1.112500012,55.76155211931331,13.494213055555555,55.76155211931331
04/04/2021,2021,4,4,20.53875001,22.63083327,46.6312499,11.75458333,11.8195833,1.114615395,48.97743054166667,10.94405861111111,48.97743054166667
04/05/2021,2021,4,5,21.10666672,17.63250005,49.60333379,7.575833385,7.637916657,,31.565972437500005,7.072145052777778,31.565972437500005
04/06/2021,2021,4,6,24.29958336,13.26166674,57.68181879,4.757391326,4.383478202,1.110000014,19.822463858333332,4.058776112962963,19.822463858333332
04/07/2021,2021,4,7,24.16250006,16.73083345,55.70500008,7.142916669,7.294166704,1.110000014,29.762152787500003,6.75385805925926,29.762152787500003
04/08/2021,2021,4,8,20.76416683,18.09750017,55.96291685,9.22541668,9.441249967,1.110000014,38.439236166666674,8.741898117592592,38.439236166666674
04/09/2021,2021,4,9,20.6291666,17.82708347,47.93041643,5.621250011,5.639583354,1.110833347,23.421875045833335,5.2218364388888885,23.421875045833335
04/10/2021,2021,4,10,21.49666667,16.94291663,53.84625022,8.16958336,8.232916648,1.107500017,34.03993066666667,7.62307097037037,34.03993066666667
04/11/2021,2021,4,11,21.76125002,20.53208315,53.01458311,10.17333335,10.32958321,1.110416681,42.38888895833334,9.564428898148147,42.38888895833334
04/12/2021,2021,4,12,23.6566666,18.00708326,53.14333344,11.22958329,11.38958327,1.109166682,46.789930375000004,10.545910435185185,46.789930375000004
4/13/2021,2021,4,13,20.83291666,14.36583348,50.49791686,7.914166684,7.957083397,1.110000014,32.975694516666664,7.367669812037037,32.975694516666664
4/14/2021,2021,4,14,21.77416678,19.89916678,49.54166651,9.480000031,9.52041664,1.110416681,39.500000129166665,8.815200592592593,39.500000129166665
4/15/2021,2021,4,15,24.28666671,19.97833365,59.26954477,8.857083383,8.841250064,1.109166682,36.90451409583334,8.186342651851852,36.90451409583334
4/16/2021,2021,4,16,21.13999995,18.76458323,55.32499981,10.26791674,10.3425,1.110000014,42.782986416666674,9.576388888888888,42.782986416666674
4/17/2021,2021,4,17,20.66291658,18.43375015,51.19583368,8.774583183,8.825833379,1.111666679,36.560763262500004,8.172067943518519,36.560763262500004
4/18/2021,2021,4,18,20.52625004,18.07999984,49.10375007,8.265833393,8.118333355,1.130833348,34.44097247083333,7.516975328703705,34.44097247083333
4/19/2021,2021,4,19,22.21208342,16.6920832,49.84375016,6.015000097,5.990000084,1.115833342,25.062500404166666,5.546296374074074,25.062500404166666
4/20/2021,2021,4,20,23.51125018,17.46833354,50.42217387,6.681666737,6.372916736,1.120416681,27.840278070833335,5.90084882962963,27.840278070833335
4/21/2021,2021,4,21,21.34750001,19.39291684,51.90833314,7.721249968,7.762083362,1.111666679,32.17187486666667,7.187114224074074,32.17187486666667
4/22/2021,2021,4,22,21.45374997,19.86125012,50.49666659,10.99249999,11.13999998,1.110000014,45.80208329166667,10.314814796296297,45.80208329166667
4/23/2021,2021,4,23,21.79250002,19.6516666,53.64250024,8.589166696,8.740833327,1.111250013,35.78819456666667,8.093364191666668,35.78819456666667
4/24/2021,2021,4,24,21.88249993,17.4916666,49.24583371,4.829583359,4.970416615,1.107500017,20.123263995833334,4.602237606481482,20.123263995833334
4/25/2021,2021,4,25,23.49624999,18.00333329,57.3939131,6.528695669,6.073043494,1.106956539,27.202898620833338,5.62318842037037,27.202898620833338
4/26/2021,2021,4,26,23.10708316,17.62958336,55.98750003,9.977916698,10.10999994,1.095000029,41.574652908333334,9.361111055555556,41.574652908333334
4/27/2021,2021,4,27,21.5958333,16.73999989,55.93416691,11.37125005,11.49916656,1.109583348,47.38020854166667,10.647376444444445,47.38020854166667
4/28/2021,2021,4,28,21.80458331,18.93125006,50.83708382,8.810833221,8.917083343,1.108333349,36.7118050875,8.256558650925927,36.7118050875
4/29/2021,2021,4,29,22.42916648,19.55249981,54.44958337,7.040416708,7.039999957,1.108333349,29.335069616666672,6.518518478703704,29.335069616666672
4/30/2021,2021,4,30,24.93833343,18.9845833,56.07583348,8.429583321,8.529166718,1.108750015,35.123263837500005,7.897376590740741,35.123263837500005
05/01/2021,2021,5,1,24.26749984,17.96500003,50.98666636,4.724583328,4.752916691,1.108750015,19.685763866666665,4.400848787962963,19.685763866666665
05/02/2021,2021,5,2,21.63166674,17.00250006,51.97291708,3.97375002,3.914583345,1.109583348,16.55729175,3.6246142083333335,16.55729175
05/03/2021,2021,5,3,22.52083333,16.6958334,50.64583365,6.781666701,6.344166649,1.142083342,28.2569445875,5.8742283787037035,28.2569445875
05/04/2021,2021,5,4,23.43374976,17.49291662,49.36333338,6.554166637,6.584166703,1.108333349,27.309027654166666,6.096450650925926,27.309027654166666
05/05/2021,2021,5,5,22.16249998,19.17749989,51.9133331,8.295416693,8.339166688,1.111250013,34.56423622083334,7.721450637037037,34.56423622083334
05/06/2021,2021,5,6,21.43624989,19.72333328,49.50958347,10.12375001,10.33708337,1.109166682,42.18229170833334,9.571373490740742,42.18229170833334
05/07/2021,2021,5,7,21.11541653,17.01583358,48.38041655,8.068333395,8.091666669,1.110416681,33.6180558125,7.492283952777778,33.6180558125
05/08/2021,2021,5,8,21.56916666,17.04875012,49.90749995,7.261250009,7.094583253,1.111250013,30.255208370833337,6.5690585675925925,30.255208370833337
05/09/2021,2021,5,9,21.50500011,16.66916656,48.81625001,6.095416668,6.202500043,1.108750015,25.397569450000002,5.74305559537037,25.397569450000002
05/10/2021,2021,5,10,21.99708343,16.16250006,58.49749947,5.782083303,5.830833361,1.105000019,24.092013762500002,5.3989197787037035,24.092013762500002
05/11/2021,2021,5,11,22.09874996,15.44749995,49.00333341,3.840833311,3.78791667,1.107500017,16.003472129166667,3.50733025,16.003472129166667
05/12/2021,2021,5,12,23.66166647,19.14333336,53.85125001,4.990416711,5.036249955,1.108750015,20.7934029625,4.663194402777777,20.7934029625
5/13/2021,2021,5,13,22.13666685,18.77916666,52.00583331,7.748749991,7.722916742,1.110416681,32.286458295833334,7.150848835185185,32.286458295833334
5/14/2021,2021,5,14,20.73238091,18.43952388,42.75809488,14.69333326,14.73000016,1.065454553,56.45379097596567,13.638889037037037,56.45379097596567
5/15/2021,2021,5,15,18.67458324,12.32416658,40.28958337,13.22708324,13.18458332,,53.370260890987126,12.207947518518518,53.370260890987126
5/16/2021,2021,5,16,19.37916668,10.84083335,45.10291664,6.990416683,6.933333303,,29.12673617916667,6.419753058333334,29.12673617916667
5/17/2021,2021,5,17,20.49250023,12.46083329,44.97304344,7.500416674,7.529166609,,31.25173614166667,6.971450563888888,31.25173614166667
5/18/2021,2021,5,18,20.99869554,14.36304341,44.74499997,9.39624998,8.606249931,1.107999998,39.15104158333334,7.968749936111112,39.15104158333334
5/19/2021,2021,5,19,19.86374994,14.47083326,44.35333339,9.260833204,9.397083335,1.120833337,38.58680501666667,8.701003087962963,38.58680501666667
5/20/2021,2021,5,20,19.49208327,14.6266667,40.85791667,9.222916802,9.38124992,1.120416671,38.42882000833334,8.686342518518519,38.42882000833334
5/21/2021,2021,5,21,20.93999994,15.50666672,44.51272713,9.145833279,9.166666567,1.122500002,38.1076386625,8.487654228703704,38.1076386625
5/22/2021,2021,5,22,22.45958328,15.07041649,48.74739133,7.436249944,7.457083295,1.120000005,30.98437476666667,6.90470675462963,30.98437476666667
5/23/2021,2021,5,23,20.42624994,14.36291651,40.56999995,6.546666717,6.637083257,1.124166667,27.277777987500002,6.145447460185185,27.277777987500002
5/24/2021,2021,5,24,19.65541665,15.50666664,40.18916678,6.927083358,6.964999944,1.121250004,28.862847325,6.449074022222222,28.862847325
5/25/2021,2021,5,25,22.37649989,13.42550011,53.03823538,12.16105263,12.1694738,1.183499998,51.12839394291846,11.268031296296297,51.12839394291846
5/26/2021,2021,5,26,19.94041661,12.6966666,39.12833329,10.44666669,10.52791676,1.119583338,43.527777875000005,9.748071074074074,43.527777875000005
5/27/2021,2021,5,27,19.52083333,12.23874988,37.85041642,9.557083299,9.716250037,1.118750006,39.821180412500006,8.996527812037037,39.821180412500006
5/28/2021,2021,5,28,19.38,12.45749984,35.44916662,11.07333344,11.14124991,1.112916678,46.13888933333334,10.31597213888889,46.13888933333334
5/29/2021,2021,5,29,19.46333345,12.12666672,36.39833339,10.41291657,10.53999998,1.11833334,43.38715237500001,9.75925924074074,43.38715237500001
5/30/2021,2021,5,30,19.10041674,12.79000006,35.83583371,14.83086946,13.84695656,1.135416677,56.74303019484979,12.821256074074075,56.74303019484979
5/31/2021,2021,5,31,19.04541671,10.14291666,34.62416673,10.32708329,10.66624989,1.12166667,43.02951370833333,9.876157305555555,43.02951370833333
06/01/2021,2021,6,1,21.08416653,11.17708331,37.76583346,4.7304167,4.668333329,1.118750006,19.710069583333336,4.322530860185186,19.710069583333336
06/02/2021,2021,6,2,22.08166671,12.36458331,41.28250003,7.737500049,7.788333232,1.123750001,32.2395835375,7.21141965925926,32.2395835375
06/03/2021,2021,6,3,20.89041654,15.96708339,38.14291684,9.954583337,10.09624996,1.123750001,41.47743057083334,9.348379592592593,41.47743057083334
06/04/2021,2021,6,4,20.69374994,14.05000011,39.88833332,10.73291668,10.9154167,1.117083341,44.720486166666674,10.106867314814815,44.720486166666674
06/05/2021,2021,6,5,19.10565202,12.84304341,40.09739138,13.55652174,13.80173924,1.116521747,54.06307147038627,12.779388185185185,54.06307147038627
06/06/2021,2021,6,6,17.94416662,10.57916668,36.80499991,9.404999981,9.634999956,1.116250008,39.18749992083333,8.921296255555555,39.18749992083333
06/07/2021,2021,6,7,19.26375004,10.46458328,39.3729167,9.15958328,9.399166594,1.117083341,38.16493033333334,8.702932031481481,38.16493033333334
06/08/2021,2021,6,8,20.86208336,13.2079166,37.1712505,14.05041663,14.27083327,1.116666675,55.10173454377683,13.21373450925926,55.10173454377683
06/09/2021,2021,6,9,22.25999991,16.19625008,39.1716663,10.58625001,10.69208337,1.116250008,44.109375041666674,9.900077194444446,44.109375041666674
06/10/2021,2021,6,10,23.88208342,17.42749992,50.18521748,6.579999933,6.554615415,1.11500001,27.4166663875,6.069088347222222,27.4166663875
06/11/2021,2021,6,11,24.29875,20.89166669,43.59791692,,,1.110000014,,,
06/12/2021,2021,6,12,28.14499998,17.11749999,51.23047602,,,1.114166677,,,
6/13/2021,2021,6,13,23.79624979,17.70541676,49.04541667,,,1.113333344,,,
6/14/2021,2021,6,14,24.22291684,17.90041673,49.40541712,,,1.110000014,,,
6/15/2021,2021,6,15,24.76086948,17.67304358,52.56869573,,,1.110869579,,,
6/16/2021,2021,6,16,25.51541662,18.9620835,48.91291698,,,1.110000014,,,
6/17/2021,2021,6,17,24.47916667,19.54791673,50.06749964,,,1.110000014,,,
6/18/2021,2021,6,18,24.46375004,18.02291667,44.9670833,,,1.110000014,,,
6/19/2021,2021,6,19,23.97130435,18.18826087,49.3939131,,,1.110000014,,,
6/20/2021,2021,6,20,23.88916675,20.96583323,49.94874986,,,1.110416681,,,
6/21/2021,2021,6,21,24.16958348,20.43374999,48.9779164,,,1.110000014,,,
6/22/2021,2021,6,22,24.72541674,16.58124999,52.99583356,5.067499891,15.95000045,1.109166682,21.11458287916667,14.768518935185185,21.11458287916667
6/23/2021,2021,6,23,24.10708316,18.44250019,50.80833308,4.23999993,3.469999969,1.109583348,17.666666375000002,3.212962934259259,17.666666375000002
6/24/2021,2021,6,24,25.05391295,20.68652157,51.61434787,10.93565225,14.86173926,1.110000014,45.565217708333336,13.760869685185185,45.565217708333336
6/25/2021,2021,6,25,23.84416644,16.65791686,58.15739142,7.294583301,11.03166658,1.110000014,30.394097087500004,10.214506092592591,30.394097087500004
6/26/2021,2021,6,26,24.3641669,16.32208331,54.46083339,4.047916596,10.00208342,1.107916683,16.866319150000002,9.261188351851851,16.866319150000002
6/27/2021,2021,6,27,25.13958335,18.30416671,52.43833343,6.680416663,11.1383332,1.109166682,27.83506942916667,10.31327148148148,27.83506942916667
6/28/2021,2021,6,28,25.01124978,16.86291667,53.63958327,6.707499996,12.35041667,1.111250013,27.947916650000003,11.435570990740741,27.947916650000003
6/29/2021,2021,6,29,25.25083343,14.59833348,50.05863641,8.299583366,14.13208334,1.110833347,34.58159735833334,13.085262351851851,34.58159735833334
6/30/2021,2021,6,30,23.54958351,14.27416678,48.94916677,9.442916691,15.23999994,1.110416681,39.345486212500006,14.111111055555556,39.345486212500006
07/01/2021,2021,7,1,23.88416688,16.27583325,47.2029163,9.27958334,13.02916668,1.108750015,38.66493058333334,12.064043222222221,38.66493058333334
07/02/2021,2021,7,2,11.32141667,4.245142857,4.143,11.177125,17.81316667,0.108625,46.57135416666667,16.493672842592595,46.57135416666667
07/03/2021,2021,7,3,10.08795833,2.486,,11.717375,19.11908333,0.102916667,48.82239583333334,17.702854935185183,48.82239583333334
07/04/2021,2021,7,4,10.202375,2.237230769,,9.829333333,17.5485,0.097416667,40.955555554166665,16.248611111111114,40.955555554166665
07/05/2021,2021,7,5,8.82975,4.8163,,12.09558333,20.65204167,0.147791667,,19.122260805555555,19.122260805555555
07/06/2021,2021,7,6,8.988416667,2.727529412,,10.07558333,19.97416667,0.119083333,41.98159720833334,18.494598768518518,41.98159720833334
07/07/2021,2021,7,7,11.13247826,1.882928571,,12.333125,22.02041667,0.107166667,51.49026287553648,20.389274694444445,51.49026287553648
07/08/2021,2021,7,8,9.198708333,2.412,,8.462,16.374875,0.088666667,35.25833333333333,15.161921296296295,35.25833333333333
07/09/2021,2021,7,9,9.202375,2.472727273,,7.186125,11.66304167,0.083958333,29.9421875,10.799112657407408,29.9421875
07/10/2021,2021,7,10,9.502,1.922666667,,7.580166667,13.184625,0.093125,31.58402777916667,12.207986111111111,31.58402777916667
07/11/2021,2021,7,11,8.887083333,2.0163125,,6.790083333,10.44479167,0.082,28.2920138875,9.67110339814815,28.2920138875
07/12/2021,2021,7,12,9.69875,2.253947368,,7.914875,13.84495833,0.093125,32.97864583333334,12.819405861111111,32.97864583333334
7/13/2021,2021,7,13,9.276875,3.300230769,,8.153375,14.59304167,0.082041667,33.97239583333334,13.51207562037037,33.97239583333334
7/14/2021,2021,7,14,9.533208333,3.018647059,,7.949208333,13.42154167,0.079583333,33.1217013875,12.427353398148147,33.1217013875
7/15/2021,2021,7,15,9.590791667,1.278090909,,6.42225,11.14779167,0.074708333,26.759375000000002,10.322029324074075,26.759375000000002
7/16/2021,2021,7,16,9.570375,1.381,,6.837708333,8.455833333,0.082583333,28.490451387500002,7.829475308333333,28.490451387500002
7/17/2021,2021,7,17,9.777416667,3.1985,17.866,7.160958333,8.383666667,0.095375,29.837326387500003,7.762654321296297,29.837326387500003
7/18/2021,2021,7,18,10.86183333,2.6793125,8.139,4.998541667,5.905166667,0.098541667,20.827256945833334,5.467746913888888,20.827256945833334
7/19/2021,2021,7,19,14.78595833,6.043583333,10.81020833,5.454416667,6.151791667,0.111416667,22.726736112500003,5.696103395370371,22.726736112500003
7/20/2021,2021,7,20,15.31866667,4.926136364,17.277625,6.928541667,7.407416667,0.098875,28.8689236125,6.858719136111111,28.8689236125
7/21/2021,2021,7,21,15.60925,3.987541667,16.82678261,4.1605,4.631458333,0.086333333,17.335416666666667,4.288387345370371,17.335416666666667
7/22/2021,2021,7,22,15.67591667,4.120181818,19.31826087,4.6845,4.896875,0.10275,19.51875,4.534143518518518,19.51875
7/23/2021,2021,7,23,15.75608333,2.942722222,18.98316667,4.373916667,4.650833333,0.085708333,18.224652779166668,4.306327160185185,18.224652779166668
7/24/2021,2021,7,24,15.48754167,3.9025,16.78920833,6.040166667,6.7375,0.119583333,25.167361112500004,6.238425925925926,25.167361112500004
7/25/2021,2021,7,25,15.83525,3.703666667,17.73666667,8.461375,9.471458333,0.125708333,35.25572916666667,8.769868826851852,35.25572916666667
7/26/2021,2021,7,26,16.04258333,5.286047619,18.168625,6.957375,7.729916667,0.133125,28.989062500000003,7.157330247222222,28.989062500000003
7/27/2021,2021,7,27,15.05741667,4.414315789,17.03145833,8.921166667,9.654458333,0.134125,37.17152777916667,8.939313271296296,37.17152777916667
7/28/2021,2021,7,28,16.56720833,5.335454545,17.97520833,11.34166667,12.46,0.136083333,47.25694445833334,11.537037037037038,47.25694445833334
7/29/2021,2021,7,29,15.48204167,3.8575,19.649875,8.559833333,9.619416667,0.121708333,35.66597222083334,8.906867284259258,35.66597222083334
7/30/2021,2021,7,30,15.70758333,3.6028125,18.05920833,7.359416667,7.893458333,0.114875,30.6642361125,7.30875771574074,30.6642361125
7/31/2021,2021,7,31,15.81779167,4.309615385,14.90466667,10.80658333,12.26895833,0.11525,45.027430541666675,11.360146601851852,45.027430541666675
08/01/2021,2021,8,1,16.88538889,3.343214286,15.77511765,11.90861111,12.83322222,0.125666667,49.61921295833334,11.882613166666667,49.61921295833334
08/02/2021,2021,8,2,16.03254167,2.375333333,13.88308333,11.55679167,12.75941667,0.143416667,48.153298625000005,11.814274694444444,48.153298625000005
08/03/2021,2021,8,3,19.17991667,2.7645,13.24,8.474583333,9.283333333,0.115875,35.3107638875,8.595679012037037,35.3107638875
08/04/2021,2021,8,4,15.007625,2.818588235,13.48513043,7.500291667,8.66125,0.113,31.25121527916667,8.019675925925927,31.25121527916667
08/05/2021,2021,8,5,15.18825,4.4365,9.69325,8.858875,10.420375,0.144625,36.91197916666667,9.64849537037037,36.91197916666667
08/06/2021,2021,8,6,16.57241667,5.825333333,23.551,3.689333333,4.017083333,0.121166667,15.372222220833335,3.71952160462963,15.372222220833335
08/07/2021,2021,8,7,18.40004167,5.416833333,24.09291667,10.38370833,11.2875,0.099625,43.265451375,10.45138888888889,43.265451375
08/08/2021,2021,8,8,18.39733333,6.104916667,17.637125,10.02358333,12.34358333,0.121375,41.764930541666665,11.429243824074074,41.764930541666665
08/09/2021,2021,8,9,17.923125,4.390875,17.32233333,8.451875,10.709375,0.113333333,35.216145833333336,9.916087962962962,35.216145833333336
08/10/2021,2021,8,10,16.38325,6.166083333,19.315625,10.491375,13.24841667,0.128666667,43.714062500000004,12.267052472222222,43.714062500000004
08/11/2021,2021,8,11,16.46295833,6.351,17.822375,7.094833333,9.675291667,0.108125,29.56180555416667,8.95860339537037,29.56180555416667
08/12/2021,2021,8,12,16.96275,5.798041667,17.78304167,6.105916667,7.535,0.116958333,25.441319445833333,6.976851851851852,25.441319445833333
8/13/2021,2021,8,13,17.892375,5.467583333,19.13529167,7.538625,9.206208333,0.127916667,31.4109375,8.524266975,31.4109375
8/14/2021,2021,8,14,17.79054167,5.897291667,18.89225,9.129041667,11.06483333,0.12275,38.0376736125,10.245216046296298,38.0376736125
8/15/2021,2021,8,15,18.00791667,5.468416667,17.76045833,10.52483333,13.09791667,0.128708333,43.853472208333336,12.127700620370371,43.853472208333336
8/16/2021,2021,8,16,16.780375,3.891434783,20.737875,14.21791667,16.60279167,0.132791667,55.45398784678112,15.372955249999999,55.45398784678112
8/17/2021,2021,8,17,16.361125,5.07575,15.62779167,13.43025,15.397,0.145208333,53.79752145922747,14.256481481481481,53.79752145922747
8/18/2021,2021,8,18,16.09841667,8.088333333,16.27345833,11.13729167,13.665,0.140916667,46.40538195833334,12.652777777777777,46.40538195833334
8/19/2021,2021,8,19,16.55133333,5.980375,21.15704167,9.041875,9.80575,0.124695652,37.674479166666664,9.079398148148147,37.674479166666664
8/20/2021,2021,8,20,16.63525,4.587,18.96047826,5.572416667,6.734916667,0.140583333,23.218402779166667,6.236033950925926,23.218402779166667
8/21/2021,2021,8,21,17.79204167,6.917625,12.52058333,5.794875,7.0245,0.128291667,24.145312500000003,6.504166666666666,24.145312500000003
8/22/2021,2021,8,22,17.09575,5.943416667,19.68383333,11.15604167,13.41395833,0.1465,46.48350695833334,12.420331787037037,46.48350695833334
8/23/2021,2021,8,23,16.66216667,5.699454545,18.44970833,15.28283333,18.2195,0.156,57.69351215321889,16.869907407407407,57.69351215321889
8/24/2021,2021,8,24,16.59166667,4.312782609,14.42725,17.52758333,20.95854167,0.152291667,62.41423103733906,19.40605710185185,62.41423103733906
8/25/2021,2021,8,25,16.70591667,5.228875,17.96704167,11.48395833,13.81579167,0.117666667,47.849826375000006,12.792399694444445,47.849826375000006
8/26/2021,2021,8,26,16.53409524,7.212777778,16.2114,9.020958333,10.63775,0.151,37.5873263875,9.84976851851852,37.5873263875
8/27/2021,2021,8,27,16.464625,3.27275,15.41716667,12.685875,15.51975,0.164208333,52.23209763948498,14.370138888888889,52.23209763948498
8/28/2021,2021,8,28,18.59463636,3.947238095,18.53747619,14.71481818,17.89472727,0.1448125,56.49897385493563,16.569191916666668,56.49897385493563
8/29/2021,2021,8,29,18.26325,5.99275,19.36183333,13.76054167,16.88125,0.258875,54.49212625879829,15.630787037037038,54.49212625879829
8/30/2021,2021,8,30,16.29820833,5.108619048,20.896125,13.44116667,16.80029167,0.149166667,53.82047926309013,15.55582562037037,53.82047926309013
8/31/2021,2021,8,31,17.54258333,8.608272727,21.46891667,23.593,26.24816667,0.186041667,75.16982832618027,24.30385802777778,75.16982832618027
09/01/2021,2021,9,1,16.23145833,5.2331,20.202375,19.73854167,23.649875,0.158,67.06388591545064,21.89803240740741,67.06388591545064
09/02/2021,2021,9,2,16.05866667,6.647368421,18.53733333,10.905375,13.8155,0.126708333,45.4390625,12.79212962962963,45.4390625
09/03/2021,2021,9,3,16.157,3.619611111,21.39841667,9.655333333,12.52029167,0.114583333,40.23055555416667,11.592862657407409,40.23055555416667
09/04/2021,2021,9,4,16.106,4.620416667,18.444125,6.762125,9.672,0.107958333,28.175520833333337,8.955555555555556,28.175520833333337
09/05/2021,2021,9,5,16.83404167,3.672277778,21.47766667,8.918125,9.945208333,0.056083333,37.15885416666667,9.20852623425926,37.15885416666667
09/06/2021,2021,9,6,15.7355,3.3938,23.79720833,7.777833333,10.37475,0.004708333,32.407638887500006,9.606250000000001,32.407638887500006
09/07/2021,2021,9,7,15.67116667,4.654619048,17.67229167,8.93975,12.23716667,0.004791667,37.248958333333334,11.33070987962963,37.248958333333334
09/08/2021,2021,9,8,15.901625,4.540958333,16.55708333,4.834666667,7.727875,0.0045,20.144444445833333,7.155439814814815,20.144444445833333
09/09/2021,2021,9,9,15.368125,4.603944444,22.57883333,7.960583333,10.65891667,0.004625,33.169097220833336,9.869367287037036,33.169097220833336
09/10/2021,2021,9,10,15.77066667,3.1590625,18.97641667,9.671458333,13.04595833,0.004666667,40.29774305416667,12.079591046296295,40.29774305416667
09/11/2021,2021,9,11,15.93816667,5.3524375,13.96510526,7.023842105,10.14042105,0.004333333,29.266008770833334,9.38927875,29.266008770833334
09/12/2021,2021,9,12,17.04095833,3.309904762,25.50820833,8.018125,10.29958333,0.004041667,33.408854166666664,9.536651231481482,33.408854166666664
9/13/2021,2021,9,13,16.489,4.407090909,20.41191667,11.219875,14.85770833,0.004,46.74947916666667,13.757137342592593,46.74947916666667
9/14/2021,2021,9,14,16.2805,3.919692308,26.59870833,8.140666667,10.093375,0.004083333,33.919444445833335,9.345717592592592,33.919444445833335
9/15/2021,2021,9,15,15.49804167,1.64,16.10595833,5.345666667,6.6065,0.004434783,22.2736111125,6.11712962962963,22.2736111125
9/16/2021,2021,9,16,15.7923125,2.494083333,12.339625,2.526375,2.4905,0.0035,10.5265625,2.3060185185185187,10.5265625
9/17/2021,2021,9,17,16.18825,2.66075,19.0925,10.48895833,12.72704167,0.005083333,43.70399304166667,11.784297842592593,43.70399304166667
9/18/2021,2021,9,18,15.60675,3.572318182,18.90429167,9.762458333,12.26425,0.003916667,40.676909720833336,11.355787037037038,40.676909720833336
9/19/2021,2021,9,19,15.62241667,4.45575,21.702875,14.16066667,16.94595833,0.004,55.33359085107296,15.690702157407408,55.33359085107296
9/20/2021,2021,9,20,16.59416667,6.29235,18.546,17.67429167,20.74895833,0.004583333,62.722759306008584,19.211998453703703,62.722759306008584
9/21/2021,2021,9,21,15.32054167,3.873545455,16.2765,8.81,11.84075,0.003833333,36.708333333333336,10.963657407407407,36.708333333333336
9/22/2021,2021,9,22,16.4455,3.028,21.138875,7.814375,9.817791667,0.004375,32.559895833333336,9.090547839814814,32.559895833333336
9/23/2021,2021,9,23,15.70204167,2.3598,19.62016667,11.40808333,13.30283333,0.003958333,47.53368054166667,12.317438268518519,47.53368054166667
9/24/2021,2021,9,24,16.12279167,3.518470588,19.864625,13.92329167,16.034,0.004041667,54.83439020729614,14.846296296296295,54.83439020729614
9/25/2021,2021,9,25,17.008875,3.4184,19.41530435,17.4045,20.20720833,0.003791667,62.155386266094425,18.710378083333335,62.155386266094425
9/26/2021,2021,9,26,15.2456087,3.005214286,18.767,19.0055,21.62485714,0.003208333,65.52229613733905,20.02301587037037,65.52229613733905
9/27/2021,2021,9,27,15.82443478,3.913,21.93813043,,,0.00325,,,
9/28/2021,2021,9,28,15.18220833,3.514466667,20.38075,,,0.003666667,,,
9/29/2021,2021,9,29,15.72327273,4.163214286,16.5065,,,0.003809524,,,
9/30/2021,2021,9,30,17.39866667,3.90747619,21.31669565,,,0.00425,,,
10/01/2021,2021,10,1,16.046625,4.418,20.97647826,,,0.003958333,,,
10/02/2021,2021,10,2,,,,,,,,,
10/03/2021,2021,10,3,,,,,,,,,
10/04/2021,2021,10,4,,,,,,,,,
10/05/2021,2021,10,5,,,,,,,,,
10/06/2021,2021,10,6,,,,,,,,,
10/07/2021,2021,10,7,,,,,,,,,
10/08/2021,2021,10,8,,,,,,,,,
10/09/2021,2021,10,9,,,,,,,,,
10/10/2021,2021,10,10,,,,,,,,,
10/11/2021,2021,10,11,,,,,,,,,
10/12/2021,2021,10,12,,,,,,,,,
10/13/2021,2021,10,13,,,,,,,,,
10/14/2021,2021,10,14,,,,,,,,,
10/15/2021,2021,10,15,,,,,,,,,
10/16/2021,2021,10,16,,,,,,,,,
10/17/2021,2021,10,17,,,,,,,,,
10/18/2021,2021,10,18,,,,,,,,,
10/19/2021,2021,10,19,,,,,,,,,
10/20/2021,2021,10,20,,,,,,,,,
10/21/2021,2021,10,21,,,,,,,,,
10/22/2021,2021,10,22,,,,,,,,,
10/23/2021,2021,10,23,,,,,,,,,
10/24/2021,2021,10,24,,,,,,,,,
10/25/2021,2021,10,25,,,,,,,,,
10/26/2021,2021,10,26,,,,,,,,,
10/27/2021,2021,10,27,,,,,,,,,
10/28/2021,2021,10,28,,,,,,,,,
10/29/2021,2021,10,29,,,,,,,,,
10/30/2021,2021,10,30,,,,,,,,,
10/31/2021,2021,10,31,,,,,,,,,
11/01/2021,2021,11,1,,,,,,,,,
11/02/2021,2021,11,2,,,,,,,,,
11/03/2021,2021,11,3,,,,,,,,,
11/04/2021,2021,11,4,,,,,,,,,
11/05/2021,2021,11,5,,,,,,,,,
11/06/2021,2021,11,6,,,,,,,,,
11/07/2021,2021,11,7,,,,,,,,,
11/08/2021,2021,11,8,,,,,,,,,
11/09/2021,2021,11,9,,,,,,,,,
11/10/2021,2021,11,10,,,,,,,,,
11/11/2021,2021,11,11,,,,,,,,,
11/12/2021,2021,11,12,,,,,,,,,
11/13/2021,2021,11,13,,,,,,,,,
11/14/2021,2021,11,14,,,,,,,,,
11/15/2021,2021,11,15,,,,,,,,,
11/16/2021,2021,11,16,,,,,,,,,
11/17/2021,2021,11,17,,,,,,,,,
11/18/2021,2021,11,18,,,,,,,,,
11/19/2021,2021,11,19,,,,,,,,,
11/20/2021,2021,11,20,,,,,,,,,
11/21/2021,2021,11,21,,,,,,,,,
11/22/2021,2021,11,22,,,,,,,,,
11/23/2021,2021,11,23,,,,,,,,,
11/24/2021,2021,11,24,,,,,,,,,
11/25/2021,2021,11,25,,,,,,,,,
11/26/2021,2021,11,26,,,,,,,,,
11/27/2021,2021,11,27,,,,,,,,,
11/28/2021,2021,11,28,,,,,,,,,
11/29/2021,2021,11,29,,,,,,,,,
11/30/2021,2021,11,30,,,,,,,,,
12/01/2021,2021,12,1,,,,,,,,,
12/02/2021,2021,12,2,,,,,,,,,
12/03/2021,2021,12,3,,,,,,,,,
12/04/2021,2021,12,4,,,,,,,,,
12/05/2021,2021,12,5,,,,,,,,,
12/06/2021,2021,12,6,,,,,,,,,
12/07/2021,2021,12,7,,,,,,,,,
12/08/2021,2021,12,8,,,,,,,,,
12/09/2021,2021,12,9,,,,,,,,,
12/10/2021,2021,12,10,,,,,,,,,
12/11/2021,2021,12,11,,,,,,,,,
12/12/2021,2021,12,12,,,,,,,,,
12/13/2021,2021,12,13,,,,,,,,,
12/14/2021,2021,12,14,,,,,,,,,
12/15/2021,2021,12,15,,,,,,,,,
12/16/2021,2021,12,16,,,,,,,,,
12/17/2021,2021,12,17,,,,,,,,,
12/18/2021,2021,12,18,,,,,,,,,
12/19/2021,2021,12,19,,,,,,,,,
12/20/2021,2021,12,20,,,,,,,,,
12/21/2021,2021,12,21,,,,,,,,,
12/22/2021,2021,12,22,,,,,,,,,
12/23/2021,2021,12,23,,,,,,,,,
12/24/2021,2021,12,24,,,,,,,,,
12/25/2021,2021,12,25,,,,,,,,,
12/26/2021,2021,12,26,,,,,,,,,
12/27/2021,2021,12,27,,,,,,,,,
12/28/2021,2021,12,28,,,,,,,,,
12/29/2021,2021,12,29,,,,,,,,,
12/30/2021,2021,12,30,,,,,,,,,
12/31/2021,2021,12,31,,,,,,,,,
