date,year,month,day,so2,nox,o3,pm2.5,pm10,co
01/01/2014,2014,1,1,2.0215,7.474916667,94.40525,-999.0,-999.0,0.0
01/02/2014,2014,1,2,-247.8302083,-201.1917083,-146.0497917,-706.5833333,-574.8747083,-249.75
01/03/2014,2014,1,3,1.987,7.145791667,76.63529167,0.00325,20.72279167,-999.0
01/04/2014,2014,1,4,-39.523125,9.144458333,82.46170833,0.0,26.296,-999.0
01/05/2014,2014,1,5,1.540875,8.890625,76.877625,0.0,16.112875,-999.0
01/06/2014,2014,1,6,-40.28433333,8.203958333,64.51766667,0.0,16.35758333,-999.0
01/07/2014,2014,1,7,-123.8183333,7.48525,68.35466667,0.000291667,17.14925,-999.0
01/08/2014,2014,1,8,-247.7796667,-76.09995833,-6.881083333,-580.3830833,-567.8733333,-999.0
01/09/2014,2014,1,9,-165.0714583,8.230333333,80.94545833,-999.0,-999.0,-999.0
01/10/2014,2014,1,10,-206.886875,7.445875,72.90091667,-999.0,-999.0,-999.0
01/11/2014,2014,1,11,-289.3867917,-106.3538333,-423.121875,-613.54075,-609.1511667,-649.611125
01/12/2014,2014,1,12,-578.5609167,-538.6884167,-723.5902083,-534.4219583,-531.2534583,-518.2083333
1/13/2014,2014,1,13,-999.0,-999.0,-999.0,-999.0,-999.0,-999.0
1/14/2014,2014,1,14,-999.0,-999.0,-999.0,-999.0,-999.0,-999.0
1/15/2014,2014,1,15,-999.0,-999.0,-999.0,-999.0,-999.0,-999.0
1/16/2014,2014,1,16,-999.0,-999.0,-999.0,-999.0,-999.0,-999.0
1/17/2014,2014,1,17,-999.0,-999.0,-999.0,-999.0,-999.0,-999.0
1/18/2014,2014,1,18,-999.0,-999.0,-999.0,-999.0,-999.0,-999.0
1/19/2014,2014,1,19,-999.0,-999.0,-999.0,-999.0,-999.0,-999.0
1/20/2014,2014,1,20,-999.0,-999.0,-999.0,-999.0,-999.0,-999.0
1/21/2014,2014,1,21,-999.0,-999.0,-999.0,-999.0,-999.0,-999.0
1/22/2014,2014,1,22,-371.7314167,-369.0298333,-465.3595,-499.4368333,-499.5,-499.4794583
1/23/2014,2014,1,23,-415.133,12.49579167,61.06908333,0.126083333,0.0,0.0
1/24/2014,2014,1,24,-457.5009167,-367.5180833,-345.0119583,-374.5456667,-374.625,-374.625
1/25/2014,2014,1,25,-999.0,-999.0,-999.0,-999.0,-999.0,-999.0
1/26/2014,2014,1,26,-999.0,-999.0,-999.0,-999.0,-999.0,-999.0
1/27/2014,2014,1,27,-999.0,-999.0,-999.0,-999.0,-999.0,-999.0
1/28/2014,2014,1,28,-999.0,-999.0,-999.0,-999.0,-999.0,-999.0
1/29/2014,2014,1,29,-999.0,-999.0,-999.0,-999.0,-999.0,-999.0
1/30/2014,2014,1,30,-999.0,-999.0,-999.0,-999.0,-999.0,-999.0
1/31/2014,2014,1,31,-999.0,-999.0,-999.0,-999.0,-999.0,-999.0
02/01/2014,2014,2,1,-999.0,-999.0,-999.0,-999.0,-999.0,-999.0
02/02/2014,2014,2,2,-999.0,-999.0,-999.0,-999.0,-999.0,-999.0
02/03/2014,2014,2,3,-999.0,-999.0,-999.0,-999.0,-999.0,-999.0
02/04/2014,2014,2,4,-999.0,-999.0,-999.0,-999.0,-999.0,-999.0
02/05/2014,2014,2,5,-999.0,-999.0,-999.0,-999.0,-999.0,-999.0
02/06/2014,2014,2,6,-999.0,-999.0,-999.0,-999.0,-999.0,-999.0
02/07/2014,2014,2,7,-999.0,-999.0,-999.0,-999.0,-999.0,-999.0
02/08/2014,2014,2,8,-999.0,-999.0,-999.0,-999.0,-999.0,-999.0
02/09/2014,2014,2,9,-999.0,-999.0,-999.0,-999.0,-999.0,-999.0
02/10/2014,2014,2,10,-999.0,-999.0,-999.0,-999.0,-999.0,-999.0
02/11/2014,2014,2,11,-999.0,-999.0,-999.0,-999.0,-999.0,-999.0
02/12/2014,2014,2,12,-999.0,-999.0,-999.0,-999.0,-999.0,-999.0
2/13/2014,2014,2,13,-914.7133333,-915.2141667,-908.3628333,-915.7375417,-915.75,-915.749875
2/14/2014,2014,2,14,-413.5977083,-410.056375,-361.6387083,-416.080625,-416.25,-416.2482917
2/15/2014,2014,2,15,2.633125,18.94333333,92.69433333,0.127541667,0.0,4.17e-05
2/16/2014,2014,2,16,-332.3694167,16.124,89.75091667,0.127458333,0.0,0.0
2/17/2014,2014,2,17,-373.8615,16.611875,95.44725,0.126416667,0.0,0.000166667
2/18/2014,2014,2,18,-276.4324167,-72.16420833,-323.8870833,0.126041667,0.0,0.0
2/19/2014,2014,2,19,-373.1215,15.86658333,93.172125,0.126375,0.0,0.0
2/20/2014,2014,2,20,-540.1355417,18.58483333,84.95445833,0.125375,0.0,0.0
2/21/2014,2014,2,21,-832.098625,14.86279167,77.21333333,0.124458333,0.0,0.0
2/22/2014,2014,2,22,-596.165375,-20.19608333,33.94275,0.124708333,0.0,0.0
2/23/2014,2014,2,23,-872.6285833,18.47454167,68.35983333,0.124125,0.0,0.0
2/24/2014,2014,2,24,-706.3749583,-237.4549167,-154.8307917,-208.0267917,-208.125,-208.12475
2/25/2014,2014,2,25,-999.0,-999.0,-999.0,-999.0,-999.0,-999.0
2/26/2014,2014,2,26,-957.322,-409.6362917,-374.4725417,-416.047375,-416.25,-416.2469583
2/27/2014,2014,2,27,-787.5377917,11.40154167,61.50904167,0.124958333,0.0,0.0
2/28/2014,2014,2,28,-956.751,10.50920833,59.06758333,0.126208333,0.0,0.0
03/01/2014,2014,3,1,-867.4185417,13.929375,64.947,0.125208333,0.0,0.0
03/02/2014,2014,3,2,-873.972,11.08416667,63.45616667,0.123541667,0.0,0.0
03/03/2014,2014,3,3,-957.206,8.734666667,56.696125,0.124833333,0.0,0.0
03/04/2014,2014,3,4,-790.3235417,10.54316667,58.73695833,0.125375,0.0,0.0
03/05/2014,2014,3,5,-915.6442083,-325.6065,-290.6997917,-332.916875,-333.0,-333.0
03/06/2014,2014,3,6,-999.0,-999.0,-999.0,-999.0,-999.0,-999.0
03/07/2014,2014,3,7,-999.0,-999.0,-999.0,-999.0,-999.0,-999.0
03/08/2014,2014,3,8,-999.0,-999.0,-999.0,-999.0,-999.0,-999.0
03/09/2014,2014,3,9,-999.0,-999.0,-999.0,-999.0,-999.0,-999.0
03/10/2014,2014,3,10,-999.0,-999.0,-999.0,-999.0,-999.0,-999.0
03/11/2014,2014,3,11,-999.0,-999.0,-999.0,-999.0,-999.0,-999.0
03/12/2014,2014,3,12,-999.0,-999.0,-999.0,-999.0,-999.0,-999.0
3/13/2014,2014,3,13,-999.0,-999.0,-999.0,-999.0,-999.0,-999.0
3/14/2014,2014,3,14,-999.0,-999.0,-999.0,-999.0,-999.0,-999.0
3/15/2014,2014,3,15,-999.0,-999.0,-999.0,-999.0,-999.0,-999.0
3/16/2014,2014,3,16,-999.0,-999.0,-999.0,-999.0,-999.0,-999.0
3/17/2014,2014,3,17,-999.0,-999.0,-999.0,-999.0,-999.0,-999.0
3/18/2014,2014,3,18,-582.180625,-534.3604583,-501.0773333,-536.8194583,-537.349,-541.1197083
3/19/2014,2014,3,19,-39.11845833,14.74558333,78.80520833,10.61679167,11.7745,0.0
3/20/2014,2014,3,20,-39.85883333,13.78475,64.62229167,4.095541667,8.111416667,0.0
3/21/2014,2014,3,21,-165.278125,9.82275,60.536,1.87425,3.768583333,0.0
3/22/2014,2014,3,22,-248.9869583,9.843375,62.35141667,4.25625,10.543875,0.0
3/23/2014,2014,3,23,-332.5225833,7.768708333,60.91070833,1.982916667,13.88075,0.0
3/24/2014,2014,3,24,-332.1392083,7.9605,58.73316667,1.964833333,14.92545833,0.0
3/25/2014,2014,3,25,-373.7226667,7.518833333,58.21483333,4.600416667,18.73254167,0.0
3/26/2014,2014,3,26,-290.4851667,8.089041667,58.702125,2.151708333,11.670375,0.0
3/27/2014,2014,3,27,-164.0519167,8.549166667,61.82570833,0.944291667,16.14966667,0.0
3/28/2014,2014,3,28,-289.771375,8.123,55.93554167,2.269708333,15.42995833,0.0
3/29/2014,2014,3,29,-373.9252917,10.85254167,53.508375,1.44025,9.145666667,0.0
3/30/2014,2014,3,30,-248.9657083,9.465791667,54.89333333,1.660333333,10.69816667,0.0
3/31/2014,2014,3,31,-374.106125,7.136083333,58.10541667,1.764125,14.79629167,0.0
04/01/2014,2014,4,1,-123.0578333,9.393458333,57.88475,1.624916667,15.48033333,0.0
04/02/2014,2014,4,2,-415.3021667,8.142333333,55.94516667,1.887916667,10.12254167,0.0
04/03/2014,2014,4,3,-582.3485,-158.8136667,-121.6948333,-163.9584167,-158.7756667,-166.4994167
04/04/2014,2014,4,4,-457.3025833,6.820875,54.41766667,0.890166667,4.143958333,0.0
04/05/2014,2014,4,5,-124.30025,8.378458333,46.824625,1.817916667,7.924625,0.0
04/06/2014,2014,4,6,-248.892375,9.625041667,51.13879167,1.408375,8.455375,0.0
04/07/2014,2014,4,7,-499.0794167,6.424583333,55.25279167,1.645833333,6.476708333,0.0
04/08/2014,2014,4,8,-331.911875,4.399083333,53.86695833,1.460083333,4.687625,0.0
04/09/2014,2014,4,9,-332.3991667,8.571166667,52.71120833,10.95283333,16.82858333,0.0
04/10/2014,2014,4,10,-332.3627917,7.657041667,55.2885,1.651958333,5.671916667,0.0
04/11/2014,2014,4,11,-248.9570833,9.566833333,54.49308333,0.820333333,6.787875,0.0
04/12/2014,2014,4,12,-457.2755417,-410.1318333,-385.7565,-415.2928333,-410.3505,-416.25
4/13/2014,2014,4,13,-999.0,-999.0,-999.0,-999.0,-999.0,-999.0
4/14/2014,2014,4,14,-999.0,-999.0,-999.0,-999.0,-999.0,-999.0
4/15/2014,2014,4,15,-999.0,-999.0,-999.0,-999.0,-999.0,-999.0
4/16/2014,2014,4,16,-411.349875,-950.4334167,-956.536375,-415.8180417,-415.6419583,-416.235625
4/17/2014,2014,4,17,-740.9893333,-957.2329167,-999.0,-749.0715833,-749.034125,-749.25
4/18/2014,2014,4,18,-620.661125,-662.64275,-999.0,-582.4849167,-582.491375,-582.70275
4/19/2014,2014,4,19,-410.7129583,-411.105375,-999.0,-415.50025,-413.9472083,-416.2492917
4/20/2014,2014,4,20,-999.0,-999.0,-999.0,-999.0,-999.0,-999.0
4/21/2014,2014,4,21,-999.0,-999.0,-999.0,-999.0,-999.0,-999.0
4/22/2014,2014,4,22,-957.246625,-956.6839167,-999.0,-915.7303333,-915.75,-915.6627917
4/23/2014,2014,4,23,-999.0,-999.0,-999.0,-999.0,-999.0,-999.0
4/24/2014,2014,4,24,-999.0,-999.0,-999.0,-999.0,-999.0,-999.0
4/25/2014,2014,4,25,-999.0,-999.0,-999.0,-999.0,-999.0,-999.0
4/26/2014,2014,4,26,-999.0,-999.0,-999.0,-999.0,-999.0,-999.0
4/27/2014,2014,4,27,-538.3236667,-534.9222083,-533.4977083,-498.848375,-499.0730833,-499.4332083
4/28/2014,2014,4,28,5.199583333,15.14608333,20.57220833,2.971291667,1.848458333,0.0
4/29/2014,2014,4,29,2.271541667,13.69545833,23.03791667,3.389125,2.860916667,0.0
4/30/2014,2014,4,30,2.509958333,14.70083333,23.66704167,2.5445,2.273916667,0.0
05/01/2014,2014,5,1,2.246625,19.349625,23.26408333,3.34525,2.964083333,0.005
05/02/2014,2014,5,2,1.835125,18.317375,24.31591667,3.720166667,3.385458333,0.000375
05/03/2014,2014,5,3,2.3705,21.50058333,23.60008333,2.728791667,2.567541667,0.0
05/04/2014,2014,5,4,1.928291667,17.806125,24.23425,3.43475,3.114125,0.0
05/05/2014,2014,5,5,2.372916667,19.8335,25.37654167,3.3435,3.105333333,0.000291667
05/06/2014,2014,5,6,4.656333333,18.99516667,38.56804167,2.553541667,2.402708333,0.0
05/07/2014,2014,5,7,2.437708333,18.690375,24.30304167,2.477708333,2.292791667,0.0
05/08/2014,2014,5,8,3.239583333,15.07883333,29.17875,1.932708333,1.844291667,0.0
05/09/2014,2014,5,9,1.861291667,12.784625,31.01670833,2.962958333,2.798375,0.0
05/10/2014,2014,5,10,3.062416667,14.38225,29.3135,3.565541667,3.313916667,0.0
05/11/2014,2014,5,11,-35.90583333,25.14908333,20.69875,3.091916667,3.964875,0.000125
05/12/2014,2014,5,12,-204.6589583,15.59425,-202.3664167,3.398666667,3.168583333,0.0
5/13/2014,2014,5,13,-162.3817083,18.18066667,-285.5319583,2.454958333,2.300708333,0.000541667
5/14/2014,2014,5,14,-415.0433333,17.623125,-365.6194583,2.917708333,2.695416667,0.0
5/15/2014,2014,5,15,-455.174625,16.72754167,-285.1573333,8.748541667,13.02191667,0.014291667
5/16/2014,2014,5,16,-581.6490833,12.97208333,-245.2724583,3.816041667,13.06929167,0.0
5/17/2014,2014,5,17,-748.814,11.74308333,-285.401125,1.807875,8.966,0.0
5/18/2014,2014,5,18,-748.9482083,13.97241667,-243.8003333,1.408875,8.95875,0.0
5/19/2014,2014,5,19,-707.0670417,18.34958333,-368.5505833,1.317625,6.5595,0.000125
5/20/2014,2014,5,20,-581.4292917,16.24604167,-196.08375,1.158125,5.634875,0.0
5/21/2014,2014,5,21,-331.0035833,15.2885,-240.7140833,1.1755,8.191125,0.000166667
5/22/2014,2014,5,22,-706.9620833,15.8925,-366.5755833,0.736166667,4.105916667,0.0
5/23/2014,2014,5,23,-915.6828333,15.34620833,-159.0201667,0.1245,0.0,0.0
5/24/2014,2014,5,24,-582.316,15.974625,-242.042875,0.125583333,0.0,0.000791667
5/25/2014,2014,5,25,-330.8730417,12.93233333,13.86504167,0.126291667,0.0,0.001291667
5/26/2014,2014,5,26,-206.9282083,11.17133333,-69.68941667,0.12325,0.0,0.0
5/27/2014,2014,5,27,-414.8475417,12.22266667,-29.67054167,0.125208333,0.0,0.0
5/28/2014,2014,5,28,-206.0235,15.30941667,-29.081375,0.122375,0.0,0.0005
5/29/2014,2014,5,29,-81.46904167,17.88083333,15.84516667,0.124875,0.0,0.001083333
5/30/2014,2014,5,30,-123.595875,13.71275,14.44045833,0.123,0.0,0.0
5/31/2014,2014,5,31,-38.86916667,16.45091667,22.80916667,0.122791667,0.0,0.0
06/01/2014,2014,6,1,-39.500125,16.10966667,17.62066667,0.124666667,0.0,0.002
06/02/2014,2014,6,2,-39.25970833,11.0885,18.956625,0.129458333,0.0,0.000625
06/03/2014,2014,6,3,-37.70041667,13.58191667,31.86208333,0.122916667,0.0,0.0
06/04/2014,2014,6,4,-38.69179167,10.599,20.4025,0.122166667,0.0,0.001458333
06/05/2014,2014,6,5,-39.96329167,12.647875,19.86125,0.122458333,0.0,0.0
06/06/2014,2014,6,6,2.092583333,13.29204167,18.57208333,0.122083333,0.0,0.002791667
06/07/2014,2014,6,7,-39.57020833,12.625125,20.24033333,0.123,0.0,0.000458333
06/08/2014,2014,6,8,2.75225,10.84241667,23.51208333,0.124,0.0,0.000666667
06/09/2014,2014,6,9,-38.778,10.209625,22.45929167,0.123333333,0.0,0.004208333
06/10/2014,2014,6,10,-37.04641667,11.93758333,21.57483333,0.127,0.002416667,0.000208333
06/11/2014,2014,6,11,-39.59391667,12.13833333,21.85570833,0.1215,0.0,0.001458333
06/12/2014,2014,6,12,3.670708333,12.41133333,32.41241667,0.12025,0.0,0.001416667
6/13/2014,2014,6,13,2.523541667,12.048375,22.97745833,0.1225,0.0,0.005208333
6/14/2014,2014,6,14,1.777375,10.35983333,21.563,0.120833333,0.0,0.144166667
6/15/2014,2014,6,15,-39.68070833,9.737041667,20.086625,0.121125,0.0,0.151083333
6/16/2014,2014,6,16,-39.28741667,6.472916667,23.78975,0.120875,0.0,0.153958333
6/17/2014,2014,6,17,-161.308375,-63.0785,-146.062875,0.122208333,0.0,0.173208333
6/18/2014,2014,6,18,-39.87816667,11.195,21.53808333,0.123583333,0.0,0.220458333
6/19/2014,2014,6,19,-80.49466667,9.223333333,31.76083333,0.125041667,0.0,0.190583333
6/20/2014,2014,6,20,1.790875,9.752333333,19.31795833,0.123541667,0.0,0.190916667
6/21/2014,2014,6,21,-123.3711667,7.118333333,22.54641667,0.120375,0.0,0.185875
6/22/2014,2014,6,22,-81.642875,12.23745833,23.738125,0.123541667,0.0,0.240833333
6/23/2014,2014,6,23,2.419583333,12.576625,18.96891667,0.121375,0.0,0.213791667
6/24/2014,2014,6,24,4.183666667,10.90375,32.63095833,0.121458333,0.0,0.229208333
6/25/2014,2014,6,25,3.510541667,9.934791667,24.20558333,0.121416667,0.0,0.207083333
6/26/2014,2014,6,26,-81.56833333,10.99404167,20.27908333,0.122208333,0.0,0.225708333
6/27/2014,2014,6,27,-81.34279167,10.99541667,21.56858333,0.122125,0.0,0.251083333
6/28/2014,2014,6,28,1.873375,12.64175,18.57458333,0.120708333,0.0,0.229166667
6/29/2014,2014,6,29,-81.19691667,10.22379167,19.842,0.121166667,0.0,0.20575
6/30/2014,2014,6,30,-165.0400417,9.124458333,22.00204167,0.121166667,0.0,0.209416667
07/01/2014,2014,7,1,-123.1138333,10.05858333,21.72083333,0.12025,0.0,0.230958333
07/02/2014,2014,7,2,-76.58458333,13.35741667,24.89483333,0.118041667,0.0,0.223
07/03/2014,2014,7,3,-39.25966667,13.909875,27.386875,0.122041667,0.0,0.169416667
07/04/2014,2014,7,4,-39.15158333,10.46108333,27.64516667,0.121125,0.0,0.11175
07/05/2014,2014,7,5,3.756291667,11.52204167,26.6795,0.120666667,0.0,0.199333333
07/06/2014,2014,7,6,-80.96291667,11.9855,23.64041667,0.120083333,0.0,0.161583333
07/07/2014,2014,7,7,2.833166667,10.732,28.5905,0.120291667,0.0,0.205208333
07/08/2014,2014,7,8,-39.166875,9.589083333,26.16354167,0.120791667,0.0,0.201875
07/09/2014,2014,7,9,8.53475,12.47883333,-19.296625,0.121333333,0.0,0.248083333
07/10/2014,2014,7,10,-39.22245833,14.32179167,24.098625,0.122791667,0.0,0.224583333
07/11/2014,2014,7,11,2.584541667,12.19054167,25.77858333,0.120833333,0.0,0.192541667
07/12/2014,2014,7,12,-38.705375,11.974125,25.23775,0.121875,0.0,0.224208333
7/13/2014,2014,7,13,2.513916667,12.81154167,26.48358333,0.120333333,0.0,0.119458333
7/14/2014,2014,7,14,-39.148875,10.66358333,31.01895833,0.121541667,0.0,0.132291667
7/15/2014,2014,7,15,-38.16995833,12.3785,38.50766667,0.122833333,0.0,0.182041667
7/16/2014,2014,7,16,-38.698625,12.39408333,29.10670833,0.122416667,0.0,0.194458333
7/17/2014,2014,7,17,2.59975,12.88033333,28.90791667,0.122375,0.0,0.1775
7/18/2014,2014,7,18,-38.76904167,15.32041667,31.317625,0.12275,0.0,0.232291667
7/19/2014,2014,7,19,-467.4811667,-272.714,-701.0849583,0.122625,4.17e-05,0.331291667
7/20/2014,2014,7,20,-551.568625,-440.465125,-906.304875,0.123666667,0.0,0.343375
7/21/2014,2014,7,21,-262.494125,-456.1689167,-823.9585833,0.124625,0.0,0.262125
7/22/2014,2014,7,22,-268.717875,-399.1162083,-813.0357917,0.123875,0.0,0.24825
7/23/2014,2014,7,23,-344.38825,-452.5524167,-768.8049583,0.121333333,4.17e-05,-82.99995833
7/24/2014,2014,7,24,-157.9255833,-575.365875,-626.4915,0.1225,0.0,-207.9362917
7/25/2014,2014,7,25,-300.215625,-387.6171667,-684.6625417,0.120791667,4.17e-05,0.253041667
7/26/2014,2014,7,26,-203.791375,-438.2540417,-679.5234583,0.122708333,0.0,0.305416667
7/27/2014,2014,7,27,-628.42875,-859.1853333,-906.5207917,-457.7362917,-457.875,-457.6399167
7/28/2014,2014,7,28,-311.292,-403.2017917,-677.70125,0.122916667,0.0,-41.32445833
7/29/2014,2014,7,29,-175.6042917,-173.1914583,-685.0039167,0.122916667,0.0,0.201583333
7/30/2014,2014,7,30,-215.489625,-307.6777917,-773.869375,0.122958333,0.0,0.15075
7/31/2014,2014,7,31,-213.2615417,-487.412625,-862.8274583,0.121875,0.0,0.268583333
08/01/2014,2014,8,1,-117.2635,-582.4001667,-726.3716667,0.122375,0.0,0.275333333
08/02/2014,2014,8,2,-209.9322083,-196.0297917,-523.810625,0.121666667,0.0,-83.08354167
08/03/2014,2014,8,3,3.491041667,14.39670833,30.29454167,0.123583333,4.17e-05,0.243291667
08/04/2014,2014,8,4,-77.97891667,14.10416667,30.26141667,0.123208333,0.0,-166.333375
08/05/2014,2014,8,5,4.50375,14.68670833,33.11079167,0.122916667,0.0,0.187
08/06/2014,2014,8,6,3.801916667,15.58845833,32.78583333,0.121291667,0.0,0.254125
08/07/2014,2014,8,7,4.151458333,18.0865,32.84891667,0.121291667,0.0,0.161583333
08/08/2014,2014,8,8,3.770208333,21.65141667,33.335,0.122208333,0.0,0.19075
08/09/2014,2014,8,9,3.681916667,21.42029167,37.72220833,0.1215,4.17e-05,0.188416667
08/10/2014,2014,8,10,4.067791667,18.62595833,39.35645833,0.122625,0.0,0.124875
08/11/2014,2014,8,11,3.551583333,18.21441667,36.54666667,0.121083333,0.0,0.230625
08/12/2014,2014,8,12,3.45575,20.73208333,30.56033333,0.122208333,0.0,0.2625
8/13/2014,2014,8,13,-38.205125,18.02045833,39.71379167,0.121041667,4.17e-05,-291.213125
8/14/2014,2014,8,14,3.913125,21.7235,35.38233333,0.1205,4.17e-05,-249.567
8/15/2014,2014,8,15,3.913291667,18.91429167,40.87058333,0.120791667,0.0,-83.14108333
8/16/2014,2014,8,16,5.342875,18.3995,39.120125,0.121416667,4.17e-05,0.155083333
8/17/2014,2014,8,17,2.537333333,19.64895833,26.88558333,0.119666667,0.0,0.5985
8/18/2014,2014,8,18,3.632416667,14.68741667,29.93058333,0.12075,8.33e-05,-41.42779167
8/19/2014,2014,8,19,3.915458333,13.20616667,35.63320833,0.119833333,0.0,-291.2350833
8/20/2014,2014,8,20,-79.18354167,13.40966667,38.44425,0.12375,4.17e-05,0.103166667
8/21/2014,2014,8,21,3.617458333,16.18629167,35.72091667,0.120291667,0.0,0.123375
8/22/2014,2014,8,22,3.02275,17.7945,35.12470833,0.121041667,0.0,0.146
8/23/2014,2014,8,23,-37.88483333,16.8645,37.68645833,0.120625,0.0,0.199166667
8/24/2014,2014,8,24,-37.39033333,15.75516667,33.8275,0.1205,4.17e-05,0.273875
8/25/2014,2014,8,25,4.235416667,14.12045833,39.6605,0.120166667,8.33e-05,0.263125
8/26/2014,2014,8,26,-37.49179167,17.09154167,41.76779167,0.120916667,0.0,0.283083333
8/27/2014,2014,8,27,3.964458333,15.80620833,37.98066667,0.121041667,0.0,0.299125
8/28/2014,2014,8,28,4.882958333,14.54925,34.698625,0.12025,0.0,0.289541667
8/29/2014,2014,8,29,-37.98079167,17.428875,28.81704167,0.119541667,0.0,0.235333333
8/30/2014,2014,8,30,3.13475,15.88458333,29.902625,0.120958333,4.17e-05,0.173291667
8/31/2014,2014,8,31,4.311875,15.819375,36.95075,0.120875,0.0,0.219833333
09/01/2014,2014,9,1,2.824083333,15.232875,29.24545833,0.11775,0.0,0.238291667
09/02/2014,2014,9,2,3.293541667,15.148375,34.23716667,0.121041667,0.0,0.250875
09/03/2014,2014,9,3,3.436916667,14.23970833,33.17475,0.118125,4.17e-05,0.212916667
09/04/2014,2014,9,4,4.047708333,15.45766667,35.978875,0.119708333,0.0,0.193541667
09/05/2014,2014,9,5,4.278958333,12.98595833,36.07625,0.120666667,0.0,0.240958333
09/06/2014,2014,9,6,4.9205,15.69375,38.50629167,0.120625,0.0,0.278208333
09/07/2014,2014,9,7,3.433166667,13.89379167,39.48795833,0.11875,0.0,0.22775
09/08/2014,2014,9,8,3.577833333,12.04316667,38.78879167,0.119375,0.0,0.230541667
09/09/2014,2014,9,9,3.299125,21.124625,30.31225,0.120708333,0.0,0.332583333
09/10/2014,2014,9,10,2.674625,21.37254167,24.94766667,0.120875,0.0,-290.9169167
09/11/2014,2014,9,11,2.71075,20.85333333,24.67083333,0.120833333,0.0,-540.607625
09/12/2014,2014,9,12,-38.21733333,17.70570833,32.16516667,0.120083333,0.0,-332.7349583
9/13/2014,2014,9,13,3.171208333,16.20770833,30.36045833,0.121083333,0.0,0.271708333
9/14/2014,2014,9,14,-38.11945833,16.89404167,31.99054167,0.120541667,0.0,0.449833333
9/15/2014,2014,9,15,-38.31104167,13.342875,36.21658333,0.1215,4.17e-05,0.502208333
9/16/2014,2014,9,16,3.232666667,17.949875,29.96366667,0.121208333,0.0,0.20275
9/17/2014,2014,9,17,-39.19529167,13.877625,30.30020833,0.11875,0.0,0.1855
9/18/2014,2014,9,18,-37.95691667,13.72283333,34.97029167,0.11975,0.0,0.226333333
9/19/2014,2014,9,19,-79.47975,16.5245,36.67366667,0.120458333,0.0,0.166625
9/20/2014,2014,9,20,-37.804125,18.17491667,30.18775,0.120791667,0.0,0.222916667
9/21/2014,2014,9,21,3.2675,19.97408333,29.47904167,0.120083333,0.0,0.324916667
9/22/2014,2014,9,22,-37.35620833,18.01941667,39.28225,0.120291667,4.17e-05,0.241083333
9/23/2014,2014,9,23,-39.24854167,16.04095833,38.77379167,0.122,0.0,0.19975
9/24/2014,2014,9,24,3.5425,19.64429167,36.63725,0.1215,0.0,0.23075
9/25/2014,2014,9,25,2.709166667,22.845125,23.03666667,0.120125,0.0,0.347541667
9/26/2014,2014,9,26,4.368583333,16.86983333,37.78404167,0.121416667,0.000166667,0.260375
9/27/2014,2014,9,27,4.48425,20.97266667,37.51970833,0.121541667,0.0,0.223791667
9/28/2014,2014,9,28,4.180375,16.65879167,36.69525,0.121291667,0.0,0.189208333
9/29/2014,2014,9,29,-37.95883333,15.83666667,38.573375,0.119916667,0.0,0.257125
9/30/2014,2014,9,30,4.295125,18.33179167,35.18170833,0.121916667,0.0,0.278583333
10/01/2014,2014,10,1,3.93875,22.67379167,36.66804167,0.120833333,4.17e-05,0.316541667
10/02/2014,2014,10,2,4.523083333,17.86470833,35.01616667,0.1205,0.0,0.352416667
10/03/2014,2014,10,3,,,,,,
10/04/2014,2014,10,4,,,,,,
10/05/2014,2014,10,5,,,,,,
10/06/2014,2014,10,6,,,,,,
10/07/2014,2014,10,7,,,,,,
10/08/2014,2014,10,8,,,,,,
10/09/2014,2014,10,9,,,,,,
10/10/2014,2014,10,10,,,,,,
10/11/2014,2014,10,11,,,,,,
10/12/2014,2014,10,12,,,,,,
10/13/2014,2014,10,13,,,,,,
10/14/2014,2014,10,14,,,,,,
10/15/2014,2014,10,15,,,,,,
10/16/2014,2014,10,16,,,,,,
10/17/2014,2014,10,17,,,,,,
10/18/2014,2014,10,18,,,,,,
10/19/2014,2014,10,19,,,,,,
10/20/2014,2014,10,20,,,,,,
10/21/2014,2014,10,21,,,,,,
10/22/2014,2014,10,22,,,,,,
10/23/2014,2014,10,23,,,,,,
10/24/2014,2014,10,24,,,,,,
10/25/2014,2014,10,25,,,,,,
10/26/2014,2014,10,26,,,,,,
10/27/2014,2014,10,27,,,,,,
10/28/2014,2014,10,28,,,,,,
10/29/2014,2014,10,29,,,,,,
10/30/2014,2014,10,30,,,,,,
10/31/2014,2014,10,31,,,,,,
11/01/2014,2014,11,1,,,,,,
11/02/2014,2014,11,2,,,,,,
11/03/2014,2014,11,3,,,,,,
11/04/2014,2014,11,4,,,,,,
11/05/2014,2014,11,5,,,,,,
11/06/2014,2014,11,6,,,,,,
11/07/2014,2014,11,7,,,,,,
11/08/2014,2014,11,8,,,,,,
11/09/2014,2014,11,9,,,,,,
11/10/2014,2014,11,10,,,,,,
11/11/2014,2014,11,11,,,,,,
11/12/2014,2014,11,12,,,,,,
11/13/2014,2014,11,13,,,,,,
11/14/2014,2014,11,14,,,,,,
11/15/2014,2014,11,15,,,,,,
11/16/2014,2014,11,16,,,,,,
11/17/2014,2014,11,17,,,,,,
11/18/2014,2014,11,18,,,,,,
11/19/2014,2014,11,19,,,,,,
11/20/2014,2014,11,20,,,,,,
11/21/2014,2014,11,21,,,,,,
11/22/2014,2014,11,22,,,,,,
11/23/2014,2014,11,23,,,,,,
11/24/2014,2014,11,24,,,,,,
11/25/2014,2014,11,25,,,,,,
11/26/2014,2014,11,26,,,,,,
11/27/2014,2014,11,27,,,,,,
11/28/2014,2014,11,28,,,,,,
11/29/2014,2014,11,29,,,,,,
11/30/2014,2014,11,30,,,,,,
12/01/2014,2014,12,1,,,,,,
12/02/2014,2014,12,2,,,,,,
12/03/2014,2014,12,3,,,,,,
12/04/2014,2014,12,4,,,,,,
12/05/2014,2014,12,5,,,,,,
12/06/2014,2014,12,6,,,,,,
12/07/2014,2014,12,7,,,,,,
12/08/2014,2014,12,8,,,,,,
12/09/2014,2014,12,9,,,,,,
12/10/2014,2014,12,10,,,,,,
12/11/2014,2014,12,11,,,,,,
12/12/2014,2014,12,12,,,,,,
12/13/2014,2014,12,13,,,,,,
12/14/2014,2014,12,14,,,,,,
12/15/2014,2014,12,15,,,,,,
12/16/2014,2014,12,16,,,,,,
12/17/2014,2014,12,17,,,,,,
12/18/2014,2014,12,18,,,,,,
12/19/2014,2014,12,19,,,,,,
12/20/2014,2014,12,20,,,,,,
12/21/2014,2014,12,21,,,,,,
12/22/2014,2014,12,22,,,,,,
12/23/2014,2014,12,23,,,,,,
12/24/2014,2014,12,24,,,,,,
12/25/2014,2014,12,25,,,,,,
12/26/2014,2014,12,26,,,,,,
12/27/2014,2014,12,27,,,,,,
12/28/2014,2014,12,28,,,,,,
12/29/2014,2014,12,29,,,,,,
12/30/2014,2014,12,30,,,,,,
12/31/2014,2014,12,31,,,,,,
01/01/2015,2015,1,1,5.429,11.57620833,43.20970833,0.157416667,0,0.207208333
01/02/2015,2015,1,2,-37.951875,13.152125,39.06375,0.119833333,0,0.173583333
01/03/2015,2015,1,3,4.248416667,16.64983333,38.778875,0.119333333,0,0.195
01/04/2015,2015,1,4,4.571291667,17.37654167,39.09,0.120291667,0,0.238916667
01/05/2015,2015,1,5,-37.84220833,16.73175,36.46183333,0.12125,0,0.271583333
01/06/2015,2015,1,6,4.150375,13.75858333,39.44816667,0.120833333,0,0.261208333
01/07/2015,2015,1,7,-79.26079167,18.7245,33.86758333,0.117791667,0,0.253125
01/08/2015,2015,1,8,-79.51016667,19.42,36.499875,0.121666667,0,0.218291667
01/09/2015,2015,1,9,4.208916667,15.283875,35.99525,0.120458333,0,0.239916667
01/10/2015,2015,1,10,-37.48291667,15.75841667,38.156875,0.120833333,0,0.202291667
01/11/2015,2015,1,11,-80.01616667,14.54020833,36.19870833,0.119458333,0,0.185583333
01/12/2015,2015,1,12,3.490375,19.69633333,35.20404167,0.120875,0,0.218833333
1/13/2015,2015,1,13,-122.030125,18.37454167,43.286125,5.582208333,11.629375,0.247416667
1/14/2015,2015,1,14,-707.4743333,15.43854167,51.57970833,23.36445833,42.168125,0.349666667
1/15/2015,2015,1,15,-499.016625,16.14533333,47.66133333,39.79225,51.58695833,0.475833333
1/16/2015,2015,1,16,-373.9610417,16.89266667,51.280625,23.02383333,42.47945833,0.455458333
1/17/2015,2015,1,17,-749.0390417,-25.94308333,12.32383333,7.590041667,32.39,0.355833333
1/18/2015,2015,1,18,-457.4386667,20.34675,44.389,33.29825,53.43416667,0.481083333
1/19/2015,2015,1,19,-290.755,21.82354167,47.40966667,21.84583333,35.283625,0.461375
1/20/2015,2015,1,20,-291.0106667,21.777375,49.463875,22.991625,39.267875,0.405375
1/21/2015,2015,1,21,-206.0610833,18.87733333,53.27075,24.3385,40.11879167,0.304791667
1/22/2015,2015,1,22,-540.769,11.065125,69.20504167,18.4705,39.573,0.220208333
1/23/2015,2015,1,23,-749.1247083,24.90833333,55.179625,13.77458333,23.04454167,0.284333333
1/24/2015,2015,1,24,-915.6985417,22.66445833,56.89516667,12.45654167,28.08254167,0.209208333
1/25/2015,2015,1,25,-665.756375,18.99291667,51.62533333,18.61295833,32.2875,0.195833333
1/26/2015,2015,1,26,-540.8890833,20.92825,51.25729167,28.51475,46.035,0.271916667
1/27/2015,2015,1,27,-415.9637917,19.27258333,49.30279167,25.87595833,42.71029167,0.277666667
1/28/2015,2015,1,28,-540.7919583,18.90970833,50.18608333,28.52516667,45.20991667,0.331625
1/29/2015,2015,1,29,-332.4222083,17.74741667,47.94920833,29.9935,48.61120833,0.287625
1/30/2015,2015,1,30,-540.5311667,18.041375,52.72270833,23.20875,43.85991667,0.255416667
1/31/2015,2015,1,31,-790.7838333,17.66041667,52.32391667,8.536041667,28.92954167,0.179375
02/01/2015,2015,2,1,-874.02225,15.19220833,60.285125,12.46095833,33.5795,0.201416667
02/02/2015,2015,2,2,-957.3728333,20.66354167,53.30025,15.81475,35.79695833,0.208416667
02/03/2015,2015,2,3,-957.30025,17.06425,52.43541667,18.64583333,42.76820833,0.22475
02/04/2015,2015,2,4,-832.472625,18.51825,53.11620833,21.295125,45.37525,0.254166667
02/05/2015,2015,2,5,-832.4556667,18.03070833,52.564875,23.914375,46.19333333,0.272625
02/06/2015,2015,2,6,-707.4381667,19.51254167,55.54604167,20.982875,40.926125,0.254791667
02/07/2015,2015,2,7,-790.7978333,16.06933333,62.118125,15.376375,35.12179167,0.325541667
02/08/2015,2015,2,8,-832.3865417,14.07779167,57.05404167,16.63695833,37.831625,0.300375
02/09/2015,2015,2,9,-582.223125,17.58125,54.83995833,22.95320833,48.27566667,0.311666667
02/10/2015,2015,2,10,-665.7658333,18.60108333,56.12533333,20.79033333,43.82020833,0.293458333
02/11/2015,2015,2,11,-582.4745,15.784,54.76329167,17.140125,40.3695,0.24675
02/12/2015,2015,2,12,-540.5571667,15.277125,57.181625,25.194875,53.32683333,0.260708333
2/13/2015,2015,2,13,-582.404625,17.41158333,58.74516667,26.46391667,52.501,0.308
2/14/2015,2015,2,14,-874.0629167,16.62904167,54.38925,13.71383333,38.43016667,0.240458333
2/15/2015,2015,2,15,-915.6997083,14.43104167,51.52970833,8.826208333,28.414,0.17925
2/16/2015,2015,2,16,-457.3293333,13.54925,53.72754167,16.45279167,38.38,0.237833333
2/17/2015,2015,2,17,-707.205625,15.22608333,48.60991667,16.45241667,43.38641667,0.198
2/18/2015,2015,2,18,-957.3685,16.40829167,45.87745833,11.945375,36.7065,0.1765
2/19/2015,2015,2,19,-832.4144583,14.79616667,48.47170833,11.39445833,33.218875,0.18625
2/20/2015,2015,2,20,-832.3519167,16.37966667,56.34333333,10.32395833,34.12270833,0.218833333
2/21/2015,2015,2,21,-915.7404167,16.107875,53.58920833,16.22195833,42.05195833,0.199
2/22/2015,2015,2,22,-790.773125,15.59433333,51.28404167,25.75,54.329875,0.227375
2/23/2015,2015,2,23,-872.2485417,16.76283333,49.94941667,20.83329167,46.0315,0.226458333
2/24/2015,2015,2,24,-790.5868333,15.568625,49.00916667,29.71504167,55.041375,0.278416667
2/25/2015,2015,2,25,-832.3515417,14.44825,44.28258333,18.55254167,44.038,0.238666667
2/26/2015,2015,2,26,-748.7140417,16.75816667,44.62033333,24.295375,35.98083333,0.2365
2/27/2015,2015,2,27,-,16.440625,41.07641667,34.51991667,32.684375,0.1895
2/28/2015,2015,2,28,-832.4171667,14.99775,34.94895833,34.01466667,33.88654167,0.240083333
03/01/2015,2015,3,1,-790.7678333,13.08308333,37.807875,36.399,36.04854167,0.244916667
03/02/2015,2015,3,2,-832.4525833,16.86270833,39.38975,31.10304167,28.695125,0.249125
03/03/2015,2015,3,3,-832.4576667,20.863875,41.48529167,32.98033333,42.437625,0.376208333
03/04/2015,2015,3,4,-663.4079167,17.076875,38.66975,28.21279167,50.90695833,0.255791667
03/05/2015,2015,3,5,-873.8540417,17.292625,35.99470833,23.23720833,44.20679167,0.200708333
03/06/2015,2015,3,6,-915.7111667,13.88333333,38.23120833,26.5305,45.91179167,0.228166667
03/07/2015,2015,3,7,-915.492875,13.33279167,36.34620833,26.86279167,43.54058333,0.267041667
03/08/2015,2015,3,8,-,15.016,35.346625,15.310375,32.00566667,0.187791667
03/09/2015,2015,3,9,-832.2334167,12.646625,39.6475,29.76483333,47.72804167,0.253375
03/10/2015,2015,3,10,-957.3490417,13.97995833,36.79241667,14.58133333,33.60825,0.171333333
03/11/2015,2015,3,11,-957.28925,13.48141667,40.941875,21.55825,39.67604167,0.218583333
03/12/2015,2015,3,12,-707.2569167,12.84941667,46.51125,20.19395833,36.33720833,0.222583333
3/13/2015,2015,3,13,-915.7194167,15.69116667,41.23770833,19.74695833,37.84395833,0.23125
3/14/2015,2015,3,14,-873.8125,15.941375,40.52058333,23.02445833,42.40395833,0.252
3/15/2015,2015,3,15,-540.54025,15.207625,42.68175,28.979625,50.24829167,0.323666667
3/16/2015,2015,3,16,-582.2716667,17.14983333,43.31566667,27.24675,48.3035,0.304041667
3/17/2015,2015,3,17,-832.355875,19.22483333,41.45954167,31.59933333,55.44625,0.519583333
3/18/2015,2015,3,18,-748.3564583,12.92466667,45.94245833,35.94995833,60.85445833,0.269916667
3/19/2015,2015,3,19,-790.6707917,19.61920833,42.89583333,38.75020833,68.42283333,0.281416667
3/20/2015,2015,3,20,-665.328,16.57033333,45.77766667,45.13645833,74.388375,0.318916667
3/21/2015,2015,3,21,-456.0519583,17.63925,42.99183333,37.65291667,65.20570833,0.289625
3/22/2015,2015,3,22,-915.6915833,15.19029167,32.79841667,12.65104167,27.60720833,0.181291667
3/23/2015,2015,3,23,-915.2581667,14.05479167,32.377,7.531708333,21.199125,0.125541667
3/24/2015,2015,3,24,-915.6602083,13.56483333,35.367875,15.62966667,29.70420833,0.177416667
3/25/2015,2015,3,25,-874.0587917,17.68779167,37.86154167,19.156,36.98595833,0.24525
3/26/2015,2015,3,26,-915.4459583,21.19679167,37.58308333,20.40304167,35.834125,0.267
3/27/2015,2015,3,27,-,19.334125,39.017,15.05516667,33.75375,0.207
3/28/2015,2015,3,28,-832.3697083,15.960125,38.623875,19.386875,38.37808333,0.229958333
3/29/2015,2015,3,29,-874.0165833,15.865875,35.87920833,20.595375,38.5375,0.237166667
3/30/2015,2015,3,30,-,16.04791667,34.30904167,13.75933333,30.468375,0.207541667
3/31/2015,2015,3,31,-874.0075417,17.02354167,40.55241667,21.57283333,40.424875,0.208916667
04/01/2015,2015,4,1,-874.0484167,16.33375,40.426125,29.049,42.11320833,0.255625
04/02/2015,2015,4,2,-957.3578333,12.51654167,38.568375,19.40408333,31.02458333,0.192625
04/03/2015,2015,4,3,-957.3515417,11.63825,39.40775,17.33983333,30.58979167,0.191958333
04/04/2015,2015,4,4,-707.0465833,12.454625,43.52504167,28.84979167,45.530875,0.238708333
04/05/2015,2015,4,5,-790.6772083,13.29575,41.92175,25.15120833,38.156125,0.195708333
04/06/2015,2015,4,6,-790.0089583,16.60870833,37.79191667,19.50570833,31.44379167,0.170083333
04/07/2015,2015,4,7,-915.6974167,17.54104167,35.27325,19.396,33.57270833,0.216166667
04/08/2015,2015,4,8,-957.3077917,-614.5589583,-615.1749583,-613.6155833,-606.08275,-624.2606667
04/09/2015,2015,4,9,-,-,-,-,-,-
04/10/2015,2015,4,10,-915.709625,-621.164,-608.1292083,-620.239125,-614.701375,-624.179875
04/11/2015,2015,4,11,-957.364375,11.77833333,42.408875,13.79279167,27.69104167,0.278416667
04/12/2015,2015,4,12,-915.5737083,10.70629167,42.77745833,17.554,30.34666667,0.163666667
4/13/2015,2015,4,13,-873.9845,10.06929167,39.97720833,15.51995833,33.375625,0.190583333
4/14/2015,2015,4,14,-790.52875,9.884041667,51.73695833,27.60225,52.20829167,0.266833333
4/15/2015,2015,4,15,-,14.92716667,45.265125,21.72091667,38.94945833,0.25375
4/16/2015,2015,4,16,-873.9544583,15.75866667,42.928125,24.83975,42.242875,0.283083333
4/17/2015,2015,4,17,-915.6841667,14.01741667,26.91595833,9.526791667,18.49383333,0.219375
4/18/2015,2015,4,18,-345.9197917,-43.03433333,-182.5205417,10.540875,19.555625,0.220166667
4/19/2015,2015,4,19,-861.8230833,-318.8596667,-350.218375,15.24808333,23.734375,0.2415
4/20/2015,2015,4,20,-545.1341667,-298.9824167,-508.73575,17.40775,24.866625,0.228125
4/21/2015,2015,4,21,-664.96775,15.65729167,45.61433333,29.25091667,41.85575,0.295208333
4/22/2015,2015,4,22,-957.3585417,-314.03675,-312.3404583,-271.346625,-264.2349583,-290.9989167
4/23/2015,2015,4,23,-957.3625417,14.82720833,38.222125,10.17754167,17.94425,0.261083333
4/24/2015,2015,4,24,-,11.73775,43.90941667,12.55395833,21.70308333,0.220625
4/25/2015,2015,4,25,-,14.37483333,39.68108333,17.01075,28.10616667,0.277291667
4/26/2015,2015,4,26,-915.619375,12.256375,39.41220833,13.709125,23.61858333,0.226583333
4/27/2015,2015,4,27,-,10.21591667,42.67541667,11.888125,21.04583333,0.203625
4/28/2015,2015,4,28,-829.839125,9.403541667,42.34845833,13.05904167,22.512125,0.183625
4/29/2015,2015,4,29,-,10.89383333,41.11470833,12.437875,19.91225,0.208458333
4/30/2015,2015,4,30,-,10.86370833,41.5975,18.08445833,27.8305,0.207583333
05/01/2015,2015,5,1,-830.9039583,10.56195833,44.1235,12.45429167,21.22729167,0.196208333
05/02/2015,2015,5,2,-915.50575,10.11366667,45.4625,18.14075,28.65366667,0.194916667
05/03/2015,2015,5,3,-915.152375,15.25466667,38.419625,12.43683333,20.069375,0.212333333
05/04/2015,2015,5,4,-832.2695,14.57566667,40.78220833,16.59375,27.01683333,0.213041667
05/05/2015,2015,5,5,-956.9942917,14.23529167,42.43295833,17.767625,26.40375,0.189291667
05/06/2015,2015,5,6,-956.361875,12.18241667,45.45670833,21.60366667,30.34304167,0.186375
05/07/2015,2015,5,7,-,14.415,47.463875,27.67825,34.99154167,0.23375
05/08/2015,2015,5,8,-873.5739583,13.97116667,41.82895833,20.646125,30.17045833,0.217291667
05/09/2015,2015,5,9,-873.934125,9.970375,38.00341667,14.02608333,23.74654167,0.185666667
05/10/2015,2015,5,10,-957.3421667,8.177375,37.04629167,14.35320833,24.79404167,0.148458333
05/11/2015,2015,5,11,-581.0580833,10.558125,40.54354167,10.35775,21.018625,0.135041667
05/12/2015,2015,5,12,-790.6965833,13.44866667,42.44254167,16.84504167,28.25108333,0.184083333
5/13/2015,2015,5,13,-749.0212083,12.786,38.20125,10.56716667,18.00433333,0.163916667
5/14/2015,2015,5,14,-,11.80125,42.05504167,12.20833333,22.49154167,0.169583333
5/15/2015,2015,5,15,-957.1796667,9.237291667,41.965375,11.56791667,21.944125,0.154583333
5/16/2015,2015,5,16,-957.312625,7.890416667,45.319125,12.51933333,24.22554167,0.158583333
5/17/2015,2015,5,17,-790.5075833,7.220708333,44.22741667,11.53733333,19.93258333,0.136375
5/18/2015,2015,5,18,-581.0499583,11.29220833,50.938,18.22279167,27.80616667,0.141875
5/19/2015,2015,5,19,-329.947375,9.456083333,49.180875,20.47279167,31.62579167,0.143958333
5/20/2015,2015,5,20,-663.63325,9.74575,46.64025,23.2225,35.70683333,0.245583333
5/21/2015,2015,5,21,-748.2002083,10.32341667,42.519625,16.197,27.27916667,0.169
5/22/2015,2015,5,22,-748.478375,8.406375,40.95291667,11.69633333,21.05670833,0.157333333
5/23/2015,2015,5,23,-915.6415833,10.61795833,39.18091667,10.87704167,19.63170833,0.155333333
5/24/2015,2015,5,24,-914.8234167,13.11141667,41.48491667,11.88179167,20.40625,0.197875
5/25/2015,2015,5,25,-914.8154167,11.047625,41.659625,12.9295,21.561375,0.182
5/26/2015,2015,5,26,-665.4972083,14.038625,38.022625,18.08520833,22.395625,0.181833333
5/27/2015,2015,5,27,-704.3841667,12.59670833,40.937875,9.3945,14.12820833,0.143125
5/28/2015,2015,5,28,-705.23575,11.64766667,39.94970833,11.036625,18.29566667,0.142083333
5/29/2015,2015,5,29,-790.0980417,14.50029167,41.61129167,17.666875,27.857875,0.22125
5/30/2015,2015,5,30,-832.0144583,12.40629167,41.40245833,11.98783333,20.57225,0.181
5/31/2015,2015,5,31,-705.907,12.73095833,45.02504167,14.112,23.56183333,0.1965
06/01/2015,2015,6,1,-873.6494583,12.981625,46.23029167,16.20033333,24.447,0.200833333
06/02/2015,2015,6,2,-832.297,15.91891667,44.07445833,14.56808333,24.20283333,0.198916667
06/03/2015,2015,6,3,-664.3095833,14.10433333,44.64870833,12.6445,22.9045,0.1635
06/04/2015,2015,6,4,-673.4415833,-474.4884583,-438.9104583,19.85170833,30.862,0.215583333
06/05/2015,2015,6,5,-668.6239167,-74.410625,-210.8957917,11.61366667,19.89966667,0.170958333
06/06/2015,2015,6,6,-915.62625,13.74666667,36.7145,8.043416667,15.42491667,0.16425
06/07/2015,2015,6,7,-748.030375,12.23204167,37.52145833,10.61925,17.23275,0.15625
06/08/2015,2015,6,8,-873.6756667,13.95204167,42.31583333,11.32454167,17.006375,0.174833333
06/09/2015,2015,6,9,-,14.88129167,39.32941667,11.379,18.5745,0.21925
06/10/2015,2015,6,10,-914.89675,12.07066667,40.98379167,10.46945833,15.50845833,0.185916667
06/11/2015,2015,6,11,-484.4964583,-34.34591667,-397.6209583,11.045875,14.926,0.166833333
06/12/2015,2015,6,12,-915.7092917,12.765375,35.65179167,9.796625,15.81766667,0.172875
6/13/2015,2015,6,13,-832.10175,11.09695833,33.38295833,6.423208333,11.96654167,0.173375
6/14/2015,2015,6,14,-915.6668333,10.20041667,35.46245833,9.708458333,12.78283333,0.160958333
6/15/2015,2015,6,15,-915.6889167,12.54379167,37.74491667,10.07958333,12.73225,0.158625
6/16/2015,2015,6,16,-,13.04475,34.7365,9.0465,10.87433333,0.184
6/17/2015,2015,6,17,-915.3565417,-201.7207917,-174.3531667,-201.8556667,-199.89375,-208.0195
6/18/2015,2015,6,18,-,-,-,-,-,-
6/19/2015,2015,6,19,-,-,-,-,-,-
6/20/2015,2015,6,20,-,-,-,-,-,-
6/21/2015,2015,6,21,-,-,-,-,-,-
6/22/2015,2015,6,22,-,-,-,-,-,-
6/23/2015,2015,6,23,-,-,-,-,-,-
6/24/2015,2015,6,24,-,-,-,-,-,-
6/25/2015,2015,6,25,-,-,-,-,-,-
6/26/2015,2015,6,26,-,-,-,-,-,-
6/27/2015,2015,6,27,-,-,-,-,-,-
6/28/2015,2015,6,28,-,-,-,-,-,-
6/29/2015,2015,6,29,-,-,-,-,-,-
6/30/2015,2015,6,30,-873.145,-872.6292917,-864.2857917,-872.471625,-873.762,-874.0346667
07/01/2015,2015,7,1,-,-,-,-,-,-
07/02/2015,2015,7,2,-,-,-,-,-,-
07/03/2015,2015,7,3,-707.4144583,-620.2695,-600.450875,-623.3610417,-623.335625,-624.1651667
07/04/2015,2015,7,4,-415.8287917,-323.6764167,-301.0189583,-328.9459583,-328.2435417,-332.7884583
07/05/2015,2015,7,5,-,-,-,-,-,-
07/06/2015,2015,7,6,-,-,-,-,-,-
07/07/2015,2015,7,7,-,-,-,-,-,-
07/08/2015,2015,7,8,-665.1405,-658.8205417,-655.062125,-622.7586667,-622.8597083,-624.1086667
07/09/2015,2015,7,9,1.81075,17.28016667,30.67320833,4.47225,4.762958333,0.252083333
07/10/2015,2015,7,10,-790.664,-744.9590833,-740.5915417,-748.8964167,-748.9464167,-749.2085
07/11/2015,2015,7,11,-,-,-,-,-,-
07/12/2015,2015,7,12,-,-,-,-,-,-
7/13/2015,2015,7,13,-,-,-,-,-,-
7/14/2015,2015,7,14,-,-,-,-,-,-
7/15/2015,2015,7,15,-,-,-,-,-,-
7/16/2015,2015,7,16,-,-,-,-,-,-
7/17/2015,2015,7,17,-,-,-,-,-,-
7/18/2015,2015,7,18,-,-,-,-,-,-
7/19/2015,2015,7,19,-,-,-,-,-,-
7/20/2015,2015,7,20,-,-,-,-,-,-
7/21/2015,2015,7,21,-,-,-,-,-,-
7/22/2015,2015,7,22,-,-,-,-,-,-
7/23/2015,2015,7,23,-,-,-,-,-,-
7/24/2015,2015,7,24,-623.9642917,-618.502875,-615.7344583,-619.9512083,-619.96975,-624.21875
7/25/2015,2015,7,25,3.593791667,17.75491667,23.417625,13.12183333,14.05995833,0.167583333
7/26/2015,2015,7,26,-31.92254167,-24.135375,-62.45608333,6.931208333,6.959875,0.173708333
7/27/2015,2015,7,27,1.090333333,15.77591667,17.96208333,5.405333333,5.769083333,0.234333333
7/28/2015,2015,7,28,-123.3689583,14.39583333,24.81341667,6.942291667,7.864333333,0.240291667
7/29/2015,2015,7,29,-82.34995833,15.679125,20.49720833,8.284958333,9.288833333,0.243083333
7/30/2015,2015,7,30,-62.79245833,26.90004167,-106.599375,8.46125,9.540666667,0.222666667
7/31/2015,2015,7,31,-123.5967917,16.016,23.32241667,12.109125,12.515625,0.247
08/01/2015,2015,8,1,-165.6098333,16.419375,17.62466667,10.83645833,11.665375,0.284166667
08/02/2015,2015,8,2,-81.612375,16.808375,19.02108333,13.737375,14.655375,0.289583333
08/03/2015,2015,8,3,-37.46479167,14.86379167,17.23391667,9.400791667,10.52541667,0.262625
08/04/2015,2015,8,4,-332.4580833,-325.1605,-319.7917917,-328.2322083,-323.483375,-332.849625
08/05/2015,2015,8,5,-,-,-,-,-,-
08/06/2015,2015,8,6,-,-,-,-,-,-
08/07/2015,2015,8,7,-,-,-,-,-,-
08/08/2015,2015,8,8,-,-,-,-,-,-
08/09/2015,2015,8,9,-,-,-,-,-,-
08/10/2015,2015,8,10,-,-,-,-,-,-
08/11/2015,2015,8,11,-,-,-,-,-,-
08/12/2015,2015,8,12,-,-,-,-,-,-
8/13/2015,2015,8,13,-,-,-,-,-,-
8/14/2015,2015,8,14,-,-,-,-,-,-
8/15/2015,2015,8,15,-,-,-,-,-,-
8/16/2015,2015,8,16,-,-,-,-,-,-
8/17/2015,2015,8,17,-,-,-,-,-,-
8/18/2015,2015,8,18,-,-,-,-,-,-
8/19/2015,2015,8,19,-,-,-,-,-,-
8/20/2015,2015,8,20,-,-,-,-,-,-
8/21/2015,2015,8,21,-,-,-,-,-,-
8/22/2015,2015,8,22,-,-,-,-,-,-
8/23/2015,2015,8,23,-,-,-,-,-,-
8/24/2015,2015,8,24,-,-,-,-,-,-
8/25/2015,2015,8,25,-,-,-,-,-,-
8/26/2015,2015,8,26,-,-,-,-,-,-
8/27/2015,2015,8,27,-,-,-,-,-,-
8/28/2015,2015,8,28,-,-,-,-,-,-
8/29/2015,2015,8,29,-,-,-,-,-,-
8/30/2015,2015,8,30,-,-,-,-,-,-
8/31/2015,2015,8,31,-,-,-,-,-,-
09/01/2015,2015,9,1,-,-,-,-,-,-
09/02/2015,2015,9,2,-,-,-,-,-,-
09/03/2015,2015,9,3,-,-,-,-,-,-
09/04/2015,2015,9,4,-499.0090417,-493.937875,-489.975375,-496.2051667,-495.1789583,-665.863125
09/05/2015,2015,9,5,1.555666667,15.13295833,13.918,6.430791667,10.90791667,-582.6216667
09/06/2015,2015,9,6,-39.48766667,12.58966667,14.12366667,6.113666667,7.148,0.226208333
09/07/2015,2015,9,7,1.88125,13.16358333,16.13604167,6.324333333,10.90420833,0.23225
09/08/2015,2015,9,8,0.96025,15.95929167,15.48041667,11.57958333,14.49125,0.295083333
09/09/2015,2015,9,9,1.367958333,18.489125,18.66083333,13.26570833,16.36395833,0.330666667
09/10/2015,2015,9,10,-40.18670833,-24.24816667,-29.78791667,-33.59729167,-33.01054167,-41.31720833
09/11/2015,2015,9,11,-40.445125,17.13716667,16.67791667,4.98525,6.924166667,0.275333333
09/12/2015,2015,9,12,-123.7825833,16.304625,15.39266667,6.3235,8.27025,0.281583333
9/13/2015,2015,9,13,-957.354625,13.30704167,-244.0381667,7.951291667,10.924,0.2935
9/14/2015,2015,9,14,-915.6854167,12.00916667,-410.4716667,7.121375,7.923458333,0.30025
9/15/2015,2015,9,15,-790.42175,11.15558333,-370.0742083,7.00275,8.630125,0.305666667
9/16/2015,2015,9,16,-957.3225,11.92054167,-454.1877083,8.488416667,9.445125,0.31575
9/17/2015,2015,9,17,-,10.83195833,-454.0280833,10.771875,12.30658333,0.309375
9/18/2015,2015,9,18,-915.5052917,12.42570833,-496.3552917,11.25395833,14.03133333,0.308416667
9/19/2015,2015,9,19,-,11.00383333,-538.450625,12.95920833,14.55845833,0.34775
9/20/2015,2015,9,20,-,10.068,-454.7159583,7.75125,8.29875,0.269666667
9/21/2015,2015,9,21,-,9.494,-454.0994167,7.442458333,8.347041667,0.289125
9/22/2015,2015,9,22,-915.555375,10.884125,-370.8394167,8.70525,11.57741667,0.29325
9/23/2015,2015,9,23,-,11.815,-579.857,11.121875,12.01954167,0.334333333
9/24/2015,2015,9,24,-,-660.852375,-,-661.034625,-660.2800833,-665.8632917
9/25/2015,2015,9,25,-,-957.1870833,-,-956.3016667,-956.5655833,-957.364875
9/26/2015,2015,9,26,-,-,-,-,-,-
9/27/2015,2015,9,27,-,-,-,-,-,-
9/28/2015,2015,9,28,-,-,-,-,-,-
9/29/2015,2015,9,29,-,-,-,-,-,-
9/30/2015,2015,9,30,-,-,-,-,-,-
10/01/2015,2015,10,1,-,-,-,-,-,-
10/02/2015,2015,10,2,-707.3419167,-703.6111667,-702.6711667,-707.4267917,-707.467625,-707.4139167
10/03/2015,2015,10,3,1.18675,17.18091667,18.888375,14.68133333,13.40479167,0.593916667
10/04/2015,2015,10,4,-290.574875,-281.3767083,-278.9040417,-271.6314583,-273.38825,-291.07125
10/05/2015,2015,10,5,-,-,-,-,-,-
10/06/2015,2015,10,6,-415.7350833,-407.4660833,-401.3760417,-360.3952917,-360.6296667,-374.2827083
10/07/2015,2015,10,7,-165.27375,12.82029167,16.085125,16.16991667,15.995125,0.304583333
10/08/2015,2015,10,8,-623.0692083,11.35679167,-327.0814167,14.135,14.8245,0.328333333
10/09/2015,2015,10,9,-915.6780833,10.96854167,-160.42825,17.73245833,18.50345833,0.358833333
10/10/2015,2015,10,10,-749.0842083,-618.937125,-872.9569583,-617.8127917,-617.084625,-624.2313333
10/11/2015,2015,10,11,-,-,-,-,-,-
10/12/2015,2015,10,12,-,-,-,-,-,-
10/13/2015,2015,10,13,-,-,-,-,-,-
10/14/2015,2015,10,14,-,-,-,-,-,-
10/15/2015,2015,10,15,-,-,-,-,-,-
10/16/2015,2015,10,16,-,-,-,-,-,-
10/17/2015,2015,10,17,-,-,-,-,-,-
10/18/2015,2015,10,18,-,-,-,-,-,-
10/19/2015,2015,10,19,-,-,-,-,-,-
10/20/2015,2015,10,20,-,-,-,-,-,-
10/21/2015,2015,10,21,-624.0601667,-620.4222917,-613.8249583,-623.2627083,-623.32925,-957.3072917
10/22/2015,2015,10,22,-82.33704167,10.13870833,25.15470833,5.343833333,4.625083333,-
10/23/2015,2015,10,23,1.369875,15.35404167,22.61133333,16.88308333,16.504375,-
10/24/2015,2015,10,24,-832.3087917,-827.781,-831.2588333,-,-,-
10/25/2015,2015,10,25,-,-,-,-,-,-
10/26/2015,2015,10,26,-,-,-,-,-,-
10/27/2015,2015,10,27,-707.384625,-657.058625,-658.3155417,-,-,-
10/28/2015,2015,10,28,1.837208333,25.18154167,18.374,-,-,-
10/29/2015,2015,10,29,-665.48025,-657.3375417,-661.604625,-,-,-
10/30/2015,2015,10,30,-456.3615833,-446.052625,-444.4910417,-,-,-
10/31/2015,2015,10,31,-27.83554167,30.186125,-61.40195833,-,-,-
11/01/2015,2015,11,1,2.749083333,16.76716667,17.87170833,-,-,-
11/02/2015,2015,11,2,-38.882875,14.34820833,15.40954167,-358.797125,-358.2514167,-374.3205833
11/03/2015,2015,11,3,-245.46475,16.17166667,-158.0280833,34.37804167,11.13925,-623.9752083
11/04/2015,2015,11,4,-665.077625,-490.987875,-491.6058333,-461.2735,-499.233875,-
11/05/2015,2015,11,5,-,-,-,-,-,-
11/06/2015,2015,11,6,-,-,-,-,-,-
11/07/2015,2015,11,7,-,-,-,-,-,-
11/08/2015,2015,11,8,-,-,-,-,-,-
11/09/2015,2015,11,9,-,-,-,-,-,-
11/10/2015,2015,11,10,-,-,-,-,-,-
11/11/2015,2015,11,11,-,-,-,-,-,-
11/12/2015,2015,11,12,-,-,-,-,-,-
11/13/2015,2015,11,13,-,-,-,-,-,-
11/14/2015,2015,11,14,-,-,-,-,-,-
11/15/2015,2015,11,15,-,-,-,-,-,-
11/16/2015,2015,11,16,-,-,-,-,-,-
11/17/2015,2015,11,17,-,-,-,-,-,-
11/18/2015,2015,11,18,-,-,-,-,-,-
11/19/2015,2015,11,19,-,-,-,-,-,-
11/20/2015,2015,11,20,-,-,-,-,-,-
11/21/2015,2015,11,21,-,-,-,-,-,-
11/22/2015,2015,11,22,-,-,-,-,-,-
11/23/2015,2015,11,23,-,-,-,-,-,-
11/24/2015,2015,11,24,-,-,-,-,-,-
11/25/2015,2015,11,25,-,-,-,-,-,-
11/26/2015,2015,11,26,-,-,-,-,-,-
11/27/2015,2015,11,27,-,-,-,-,-,-
11/28/2015,2015,11,28,-,-,-,-,-,-
11/29/2015,2015,11,29,-,-,-,-,-,-
11/30/2015,2015,11,30,-,-,-,-,-,-
12/01/2015,2015,12,1,-,-,-,-,-,-
12/02/2015,2015,12,2,-,-,-,-,-,-
12/03/2015,2015,12,3,-,-,-,-,-,-
12/04/2015,2015,12,4,-,-,-,-,-,-
12/05/2015,2015,12,5,-,-,-,-,-,-
12/06/2015,2015,12,6,-,-,-,-,-,-
12/07/2015,2015,12,7,-,-,-,-,-,-
12/08/2015,2015,12,8,-,-,-,-,-,-
12/09/2015,2015,12,9,-,-,-,-,-,-
12/10/2015,2015,12,10,-,-,-,-,-,-
12/11/2015,2015,12,11,-,-,-,-,-,-
12/12/2015,2015,12,12,-,-,-,-,-,-
12/13/2015,2015,12,13,-,-,-,-,-,-
12/14/2015,2015,12,14,-,-,-,-,-,-
12/15/2015,2015,12,15,-,-,-,-,-,-
12/16/2015,2015,12,16,-,-,-,-,-,-
12/17/2015,2015,12,17,-,-,-,-,-,-
12/18/2015,2015,12,18,-,-,-,-,-,-
12/19/2015,2015,12,19,-,-,-,-,-,-
12/20/2015,2015,12,20,-,-,-,-,-,-
12/21/2015,2015,12,21,-,-,-,-,-,-
12/22/2015,2015,12,22,-,-,-,-,-,-
12/23/2015,2015,12,23,-,-,-,-,-,-
12/24/2015,2015,12,24,-,-,-,-,-,-
12/25/2015,2015,12,25,-,-,-,-,-,-
12/26/2015,2015,12,26,-,-,-,-,-,-
12/27/2015,2015,12,27,-,-,-,-,-,-
12/28/2015,2015,12,28,-,-,-,-,-,-
12/29/2015,2015,12,29,-,-,-,-,-,-
12/30/2015,2015,12,30,-,-,-,-,-,-
12/31/2015,2015,12,31,-,-,-,-,-,-
01/01/2016,2016,1,1,2.0,20.0,,,,
01/02/2016,2016,1,2,2.0,20.0,,,,
01/03/2016,2016,1,3,2.0,20.0,,,,
01/04/2016,2016,1,4,2.0,29.0,,,,
01/05/2016,2016,1,5,1.0,22.0,,,,
01/06/2016,2016,1,6,1.0,16.0,,,,
01/07/2016,2016,1,7,1.0,18.0,,,,
01/08/2016,2016,1,8,1.0,20.0,,,,
01/09/2016,2016,1,9,1.0,19.0,,,,
01/10/2016,2016,1,10,2.0,18.0,,,,
01/11/2016,2016,1,11,4.0,22.0,,,,
01/12/2016,2016,1,12,1.0,17.0,,,,
1/13/2016,2016,1,13,0.0,23.0,,,,
1/14/2016,2016,1,14,1.0,25.0,,,,
1/15/2016,2016,1,15,1.0,24.0,,,,
1/16/2016,2016,1,16,1.0,25.0,,,,
1/17/2016,2016,1,17,1.0,17.0,,,,
1/18/2016,2016,1,18,1.0,18.0,,,,
1/19/2016,2016,1,19,,,,,,
1/20/2016,2016,1,20,,,,,,
1/21/2016,2016,1,21,,,,,,
1/22/2016,2016,1,22,,,,,,
1/23/2016,2016,1,23,,,,,,
1/24/2016,2016,1,24,,,,,,
1/25/2016,2016,1,25,,,,,,
1/26/2016,2016,1,26,,,,,,
1/27/2016,2016,1,27,,,,,,
1/28/2016,2016,1,28,,,,,,
1/29/2016,2016,1,29,,,,,,
1/30/2016,2016,1,30,,,,,,
1/31/2016,2016,1,31,,,,,,
02/01/2016,2016,2,1,1.0,18.0,,,,
02/02/2016,2016,2,2,,,,,,
02/03/2016,2016,2,3,2.0,17.0,,,,
02/04/2016,2016,2,4,,15.0,,,,
02/05/2016,2016,2,5,1.0,16.0,,,,
02/06/2016,2016,2,6,1.0,,,,,
02/07/2016,2016,2,7,1.0,20.0,,,,
02/08/2016,2016,2,8,3.0,20.0,,,,
02/09/2016,2016,2,9,1.0,21.0,,,,
02/10/2016,2016,2,10,,20.0,,,,
02/11/2016,2016,2,11,,24.0,,,,
02/12/2016,2016,2,12,4.0,19.0,,,,
2/13/2016,2016,2,13,1.0,20.0,,,,
2/14/2016,2016,2,14,1.0,17.0,,,,
2/15/2016,2016,2,15,1.0,16.0,,,,
2/16/2016,2016,2,16,1.0,15.0,,,,
2/17/2016,2016,2,17,1.0,18.0,,,,
2/18/2016,2016,2,18,1.0,19.0,,,,
2/19/2016,2016,2,19,,35.0,,,,
2/20/2016,2016,2,20,,,,,,
2/21/2016,2016,2,21,,,,,,
2/22/2016,2016,2,22,,,,,,
2/23/2016,2016,2,23,,,,,,
2/24/2016,2016,2,24,,,,,,
2/25/2016,2016,2,25,,,,,,
2/26/2016,2016,2,26,,,,,,
2/27/2016,2016,2,27,,,,,,
2/28/2016,2016,2,28,,,,,,
2/29/2016,2016,2,29,,,,,,
03/01/2016,2016,3,1,0.0,7.0,,,,
03/02/2016,2016,3,2,0.0,17.0,,,,
03/03/2016,2016,3,3,0.0,15.0,,,,
03/04/2016,2016,3,4,1.0,14.0,,,,
03/05/2016,2016,3,5,0.0,17.0,,,,
03/06/2016,2016,3,6,7.0,26.0,,,,
03/07/2016,2016,3,7,0.0,14.0,,,,
03/08/2016,2016,3,8,0.0,21.0,,,,
03/09/2016,2016,3,9,0.0,14.0,,,,
03/10/2016,2016,3,10,4.0,14.0,,,,
03/11/2016,2016,3,11,0.0,17.0,,,,
03/12/2016,2016,3,12,0.0,14.0,,,,
3/13/2016,2016,3,13,,17.0,,,,
3/14/2016,2016,3,14,,20.0,,,,
3/15/2016,2016,3,15,,27.0,,,,
3/16/2016,2016,3,16,,16.0,,,,
3/17/2016,2016,3,17,,20.0,,,,
3/18/2016,2016,3,18,,17.0,,,,
3/19/2016,2016,3,19,,15.0,,,,
3/20/2016,2016,3,20,,12.0,,,,
3/21/2016,2016,3,21,,17.0,,,,
3/22/2016,2016,3,22,,16.0,,,,
3/23/2016,2016,3,23,,6.0,,,,
3/24/2016,2016,3,24,,11.0,,,,
3/25/2016,2016,3,25,,4.0,,,,
3/26/2016,2016,3,26,,22.0,,,,
3/27/2016,2016,3,27,,19.0,,,,
3/28/2016,2016,3,28,,20.0,,,,
3/29/2016,2016,3,29,,10.0,,,,
3/30/2016,2016,3,30,,,,,,
3/31/2016,2016,3,31,,,,,,
04/01/2016,2016,4,1,3.0,15.0,,,,
04/02/2016,2016,4,2,4.0,16.0,,,,
04/03/2016,2016,4,3,26.0,11.0,,,,
04/04/2016,2016,4,4,1.0,13.0,,,,
04/05/2016,2016,4,5,,17.0,,,,
04/06/2016,2016,4,6,,16.0,,,,
04/07/2016,2016,4,7,,15.0,,,,
04/08/2016,2016,4,8,,13.0,,,,
04/09/2016,2016,4,9,,14.0,,,,
04/10/2016,2016,4,10,,12.0,,,,
04/11/2016,2016,4,11,,17.0,,,,
04/12/2016,2016,4,12,,22.0,,,,
4/13/2016,2016,4,13,,27.0,,,,
4/14/2016,2016,4,14,,38.0,,,,
4/15/2016,2016,4,15,,15.0,,,,
4/16/2016,2016,4,16,,14.0,,,,
4/17/2016,2016,4,17,,21.0,,,,
4/18/2016,2016,4,18,,14.0,,,,
4/19/2016,2016,4,19,,15.0,,,,
4/20/2016,2016,4,20,,19.0,,,,
4/21/2016,2016,4,21,,17.0,,,,
4/22/2016,2016,4,22,,16.0,,,,
4/23/2016,2016,4,23,,14.0,,,,
4/24/2016,2016,4,24,,13.0,,,,
4/25/2016,2016,4,25,,14.0,,,,
4/26/2016,2016,4,26,,18.0,,,,
4/27/2016,2016,4,27,,20.0,,,,
4/28/2016,2016,4,28,,,,,,
4/29/2016,2016,4,29,,,,,,
4/30/2016,2016,4,30,,,,,,
05/01/2016,2016,5,1,3.0,23.0,,23.0,24.0,
05/02/2016,2016,5,2,1.0,23.0,,26.0,34.0,
05/03/2016,2016,5,3,12.0,20.0,,25.0,67.0,
05/04/2016,2016,5,4,9.0,19.0,,27.0,126.0,
05/05/2016,2016,5,5,1.0,17.0,,,,
05/06/2016,2016,5,6,3.0,18.0,,,,
05/07/2016,2016,5,7,4.0,15.0,,,,
05/08/2016,2016,5,8,20.0,21.0,,,,
05/09/2016,2016,5,9,13.0,13.0,,,,
05/10/2016,2016,5,10,12.0,18.0,,,,
05/11/2016,2016,5,11,6.0,13.0,,,,
05/12/2016,2016,5,12,3.0,12.0,,,,
5/13/2016,2016,5,13,3.0,13.0,,,,
5/14/2016,2016,5,14,4.0,12.0,,,,
5/15/2016,2016,5,15,3.0,10.0,,,,
5/16/2016,2016,5,16,6.0,20.0,,,,
5/17/2016,2016,5,17,8.0,18.0,,,,
5/18/2016,2016,5,18,3.0,11.0,,,,
5/19/2016,2016,5,19,,2.0,,,,
5/20/2016,2016,5,20,,,,,,
5/21/2016,2016,5,21,,,,,,
5/22/2016,2016,5,22,,,,,,
5/23/2016,2016,5,23,,,,,,
5/24/2016,2016,5,24,,,,,,
5/25/2016,2016,5,25,,,,,,
5/26/2016,2016,5,26,,,,,,
5/27/2016,2016,5,27,,,,,,
5/28/2016,2016,5,28,,,,,,
5/29/2016,2016,5,29,,,,,,
5/30/2016,2016,5,30,,,,,,
5/31/2016,2016,5,31,,,,,,
06/01/2016,2016,6,1,,,,,,
06/02/2016,2016,6,2,,,,,,
06/03/2016,2016,6,3,,,,,,
06/04/2016,2016,6,4,,,,,,
06/05/2016,2016,6,5,,,,,,
06/06/2016,2016,6,6,,,,,,
06/07/2016,2016,6,7,,,,,,
06/08/2016,2016,6,8,,,,,,
06/09/2016,2016,6,9,,,,,,
06/10/2016,2016,6,10,,,,,,
06/11/2016,2016,6,11,,,,,,
06/12/2016,2016,6,12,,,,,,
6/13/2016,2016,6,13,,,,,,
6/14/2016,2016,6,14,,,,,,
6/15/2016,2016,6,15,,,,,,
6/16/2016,2016,6,16,,,,,,
6/17/2016,2016,6,17,,,,,,
6/18/2016,2016,6,18,,,,,,
6/19/2016,2016,6,19,,,,,,
6/20/2016,2016,6,20,,,,,,
6/21/2016,2016,6,21,,,,,,
6/22/2016,2016,6,22,,,,,,
6/23/2016,2016,6,23,,,,,,
6/24/2016,2016,6,24,,,,,,
6/25/2016,2016,6,25,,,,,,
6/26/2016,2016,6,26,,,,,,
6/27/2016,2016,6,27,,,,,,
6/28/2016,2016,6,28,,,,,,
6/29/2016,2016,6,29,,,,,,
6/30/2016,2016,6,30,,,,,,
07/01/2016,2016,7,1,1.0,12.0,,9.13,18.84,
07/02/2016,2016,7,2,2.0,9.0,,15.65,62.26,
07/03/2016,2016,7,3,1.0,9.0,,12.84,77.76,
07/04/2016,2016,7,4,1.0,8.0,,20.87,23.05,
07/05/2016,2016,7,5,1.0,9.0,,6.59,44.27,
07/06/2016,2016,7,6,1.0,11.0,,11.37,43.94,
07/07/2016,2016,7,7,1.0,12.0,,14.25,7.59,
07/08/2016,2016,7,8,1.0,9.0,,8.58,24.78,
07/09/2016,2016,7,9,1.0,12.0,,7.88,29.51,
07/10/2016,2016,7,10,2.0,8.0,,5.54,42.31,
07/11/2016,2016,7,11,0.0,9.0,,5.25,11.95,
07/12/2016,2016,7,12,1.0,7.0,,12.36,28.0,
7/13/2016,2016,7,13,1.0,10.0,,13.97,4.69,
7/14/2016,2016,7,14,1.0,17.0,,23.29,58.73,
7/15/2016,2016,7,15,,,,17.12,47.76,
7/16/2016,2016,7,16,,,,5.99,29.81,
7/17/2016,2016,7,17,,,,12.62,54.37,
7/18/2016,2016,7,18,,,,14.01,20.54,
7/19/2016,2016,7,19,,,,13.68,37.53,
7/20/2016,2016,7,20,,,,20.9,32.32,
7/21/2016,2016,7,21,,,,9.88,11.24,
7/22/2016,2016,7,22,,,,5.82,3.88,
7/23/2016,2016,7,23,,,,4.52,2.36,
7/24/2016,2016,7,24,,,,6.61,6.06,
7/25/2016,2016,7,25,,,,11.86,15.79,
7/26/2016,2016,7,26,,,,10.16,13.83,
7/27/2016,2016,7,27,,,,6.93,9.17,
7/28/2016,2016,7,28,,,,7.81,10.6,
7/29/2016,2016,7,29,,,,7.0,11.05,
7/30/2016,2016,7,30,,,,3.91,8.79,
7/31/2016,2016,7,31,,,,,,
08/01/2016,2016,8,1,2.0,14.0,,4.44,5.34,
08/02/2016,2016,8,2,1.0,11.0,,4.82,5.1,
08/03/2016,2016,8,3,1.0,12.0,,4.11,5.02,
08/04/2016,2016,8,4,6.0,12.0,,5.01,9.05,
08/05/2016,2016,8,5,1.0,11.0,,4.0,6.2,
08/06/2016,2016,8,6,1.0,10.0,,4.59,6.18,
08/07/2016,2016,8,7,4.0,13.0,,1.4,2.02,
08/08/2016,2016,8,8,11.0,10.0,,3.35,5.36,
08/09/2016,2016,8,9,8.0,14.0,,2.17,5.14,
08/10/2016,2016,8,10,2.0,13.0,,4.04,5.54,
08/11/2016,2016,8,11,2.0,10.0,,4.85,6.68,
08/12/2016,2016,8,12,2.0,14.0,,3.96,4.46,
8/13/2016,2016,8,13,6.0,15.0,,2.26,2.69,
8/14/2016,2016,8,14,3.0,16.0,,2.37,5.41,
8/15/2016,2016,8,15,3.0,18.0,,2.81,6.51,
8/16/2016,2016,8,16,2.0,14.0,,1.59,6.0,
8/17/2016,2016,8,17,3.0,13.0,,2.57,6.19,
8/18/2016,2016,8,18,1.0,10.0,,3.64,7.21,
8/19/2016,2016,8,19,1.0,12.0,,2.63,7.25,
8/20/2016,2016,8,20,2.0,10.0,,3.34,3.37,
8/21/2016,2016,8,21,2.0,8.0,,3.58,6.88,
8/22/2016,2016,8,22,3.0,11.0,,3.3,10.88,
8/23/2016,2016,8,23,2.0,9.0,,3.96,8.31,
8/24/2016,2016,8,24,2.0,8.0,,3.76,9.71,
8/25/2016,2016,8,25,1.0,8.0,,4.18,13.3,
8/26/2016,2016,8,26,2.0,10.0,,3.98,15.51,
8/27/2016,2016,8,27,3.0,14.0,,2.14,6.61,
8/28/2016,2016,8,28,2.0,15.0,,1.39,5.81,
8/29/2016,2016,8,29,2.0,15.0,,0.93,3.18,
8/30/2016,2016,8,30,3.0,17.0,,2.66,14.04,
8/31/2016,2016,8,31,2.0,17.0,,2.63,9.96,
09/01/2016,2016,9,1,2.0,14.0,,3.3,8.77,
09/02/2016,2016,9,2,3.0,12.0,,4.85,13.27,
09/03/2016,2016,9,3,2.0,11.0,,4.2,10.67,
09/04/2016,2016,9,4,1.0,12.0,,2.33,4.8,
09/05/2016,2016,9,5,1.0,13.0,,3.65,6.53,
09/06/2016,2016,9,6,7.0,11.0,,5.54,7.65,
09/07/2016,2016,9,7,2.0,12.0,,7.01,9.58,
09/08/2016,2016,9,8,1.0,12.0,,9.68,10.73,
09/09/2016,2016,9,9,1.0,16.0,,9.25,4.87,
09/10/2016,2016,9,10,1.0,10.0,,11.35,5.12,
09/11/2016,2016,9,11,1.0,11.0,,11.65,5.68,
09/12/2016,2016,9,12,,,,11.05,5.89,
9/13/2016,2016,9,13,,,,11.93,7.81,
9/14/2016,2016,9,14,,,,11.18,7.96,
9/15/2016,2016,9,15,,,,13.49,9.27,
9/16/2016,2016,9,16,,,,15.92,4.9,
9/17/2016,2016,9,17,,,,22.58,3.55,
9/18/2016,2016,9,18,,,,16.51,5.23,
9/19/2016,2016,9,19,,,,,,
9/20/2016,2016,9,20,,,,,,
9/21/2016,2016,9,21,,,,,,
9/22/2016,2016,9,22,,,,,,
9/23/2016,2016,9,23,,,,,,
9/24/2016,2016,9,24,,,,,,
9/25/2016,2016,9,25,,,,,,
9/26/2016,2016,9,26,,,,,,
9/27/2016,2016,9,27,,,,,,
9/28/2016,2016,9,28,,,,,,
9/29/2016,2016,9,29,,,,,,
9/30/2016,2016,9,30,,,,,,
10/01/2016,2016,10,1,1.0,12.0,,4.395,15.0,
10/02/2016,2016,10,2,1.0,15.0,,4.7,16.719,
10/03/2016,2016,10,3,1.0,14.0,,6.841,21.862,
10/04/2016,2016,10,4,5.0,26.0,,3.777,16.715,
10/05/2016,2016,10,5,5.0,7.0,,6.83,25.119,
10/06/2016,2016,10,6,7.0,7.0,,7.137,23.857,
10/07/2016,2016,10,7,5.0,9.0,,6.159,18.562,
10/08/2016,2016,10,8,6.0,12.0,,3.884,12.352,
10/09/2016,2016,10,9,6.0,9.0,,5.075,11.223,
10/10/2016,2016,10,10,,55.0,,10.697,19.582,
10/11/2016,2016,10,11,6.0,7.0,,12.199,25.916,
10/12/2016,2016,10,12,5.0,6.0,,8.915,18.951,
10/13/2016,2016,10,13,6.0,7.0,,6.826,16.814,
10/14/2016,2016,10,14,6.0,6.0,,4.429,14.653,
10/15/2016,2016,10,15,5.0,7.0,,9.395,26.468,
10/16/2016,2016,10,16,5.0,5.0,,6.174,13.735,
10/17/2016,2016,10,17,5.0,7.0,,2.631,9.249,
10/18/2016,2016,10,18,6.0,9.0,,8.058,22.578,
10/19/2016,2016,10,19,5.0,5.0,,9.943,21.812,
10/20/2016,2016,10,20,6.0,5.0,,12.698,24.025,
10/21/2016,2016,10,21,6.0,7.0,,12.762,24.335,
10/22/2016,2016,10,22,5.0,8.0,,10.784,23.24,
10/23/2016,2016,10,23,5.0,7.0,,28.383,42.79,
10/24/2016,2016,10,24,5.0,9.0,,31.28,46.744,
10/25/2016,2016,10,25,6.0,11.0,,49.867,78.262,
10/26/2016,2016,10,26,6.0,12.0,,22.482,36.111,
10/27/2016,2016,10,27,6.0,12.0,,20.101,30.662,
10/28/2016,2016,10,28,5.0,12.0,,16.058,25.351,
10/29/2016,2016,10,29,6.0,12.0,,,,
10/30/2016,2016,10,30,5.0,16.0,,,,
10/31/2016,2016,10,31,5.0,11.0,,,,
11/01/2016,2016,11,1,5.0,8.0,,13.936,22.106,
11/02/2016,2016,11,2,5.0,13.0,,25.967,36.52,
11/03/2016,2016,11,3,,,,33.674,44.167,
11/04/2016,2016,11,4,7.0,14.0,,25.292,43.502,
11/05/2016,2016,11,5,6.0,12.0,,13.246,27.459,
11/06/2016,2016,11,6,6.0,10.0,,16.59,31.18,
11/07/2016,2016,11,7,5.0,14.0,,18.509,35.387,
11/08/2016,2016,11,8,5.0,16.0,,19.079,35.42,
11/09/2016,2016,11,9,5.0,21.0,,19.586,35.56,
11/10/2016,2016,11,10,6.0,17.0,,47.126,72.33,
11/11/2016,2016,11,11,6.0,17.0,,26.223,41.516,
11/12/2016,2016,11,12,6.0,18.0,,23.438,32.378,
11/13/2016,2016,11,13,7.0,17.0,,15.792,25.441,
11/14/2016,2016,11,14,6.0,16.0,,23.054,32.741,
11/15/2016,2016,11,15,5.0,12.0,,33.736,47.891,
11/16/2016,2016,11,16,5.0,9.0,,10.891,14.325,
11/17/2016,2016,11,17,5.0,10.0,,20.834,26.512,
11/18/2016,2016,11,18,5.0,10.0,,38.633,43.222,
11/19/2016,2016,11,19,5.0,12.0,,52.817,50.927,
11/20/2016,2016,11,20,5.0,8.0,,47.189,43.42,
11/21/2016,2016,11,21,6.0,13.0,,78.687,69.259,
11/22/2016,2016,11,22,12.0,38.0,,67.777,60.54,
11/23/2016,2016,11,23,3.0,11.0,,48.587,44.305,
11/24/2016,2016,11,24,3.0,14.0,,71.076,66.393,
11/25/2016,2016,11,25,3.0,8.0,,68.149,62.124,
11/26/2016,2016,11,26,3.0,12.0,,85.107,79.903,
11/27/2016,2016,11,27,3.0,14.0,,,,
11/28/2016,2016,11,28,3.0,12.0,,,,
11/29/2016,2016,11,29,,,,,,
11/30/2016,2016,11,30,,,,,,
12/01/2016,2016,12,1,4.0,11.52,,39.27,37.06,
12/02/2016,2016,12,2,4.0,11.955,,26.37,24.44,
12/03/2016,2016,12,3,4.0,12.67,,33.3,31.3,
12/04/2016,2016,12,4,4.0,11.949,,38.45,38.24,
12/05/2016,2016,12,5,4.0,12.945,,25.79,25.69,
12/06/2016,2016,12,6,,55.0,,32.06,31.21,
12/07/2016,2016,12,7,4.0,12.77,,30.23,30.02,
12/08/2016,2016,12,8,4.0,9.74,,33.49,32.1,
12/09/2016,2016,12,9,4.0,13.334,,16.17,20.79,
12/10/2016,2016,12,10,4.0,10.773,,12.67,15.31,
12/11/2016,2016,12,11,4.0,12.857,,18.86,22.93,
12/12/2016,2016,12,12,4.0,11.559,,11.92,19.19,
12/13/2016,2016,12,13,4.0,14.192,,5.25,12.07,
12/14/2016,2016,12,14,4.0,13.851,,7.44,14.22,
12/15/2016,2016,12,15,4.0,12.077,,5.55,11.11,
12/16/2016,2016,12,16,3.0,10.797,,7.49,13.25,
12/17/2016,2016,12,17,3.0,11.061,,10.51,17.98,
12/18/2016,2016,12,18,3.0,10.86,,13.38,21.7,
12/19/2016,2016,12,19,3.0,16.61,,12.33,19.54,
12/20/2016,2016,12,20,4.0,13.408,,17.07,26.16,
12/21/2016,2016,12,21,4.0,13.193,,16.39,25.23,
12/22/2016,2016,12,22,4.0,17.119,,18.75,27.39,
12/23/2016,2016,12,23,4.0,18.135,,23.46,32.65,
12/24/2016,2016,12,24,3.0,11.44,,31.9,41.09,
12/25/2016,2016,12,25,5.0,14.709,,8.71,13.44,
12/26/2016,2016,12,26,4.0,15.808,,10.51,15.38,
12/27/2016,2016,12,27,5.0,11.149,,11.38,17.07,
12/28/2016,2016,12,28,5.0,14.211,,12.53,17.35,
12/29/2016,2016,12,29,4.0,16.88,,10.97,15.49,
12/30/2016,2016,12,30,4.0,22.543,,,,
12/31/2016,2016,12,31,4.0,8.966,,,,
01/01/2017,2017,1,1,4.049,6.33,,10.006,13.024,
01/02/2017,2017,1,2,3.618,14.275,,15.185,19.57,
01/03/2017,2017,1,3,3.376,15.335,,10.952,15.798,
01/04/2017,2017,1,4,3.845,16.936,,15.836,20.353,
01/05/2017,2017,1,5,3.771,11.873,,9.38,13.657,
01/06/2017,2017,1,6,3.754,14.489,,11.225,16.066,
01/07/2017,2017,1,7,4.152,14.732,,15.216,20.948,
01/08/2017,2017,1,8,4.018,14.578,,26.54,34.474,
01/09/2017,2017,1,9,4.168,15.827,,19.688,25.611,
01/10/2017,2017,1,10,3.679,13.084,,13.158,17.022,
01/11/2017,2017,1,11,3.529,13.879,,5.996,8.117,
01/12/2017,2017,1,12,3.334,11.291,,5.385,8.015,
1/13/2017,2017,1,13,3.908,14.248,,13.26,17.839,
1/14/2017,2017,1,14,3.997,11.476,,14.463,18.257,
1/15/2017,2017,1,15,3.724,11.513,,12.473,15.348,
1/16/2017,2017,1,16,3.695,13.076,,5.452,7.664,
1/17/2017,2017,1,17,3.415,10.483,,6.266,8.523,
1/18/2017,2017,1,18,3.344,14.639,,9.646,10.348,
1/19/2017,2017,1,19,3.623,15.617,,2.47,4.286,
1/20/2017,2017,1,20,3.722,13.405,,8.305,7.468,
1/21/2017,2017,1,21,4.083,13.012,,7.969,7.666,
1/22/2017,2017,1,22,4.12,14.089,,18.628,24.212,
1/23/2017,2017,1,23,3.729,10.384,,9.516,13.135,
1/24/2017,2017,1,24,3.35,13.142,,5.797,5.749,
1/25/2017,2017,1,25,3.761,14.11,,8.189,8.088,
1/26/2017,2017,1,26,3.761,15.908,,4.744,4.614,
1/27/2017,2017,1,27,4.221,14.118,,6.058,7.64,
1/28/2017,2017,1,28,3.479,16.203,,8.46,11.542,
1/29/2017,2017,1,29,3.776,14.056,,11.036,15.184,
1/30/2017,2017,1,30,4.411,12.837,,17.249,23.336,
1/31/2017,2017,1,31,4.839,16.209,,15.053,16.974,
02/01/2017,2017,2,1,4.216,11.961,,9.8,12.36,
02/02/2017,2017,2,2,3.976,5.076,,5.575,6.033,
02/03/2017,2017,2,3,3.139,8.776,,3.638,4.426,
02/04/2017,2017,2,4,3.236,10.073,,8.543,11.303,
02/05/2017,2017,2,5,3.344,9.885,,8.797,11.302,
02/06/2017,2017,2,6,4.102,12.225,,10.511,13.526,
02/07/2017,2017,2,7,3.721,9.532,,6.411,8.17,
02/08/2017,2017,2,8,4.909,15.0,,11.846,15.307,
02/09/2017,2017,2,9,5.382,17.324,,14.715,29.475,
02/10/2017,2017,2,10,3.913,16.018,,11.048,28.588,
02/11/2017,2017,2,11,3.423,16.788,,8.105,19.329,
02/12/2017,2017,2,12,3.52,13.656,,8.934,20.183,
2/13/2017,2017,2,13,3.011,8.967,,5.911,16.085,
2/14/2017,2017,2,14,2.804,5.323,,5.598,25.063,
2/15/2017,2017,2,15,2.949,9.089,,10.035,25.219,
2/16/2017,2017,2,16,3.314,18.368,,11.868,25.4,
2/17/2017,2017,2,17,3.604,14.543,,19.783,38.781,
2/18/2017,2017,2,18,3.869,10.107,,14.131,26.582,
2/19/2017,2017,2,19,3.622,10.022,,4.348,10.637,
2/20/2017,2017,2,20,3.463,10.008,,8.354,18.613,
2/21/2017,2017,2,21,3.902,6.998,,7.676,18.544,
2/22/2017,2017,2,22,3.591,12.195,,9.88,22.722,
2/23/2017,2017,2,23,4.668,11.265,,13.924,27.014,
2/24/2017,2017,2,24,3.739,11.035,,10.399,22.848,
2/25/2017,2017,2,25,3.472,10.086,,8.419,17.609,
2/26/2017,2017,2,26,14.104,22.898,,11.507,21.811,
2/27/2017,2017,2,27,3.879,9.447,,9.873,17.809,
2/28/2017,2017,2,28,4.266,10.45,,6.145,14.495,
03/01/2017,2017,3,1,5.41,11.479,,12.248,22.824,
03/02/2017,2017,3,2,3.745,6.137,,8.478,16.425,
03/03/2017,2017,3,3,3.767,12.771,,9.633,18.018,
03/04/2017,2017,3,4,3.681,8.996,,10.016,18.416,
03/05/2017,2017,3,5,3.174,7.814,,6.624,13.809,
03/06/2017,2017,3,6,5.57,11.575,,15.405,25.851,
03/07/2017,2017,3,7,5.24,16.974,,21.675,32.566,
03/08/2017,2017,3,8,3.64,13.317,,14.176,25.238,
03/09/2017,2017,3,9,3.635,13.529,,20.521,27.123,
03/10/2017,2017,3,10,4.76,14.75,,24.557,21.974,
03/11/2017,2017,3,11,4.697,11.708,,32.759,29.448,
03/12/2017,2017,3,12,4.119,12.623,,27.034,24.386,
3/13/2017,2017,3,13,4.057,10.45,,29.127,26.297,
3/14/2017,2017,3,14,5.542,11.949,,27.811,25.111,
3/15/2017,2017,3,15,3.249,11.724,,21.544,19.442,
3/16/2017,2017,3,16,3.055,10.366,,11.99,10.908,
3/17/2017,2017,3,17,3.129,11.46,,16.162,14.6,
3/18/2017,2017,3,18,3.307,11.164,,15.694,14.213,
3/19/2017,2017,3,19,3.046,12.556,,19.342,17.475,
3/20/2017,2017,3,20,3.355,12.594,,18.933,17.046,
3/21/2017,2017,3,21,3.517,10.305,,24.093,21.761,
3/22/2017,2017,3,22,3.613,12.312,,18.09,16.416,
3/23/2017,2017,3,23,6.145,13.209,,18.081,16.385,
3/24/2017,2017,3,24,3.808,11.889,,18.155,16.409,
3/25/2017,2017,3,25,3.583,9.405,,16.8,15.215,
3/26/2017,2017,3,26,3.403,9.005,,16.88,15.32,
3/27/2017,2017,3,27,3.433,8.435,,7.599,7.051,
3/28/2017,2017,3,28,3.689,10.66,,9.654,14.964,
3/29/2017,2017,3,29,3.801,13.427,,16.129,28.023,
3/30/2017,2017,3,30,,,,,,
3/31/2017,2017,3,31,,,,,,
04/01/2017,2017,4,1,-999.0,-999.0,-999.0,-999.0,-999.0,-999.0
04/02/2017,2017,4,2,-999.0,-999.0,-999.0,-999.0,-999.0,-999.0
04/03/2017,2017,4,3,-999.0,-999.0,-999.0,-999.0,-999.0,-999.0
04/04/2017,2017,4,4,1.355,7.208,37.798,4.162,17.301,0.238
04/05/2017,2017,4,5,2.259,9.052,38.469,12.654,28.253,0.195
04/06/2017,2017,4,6,2.17,10.358,34.139,16.068,31.94,0.17
04/07/2017,2017,4,7,1.449,13.181,25.065,15.05,33.064,0.185
04/08/2017,2017,4,8,1.618,11.368,28.02,17.39,29.627,0.148
04/09/2017,2017,4,9,1.521,10.91,27.486,17.816,27.029,0.144
04/10/2017,2017,4,10,3.034,10.895,43.374,26.68,40.112,0.131
04/11/2017,2017,4,11,1.769,3.207,29.936,17.237,27.846,0.05
04/12/2017,2017,4,12,1.735,9.283,39.241,20.677,35.125,0.097
4/13/2017,2017,4,13,6.329,13.79,29.25,13.453,25.337,0.086
4/14/2017,2017,4,14,0.617,5.369,29.169,9.098,19.86,0.076
4/15/2017,2017,4,15,0.937,9.141,30.492,15.485,30.863,0.14
4/16/2017,2017,4,16,0.772,9.489,19.593,11.512,24.845,0.157
4/17/2017,2017,4,17,1.336,8.975,28.743,13.041,24.113,0.126
4/18/2017,2017,4,18,2.089,15.815,34.896,19.825,30.328,0.176
4/19/2017,2017,4,19,3.788,11.193,17.917,13.458,20.741,0.177
4/20/2017,2017,4,20,3.871,10.735,30.928,10.54,15.418,0.131
4/21/2017,2017,4,21,5.085,14.995,34.409,14.076,23.471,0.162
4/22/2017,2017,4,22,2.503,11.757,16.272,10.958,20.978,0.121
4/23/2017,2017,4,23,1.255,8.709,23.26,11.219,20.092,0.13
4/24/2017,2017,4,24,1.513,9.674,35.047,14.427,26.893,0.171
4/25/2017,2017,4,25,1.368,12.774,33.797,18.028,30.188,0.215
4/26/2017,2017,4,26,1.018,11.958,32.659,15.566,25.704,0.164
4/27/2017,2017,4,27,1.761,7.524,27.429,15.938,30.974,0.165
4/28/2017,2017,4,28,1.332,8.927,25.425,15.275,35.359,0.158
4/29/2017,2017,4,29,2.218,12.731,25.562,13.605,34.275,0.169
4/30/2017,2017,4,30,1.32,9.061,34.066,17.286,41.335,0.2
05/01/2017,2017,5,1,1.871,5.396,37.496,17.346,38.454,0.201
05/02/2017,2017,5,2,1.947,14.671,42.243,20.653,40.334,0.222
05/03/2017,2017,5,3,1.35,16.519,36.34,21.092,40.723,0.231
05/04/2017,2017,5,4,1.187,14.108,30.572,9.394,26.201,0.196
05/05/2017,2017,5,5,1.581,18.005,24.841,15.815,32.969,0.214
05/06/2017,2017,5,6,1.393,11.522,29.379,10.386,25.234,0.188
05/07/2017,2017,5,7,1.767,9.547,24.463,8.818,22.939,0.173
05/08/2017,2017,5,8,1.457,10.512,24.855,13.142,27.889,0.178
05/09/2017,2017,5,9,1.343,13.083,36.235,15.827,30.914,0.178
05/10/2017,2017,5,10,1.315,9.325,21.255,10.801,24.859,0.166
05/11/2017,2017,5,11,1.692,11.155,17.983,8.753,27.353,0.175
05/12/2017,2017,5,12,1.232,12.316,18.5,10.843,29.978,0.161
5/13/2017,2017,5,13,1.297,10.197,25.194,15.1,35.468,0.177
5/14/2017,2017,5,14,2.151,10.043,25.743,13.484,30.149,0.166
5/15/2017,2017,5,15,1.34,8.278,30.175,13.819,28.879,0.175
5/16/2017,2017,5,16,3.384,9.229,18.062,18.53,35.092,0.175
5/17/2017,2017,5,17,2.095,11.775,7.687,17.139,29.412,0.201
5/18/2017,2017,5,18,2.216,13.367,9.781,13.41,24.689,0.215
5/19/2017,2017,5,19,1.788,10.971,10.606,12.818,24.265,0.203
5/20/2017,2017,5,20,4.429,10.652,8.534,11.757,17.868,0.552
5/21/2017,2017,5,21,2.451,7.058,6.723,15.829,26.408,0.214
5/22/2017,2017,5,22,2.607,6.942,6.684,8.07,19.407,0.144
5/23/2017,2017,5,23,3.543,9.443,5.609,10.169,22.642,0.154
5/24/2017,2017,5,24,3.886,9.223,5.15,11.096,22.488,0.182
5/25/2017,2017,5,25,3.14,10.374,8.375,12.442,27.281,0.247
5/26/2017,2017,5,26,6.778,11.067,5.504,11.895,24.863,0.178
5/27/2017,2017,5,27,1.844,8.404,6.683,9.183,17.119,0.168
5/28/2017,2017,5,28,2.259,6.14,22.028,4.839,15.376,0.176
5/29/2017,2017,5,29,1.93,8.399,5.705,5.835,21.987,0.196
5/30/2017,2017,5,30,2.554,7.165,11.339,5.983,20.831,0.174
5/31/2017,2017,5,31,3.237,7.46,5.133,7.013,16.064,0.185
06/01/2017,2017,6,1,4.03,8.257,8.102,7.76,14.142,0.21
06/02/2017,2017,6,2,1.533,9.07,,8.737,21.27,0.23
06/03/2017,2017,6,3,1.457,10.516,4.135,10.421,32.903,0.218
06/04/2017,2017,6,4,2.185,6.866,4.77,7.615,22.016,0.175
06/05/2017,2017,6,5,2.816,9.171,5.924,8.2,22.499,0.168
06/06/2017,2017,6,6,2.017,10.191,10.841,10.836,28.156,0.193
06/07/2017,2017,6,7,1.77,11.032,7.629,11.751,27.059,0.245
06/08/2017,2017,6,8,1.808,5.722,4.617,7.382,20.956,0.194
06/09/2017,2017,6,9,1.263,5.086,4.114,7.996,21.252,0.193
06/10/2017,2017,6,10,1.576,6.492,6.042,4.786,19.162,0.173
06/11/2017,2017,6,11,2.133,5.745,3.933,7.09,20.369,0.158
06/12/2017,2017,6,12,2.959,7.28,6.033,10.17,28.57,0.171
6/13/2017,2017,6,13,1.368,7.958,3.194,12.868,29.5,0.195
6/14/2017,2017,6,14,1.637,10.688,4.832,13.857,26.631,0.199
6/15/2017,2017,6,15,1.669,11.206,8.632,13.247,39.856,0.17
6/16/2017,2017,6,16,4.148,12.809,7.712,,,
6/17/2017,2017,6,17,3.943,8.798,27.393,,,
6/18/2017,2017,6,18,10.705,26.44,14.876,,,
6/19/2017,2017,6,19,2.55,9.268,18.788,,,
6/20/2017,2017,6,20,2.52,10.692,18.282,,,
6/21/2017,2017,6,21,2.746,18.734,26.014,,,
6/22/2017,2017,6,22,9.077,21.922,,,,
6/23/2017,2017,6,23,7.622,25.064,45.232,,,
6/24/2017,2017,6,24,6.654,21.083,,,,
6/25/2017,2017,6,25,6.332,24.185,,,,
6/26/2017,2017,6,26,5.977,27.777,,,,
6/27/2017,2017,6,27,4.074,36.089,,,,
6/28/2017,2017,6,28,5.542,25.985,2.401,,,
6/29/2017,2017,6,29,9.056,22.023,72.417,,,
6/30/2017,2017,6,30,16.119,59.927,,,,
07/01/2017,2017,7,1,22.897,97.061,-999.0,0.0,14.967,
07/02/2017,2017,7,2,33.986,96.5,-999.0,0.0,16.457,
07/03/2017,2017,7,3,48.919,33.621,17.356,0.0,10.055,
07/04/2017,2017,7,4,1.497,7.158,17.331,0.3,7.907,
07/05/2017,2017,7,5,1.327,7.265,22.257,0.017,10.883,
07/06/2017,2017,7,6,2.106,11.688,20.298,0.018,11.649,
07/07/2017,2017,7,7,1.972,7.681,15.309,0.152,10.611,
07/08/2017,2017,7,8,2.133,8.755,21.651,0.079,11.572,
07/09/2017,2017,7,9,2.096,7.192,20.221,0.157,7.438,
07/10/2017,2017,7,10,2.61,9.735,25.545,3.895,13.971,
07/11/2017,2017,7,11,1.335,7.285,9.695,0.03,9.555,
07/12/2017,2017,7,12,1.427,7.485,6.071,0.0,8.355,
7/13/2017,2017,7,13,1.812,7.114,12.867,0.269,7.927,
7/14/2017,2017,7,14,2.917,5.842,14.623,7.28,11.532,
7/15/2017,2017,7,15,2.199,6.689,9.954,0.052,7.186,
7/16/2017,2017,7,16,1.052,5.422,9.613,0.007,9.252,
7/17/2017,2017,7,17,1.801,6.358,8.867,0.085,7.511,
7/18/2017,2017,7,18,1.191,6.356,11.08,0.17,9.771,
7/19/2017,2017,7,19,1.212,8.906,10.678,0.0,10.996,
7/20/2017,2017,7,20,1.169,7.757,7.851,0.0,8.02,
7/21/2017,2017,7,21,2.78,8.107,16.818,0.0,12.06,
7/22/2017,2017,7,22,1.434,5.751,16.702,0.0,8.18,
7/23/2017,2017,7,23,1.723,6.777,16.476,0.046,7.823,
7/24/2017,2017,7,24,2.864,6.871,18.976,0.131,13.85,
7/25/2017,2017,7,25,2.327,6.442,17.504,0.039,9.946,
7/26/2017,2017,7,26,1.766,7.069,9.336,0.0,8.312,
7/27/2017,2017,7,27,1.869,7.89,5.029,0.0,8.288,
7/28/2017,2017,7,28,2.292,10.107,15.232,0.009,7.551,
7/29/2017,2017,7,29,1.863,20.524,4.941,0.006,9.951,
7/30/2017,2017,7,30,1.297,5.915,9.897,0.0,13.531,
7/31/2017,2017,7,31,1.921,5.856,10.508,2.666,17.528,
08/01/2017,2017,8,1,1.872,6.525,11.236,-999.0,-999.0,-999.0
08/02/2017,2017,8,2,3.588,10.827,34.294,5.105,7.859,0.217
08/03/2017,2017,8,3,6.536,13.113,10.973,9.223,13.753,0.177
08/04/2017,2017,8,4,3.366,8.857,13.596,16.481,25.515,0.17
08/05/2017,2017,8,5,2.63,9.185,18.184,8.826,16.154,0.186
08/06/2017,2017,8,6,3.806,6.542,12.439,10.313,24.782,0.712
08/07/2017,2017,8,7,3.266,5.049,9.757,-999.0,-999.0,-999.0
08/08/2017,2017,8,8,4.616,10.757,12.339,-999.0,-999.0,-999.0
08/09/2017,2017,8,9,38.526,34.005,82.485,-999.0,-999.0,-999.0
08/10/2017,2017,8,10,42.407,65.477,-999.0,-999.0,-999.0,-999.0
08/11/2017,2017,8,11,46.093,97.009,-999.0,-999.0,-999.0,-999.0
08/12/2017,2017,8,12,111.499,98.251,-999.0,-999.0,-999.0,-999.0
8/13/2017,2017,8,13,106.387,94.331,-999.0,-999.0,-999.0,-999.0
8/14/2017,2017,8,14,121.959,73.601,-999.0,-999.0,-999.0,-999.0
8/15/2017,2017,8,15,113.872,124.713,-999.0,-999.0,-999.0,-999.0
8/16/2017,2017,8,16,114.002,97.471,-999.0,-999.0,-999.0,-999.0
8/17/2017,2017,8,17,39.357,128.867,-999.0,-999.0,-999.0,-999.0
8/18/2017,2017,8,18,-999.0,-999.0,-999.0,-999.0,-999.0,-999.0
8/19/2017,2017,8,19,-999.0,-999.0,-999.0,-999.0,-999.0,-999.0
8/20/2017,2017,8,20,-999.0,175.668,-999.0,-999.0,-999.0,-999.0
8/21/2017,2017,8,21,-999.0,-999.0,-999.0,-999.0,-999.0,-999.0
8/22/2017,2017,8,22,-999.0,-999.0,-999.0,-999.0,-999.0,-999.0
8/23/2017,2017,8,23,-999.0,-999.0,-999.0,-999.0,-999.0,-999.0
8/24/2017,2017,8,24,2.69,9.88,9.618,-999.0,-999.0,-999.0
8/25/2017,2017,8,25,2.755,5.198,14.114,-999.0,-999.0,-999.0
8/26/2017,2017,8,26,2.91,6.312,7.408,-999.0,-999.0,-999.0
8/27/2017,2017,8,27,2.48,2.836,15.875,-999.0,-999.0,-999.0
8/28/2017,2017,8,28,2.602,6.211,14.288,-999.0,-999.0,-999.0
8/29/2017,2017,8,29,3.353,7.646,16.193,-999.0,-999.0,-999.0
8/30/2017,2017,8,30,4.577,7.748,27.698,-999.0,-999.0,-999.0
8/31/2017,2017,8,31,4.325,7.053,11.988,-999.0,-999.0,-999.0
09/01/2017,2017,9,1,4.725,8.428,14.483,-999.0,-999.0,-999.0
09/02/2017,2017,9,2,5.461,8.247,23.347,-999.0,-999.0,-999.0
09/03/2017,2017,9,3,4.051,5.335,18.205,-999.0,-999.0,-999.0
09/04/2017,2017,9,4,4.869,5.118,14.103,-999.0,-999.0,-999.0
09/05/2017,2017,9,5,3.876,6.238,8.505,-999.0,-999.0,-999.0
09/06/2017,2017,9,6,4.169,11.236,17.136,-999.0,-999.0,-999.0
09/07/2017,2017,9,7,4.851,4.512,22.662,-999.0,-999.0,-999.0
09/08/2017,2017,9,8,4.829,11.464,21.584,15.973,22.845,0.156
09/09/2017,2017,9,9,3.953,10.504,18.635,18.575,28.904,0.115
09/10/2017,2017,9,10,6.366,25.006,8.469,17.303,26.951,0.141
09/11/2017,2017,9,11,4.356,5.095,17.066,19.288,28.641,0.154
09/12/2017,2017,9,12,4.119,5.117,7.299,10.018,19.361,0.096
9/13/2017,2017,9,13,-999.0,-999.0,-999.0,-999.0,-999.0,-999.0
9/14/2017,2017,9,14,-999.0,-999.0,-999.0,-999.0,-999.0,-999.0
9/15/2017,2017,9,15,-999.0,-999.0,-999.0,-999.0,-999.0,-999.0
9/16/2017,2017,9,16,-999.0,-999.0,-999.0,-999.0,-999.0,-999.0
9/17/2017,2017,9,17,-999.0,-999.0,-999.0,-999.0,-999.0,-999.0
9/18/2017,2017,9,18,-999.0,-999.0,-999.0,-999.0,-999.0,-999.0
9/19/2017,2017,9,19,-999.0,-999.0,-999.0,-999.0,-999.0,-999.0
9/20/2017,2017,9,20,-999.0,-999.0,-999.0,-999.0,-999.0,-999.0
9/21/2017,2017,9,21,6.063,6.306,32.312,7.388,7.943,0.098
9/22/2017,2017,9,22,7.617,9.628,30.826,12.945,20.734,0.095
9/23/2017,2017,9,23,7.359,9.298,17.243,6.466,15.881,0.112
9/24/2017,2017,9,24,6.147,10.132,20.352,8.042,19.266,0.13
9/25/2017,2017,9,25,6.655,11.277,20.515,10.319,17.069,0.166
9/26/2017,2017,9,26,7.386,11.608,30.518,5.586,16.365,0.146
9/27/2017,2017,9,27,6.572,10.098,18.964,7.046,17.168,0.088
9/28/2017,2017,9,28,5.103,11.474,11.143,9.505,15.891,0.12
9/29/2017,2017,9,29,4.862,11.851,11.226,15.949,25.079,0.17
9/30/2017,2017,9,30,4.118,10.453,8.452,12.473,28.745,0.171
10/01/2017,2017,10,1,4.579,9.257,28.091,10.603,21.843,0.152
10/02/2017,2017,10,2,3.919,6.508,14.422,10.03,23.698,0.146
10/03/2017,2017,10,3,3.96,7.228,7.663,9.605,23.008,0.143
10/04/2017,2017,10,4,5.442,7.211,12.861,13.051,16.95,0.114
10/05/2017,2017,10,5,12.142,7.364,15.525,7.254,11.023,0.264
10/06/2017,2017,10,6,10.699,3.852,40.976,8.373,11.431,0.14
10/07/2017,2017,10,7,11.446,8.572,33.256,10.678,14.887,0.298
10/08/2017,2017,10,8,11.443,5.118,37.21,10.515,15.277,0.313
10/09/2017,2017,10,9,12.362,4.425,35.375,11.613,14.348,0.289
10/10/2017,2017,10,10,11.29,3.767,43.896,8.373,9.636,0.232
10/11/2017,2017,10,11,12.285,6.011,40.661,12.428,14.796,0.28
10/12/2017,2017,10,12,13.074,6.141,36.072,11.581,14.486,0.303
10/13/2017,2017,10,13,12.34,2.518,26.23,17.949,16.689,0.099
10/14/2017,2017,10,14,12.683,2.827,26.101,9.766,9.331,0.106
10/15/2017,2017,10,15,12.278,2.278,46.832,6.147,7.689,0.144
10/16/2017,2017,10,16,11.17,3.524,43.582,5.545,7.414,0.238
10/17/2017,2017,10,17,11.321,5.156,46.064,11.61,14.031,0.29
10/18/2017,2017,10,18,11.966,7.776,52.976,18.133,21.871,0.328
10/19/2017,2017,10,19,14.041,8.495,53.01,17.903,21.127,0.394
10/20/2017,2017,10,20,14.815,4.48,77.822,9.098,10.785,0.201
10/21/2017,2017,10,21,14.895,3.801,57.467,14.359,18.054,0.139
10/22/2017,2017,10,22,14.556,1.818,70.619,10.776,13.258,0.193
10/23/2017,2017,10,23,14.419,6.844,67.736,20.975,24.529,0.425
10/24/2017,2017,10,24,14.277,7.729,66.983,15.005,18.179,0.457
10/25/2017,2017,10,25,12.716,10.733,56.428,,,0.471
10/26/2017,2017,10,26,13.041,6.465,60.143,,,0.352
10/27/2017,2017,10,27,13.589,6.726,60.702,,,0.411
10/28/2017,2017,10,28,13.59,5.745,65.879,,,0.326
10/29/2017,2017,10,29,13.677,7.597,62.946,,,0.453
10/30/2017,2017,10,30,13.792,5.392,71.44,,,0.364
10/31/2017,2017,10,31,12.554,3.602,80.023,,,0.297
11/01/2017,2017,11,1,13.053,9.324,65.461,-999.0,-999.0,0.421
11/02/2017,2017,11,2,-999.0,-999.0,-999.0,-999.0,-999.0,-999.0
11/03/2017,2017,11,3,-999.0,-999.0,-999.0,-999.0,-999.0,-999.0
11/04/2017,2017,11,4,-999.0,-999.0,-999.0,-999.0,-999.0,-999.0
11/05/2017,2017,11,5,-999.0,-999.0,-999.0,-999.0,-999.0,-999.0
11/06/2017,2017,11,6,-999.0,-999.0,-999.0,-999.0,-999.0,-999.0
11/07/2017,2017,11,7,-999.0,-999.0,-999.0,-999.0,-999.0,-999.0
11/08/2017,2017,11,8,-999.0,-999.0,-999.0,-999.0,-999.0,-999.0
11/09/2017,2017,11,9,-999.0,-999.0,-999.0,-999.0,-999.0,-999.0
11/10/2017,2017,11,10,-999.0,-999.0,-999.0,-999.0,-999.0,-999.0
11/11/2017,2017,11,11,-999.0,-999.0,-999.0,-999.0,-999.0,-999.0
11/12/2017,2017,11,12,-999.0,-999.0,-999.0,-999.0,-999.0,-999.0
11/13/2017,2017,11,13,-999.0,-999.0,-999.0,-999.0,-999.0,-999.0
11/14/2017,2017,11,14,9.012,8.941,35.665,11.888,29.847,0.421
11/15/2017,2017,11,15,14.241,7.901,24.357,12.434,27.227,0.308
11/16/2017,2017,11,16,13.814,5.878,22.606,13.29,25.216,0.356
11/17/2017,2017,11,17,13.926,5.498,25.072,22.36,33.675,0.413
11/18/2017,2017,11,18,13.529,3.428,24.811,12.775,21.604,0.307
11/19/2017,2017,11,19,12.678,5.636,15.012,13.012,23.874,0.309
11/20/2017,2017,11,20,12.452,4.091,15.512,8.354,17.233,0.246
11/21/2017,2017,11,21,12.575,4.063,19.885,9.22,16.874,0.284
11/22/2017,2017,11,22,13.224,6.599,22.51,11.878,20.847,0.395
11/23/2017,2017,11,23,12.721,6.987,23.366,14.114,22.115,0.409
11/24/2017,2017,11,24,11.959,4.715,21.296,13.415,20.331,0.348
11/25/2017,2017,11,25,11.62,6.99,19.491,16.841,25.18,0.376
11/26/2017,2017,11,26,11.817,6.669,18.581,11.876,19.159,0.352
11/27/2017,2017,11,27,11.95,7.406,20.247,14.435,24.049,0.356
11/28/2017,2017,11,28,11.989,14.516,18.889,18.548,29.987,0.415
11/29/2017,2017,11,29,12.55,9.593,19.508,13.251,22.753,0.335
11/30/2017,2017,11,30,12.321,9.381,17.861,15.221,20.743,0.373
12/01/2017,2017,12,1,12.644,8.819,22.629,15.569,20.248,0.366
12/02/2017,2017,12,2,12.834,6.119,25.665,20.624,27.313,0.448
12/03/2017,2017,12,3,12.335,7.269,22.573,20.486,29.432,0.52
12/04/2017,2017,12,4,12.751,7.482,22.447,14.28,22.123,0.386
12/05/2017,2017,12,5,12.387,5.568,24.198,10.432,15.402,0.341
12/06/2017,2017,12,6,-999.0,-999.0,-999.0,13.839,22.165,0.343
12/07/2017,2017,12,7,12.481,2.302,28.038,18.994,28.875,0.414
12/08/2017,2017,12,8,12.573,7.64,24.264,10.732,20.468,0.302
12/09/2017,2017,12,9,13.054,9.9,27.462,17.434,25.561,0.372
12/10/2017,2017,12,10,12.83,8.299,25.864,19.697,25.206,0.479
12/11/2017,2017,12,11,12.723,7.196,21.927,16.455,23.197,0.466
12/12/2017,2017,12,12,12.549,6.055,25.491,13.011,20.451,0.314
12/13/2017,2017,12,13,12.571,6.871,22.541,10.329,17.347,0.341
12/14/2017,2017,12,14,12.228,9.682,26.234,13.176,23.871,0.33
12/15/2017,2017,12,15,12.273,14.161,23.543,18.3,28.394,0.414
12/16/2017,2017,12,16,12.463,16.794,25.858,27.542,38.95,0.471
12/17/2017,2017,12,17,13.053,15.951,21.353,30.579,40.794,0.493
12/18/2017,2017,12,18,12.58,9.236,17.048,31.575,38.815,0.492
12/19/2017,2017,12,19,12.992,8.405,26.918,22.174,28.098,0.423
12/20/2017,2017,12,20,12.175,5.779,22.668,8.603,12.927,0.256
12/21/2017,2017,12,21,10.766,2.453,28.264,5.05,18.542,0.206
12/22/2017,2017,12,22,12.009,6.683,22.79,17.97,24.923,0.287
12/23/2017,2017,12,23,12.432,8.543,19.99,19.062,24.915,0.357
12/24/2017,2017,12,24,12.166,6.953,21.425,13.273,17.699,0.317
12/25/2017,2017,12,25,12.539,6.59,19.525,17.391,23.205,0.383
12/26/2017,2017,12,26,12.106,8.027,20.585,12.567,18.316,0.386
12/27/2017,2017,12,27,11.927,9.94,17.282,15.406,21.581,0.362
12/28/2017,2017,12,28,15.08,16.866,9.949,9.43,15.346,0.282
12/29/2017,2017,12,29,12.031,9.048,20.837,11.994,18.723,0.259
12/30/2017,2017,12,30,11.989,13.303,22.338,9.719,15.125,0.249
12/31/2017,2017,12,31,12.768,8.892,26.561,15.551,21.188,0.315
01/01/2018,2018,1,1,12.005625,-372.745625,25.65958333,11.66454167,17.878875,0.225583333
01/02/2018,2018,1,2,-283.4301667,-324.2891667,-270.93075,6.926791667,14.19208333,0.262625
01/03/2018,2018,1,3,11.30379167,-246.4164167,26.150375,10.21954167,16.60933333,0.246333333
01/04/2018,2018,1,4,11.96041667,-202.5450833,18.3155,9.866708333,15.494375,0.25075
01/05/2018,2018,1,5,12.48933333,-117.6354167,18.474,18.10558333,24.197,0.333458333
01/06/2018,2018,1,6,11.94058333,-325.8842917,15.19345833,6.506416667,12.43,0.250333333
01/07/2018,2018,1,7,12.24616667,-245.2362083,18.07658333,16.57441667,22.70854167,0.28925
01/08/2018,2018,1,8,12.052125,-204.2015,15.17495833,9.438041667,11.72458333,-83.00116667
01/09/2018,2018,1,9,12.53066667,-246.7047917,17.07029167,15.83308333,18.942,-999.0
01/10/2018,2018,1,10,12.66116667,-246.276125,22.03179167,14.94479167,19.79758333,-999.0
01/11/2018,2018,1,11,12.08808333,-117.775,23.96854167,9.111083333,13.73616667,-999.0
01/12/2018,2018,1,12,11.70970833,-79.135625,32.58591667,5.111125,9.31525,-999.0
1/13/2018,2018,1,13,11.533875,-78.455,30.594125,5.408666667,10.69391667,-999.0
1/14/2018,2018,1,14,11.40966667,-203.4939583,27.27254167,9.246916667,13.53391667,-999.0
1/15/2018,2018,1,15,12.220125,-78.91395833,25.75320833,15.051375,23.52208333,-999.0
1/16/2018,2018,1,16,12.49804167,-76.60558333,23.16704167,25.35808333,32.243125,-999.0
1/17/2018,2018,1,17,-240.315,21.66375,-196.696875,26.00508333,29.839375,-999.0
1/18/2018,2018,1,18,12.69075,-34.56216667,-23.50208333,18.29404167,22.60841667,-999.0
1/19/2018,2018,1,19,12.31541667,-159.0248333,15.570125,7.321208333,12.08895833,-999.0
1/20/2018,2018,1,20,12.72016667,-115.9625,19.244375,18.97354167,24.54395833,-999.0
1/21/2018,2018,1,21,12.675625,-203.0777083,20.69483333,16.65729167,21.15608333,-999.0
1/22/2018,2018,1,22,13.16579167,-288.4995,20.97545833,16.813,20.497375,-999.0
1/23/2018,2018,1,23,12.56220833,-77.95570833,20.12433333,17.01254167,24.136875,-999.0
1/24/2018,2018,1,24,12.89254167,-162.7805833,21.59308333,18.39541667,29.549625,-999.0
1/25/2018,2018,1,25,13.02691667,-202.7185,22.38883333,23.59616667,36.96116667,-999.0
1/26/2018,2018,1,26,12.77429167,-202.1455833,21.750125,16.9045,30.13595833,-999.0
1/27/2018,2018,1,27,-493.452625,-497.2908333,-491.4111667,-494.3850833,-490.5997083,-999.0
1/28/2018,2018,1,28,-999.0,-999.0,-999.0,-999.0,-999.0,-999.0
1/29/2018,2018,1,29,-999.0,-999.0,-999.0,-999.0,-999.0,-999.0
1/30/2018,2018,1,30,-999.0,-999.0,-999.0,-999.0,-999.0,-999.0
1/31/2018,2018,1,31,-619.4690833,-704.0136667,-610.2934167,-617.7813333,-613.2221667,-999.0
02/01/2018,2018,2,1,13.538375,-201.5211667,30.49320833,20.57191667,35.05695833,-999.0
02/02/2018,2018,2,2,13.41695833,7.26725,31.07441667,23.51575,39.31675,-999.0
02/03/2018,2018,2,3,13.49466667,-34.66641667,32.68745833,24.71225,47.66829167,-999.0
02/04/2018,2018,2,4,13.31220833,-243.4489167,33.17266667,19.96454167,41.262375,-999.0
02/05/2018,2018,2,5,13.021125,-413.5595,38.48283333,12.178875,33.95633333,-999.0
02/06/2018,2018,2,6,13.023,-204.7697083,41.0615,14.755625,30.39108333,-999.0
02/07/2018,2018,2,7,13.36691667,-77.515375,28.40954167,18.73191667,32.12916667,-999.0
02/08/2018,2018,2,8,12.9925,-122.124875,38.69683333,6.161375,11.87083333,-999.0
02/09/2018,2018,2,9,13.37604167,-76.724,32.521375,28.084375,38.784,-999.0
02/10/2018,2018,2,10,13.33908333,-160.8642917,34.408875,24.01845833,36.757125,-999.0
02/11/2018,2018,2,11,13.41545833,-330.0744583,33.26733333,12.31354167,23.37020833,-999.0
02/12/2018,2018,2,12,13.63958333,-161.4550833,32.65195833,13.69495833,27.37691667,-999.0
2/13/2018,2018,2,13,12.49058333,5.3215,40.49808333,7.651958333,17.85733333,-999.0
2/14/2018,2018,2,14,13.75041667,-160.3860833,36.74354167,20.20483333,33.4825,-999.0
2/15/2018,2018,2,15,13.49954167,-159.4920417,34.0295,20.974,30.94466667,-999.0
2/16/2018,2018,2,16,13.44783333,-453.420375,29.204625,12.310875,20.28670833,-999.0
2/17/2018,2018,2,17,13.47129167,-413.62125,28.50295833,19.14345833,31.864375,-999.0
2/18/2018,2018,2,18,13.348375,-328.3552083,26.58454167,15.9665,26.606625,-999.0
2/19/2018,2018,2,19,13.26941667,-161.3971667,27.315375,17.112375,34.54170833,-999.0
2/20/2018,2018,2,20,14.12304167,-161.41825,33.59683333,24.33166667,39.987,-999.0
2/21/2018,2018,2,21,13.98091667,-162.0302083,27.036875,15.67454167,27.75666667,-999.0
2/22/2018,2018,2,22,13.47516667,-203.0387083,24.56591667,15.49841667,28.32658333,-999.0
2/23/2018,2018,2,23,11.71758333,-243.7166667,13.437625,13.94683333,33.38154167,-999.0
2/24/2018,2018,2,24,11.678,-202.6425417,-26.68033333,14.98808333,31.916,-999.0
2/25/2018,2018,2,25,11.66370833,-246.397,14.33933333,19.21533333,34.4675,-999.0
2/26/2018,2018,2,26,12.10345833,-161.9380417,15.67595833,16.94095833,31.028,-999.0
2/27/2018,2018,2,27,11.16870833,-286.5737917,11.72820833,8.898125,20.977125,-999.0
2/28/2018,2018,2,28,11.60654167,-285.357875,16.03270833,13.17629167,24.45041667,-999.0
03/01/2018,2018,3,1,11.86104167,-286.6529167,-28.59433333,15.353375,30.004,-999.0
03/02/2018,2018,3,2,11.54833333,-205.0359583,-71.18083333,17.83441667,28.41758333,-999.0
03/03/2018,2018,3,3,-68.63083333,-232.043875,-157.9214167,10.41558333,23.50191667,-999.0
03/04/2018,2018,3,4,11.24283333,-330.637625,11.21604167,10.40216667,20.992375,-999.0
03/05/2018,2018,3,5,-30.93725,-280.4082083,-24.00295833,14.45675,30.71366667,-999.0
03/06/2018,2018,3,6,11.88208333,-203.3645,17.63795833,21.28770833,37.140125,-999.0
03/07/2018,2018,3,7,11.601375,-79.53166667,16.81429167,16.57929167,33.03,-999.0
03/08/2018,2018,3,8,11.720875,-329.8283333,19.75725,15.261125,31.32583333,-999.0
03/09/2018,2018,3,9,11.67108333,-286.5733333,19.88758333,16.10691667,30.21183333,-999.0
03/10/2018,2018,3,10,11.21158333,-204.4198333,26.457375,7.482166667,17.59695833,-999.0
03/11/2018,2018,3,11,11.414375,-77.59620833,27.82691667,10.852,22.5445,-999.0
03/12/2018,2018,3,12,11.42141667,-158.9085,27.32925,14.83420833,31.09,-999.0
3/13/2018,2018,3,13,11.5505,-159.809625,26.077375,14.19816667,28.866625,-999.0
3/14/2018,2018,3,14,11.69458333,-157.8544583,23.46241667,17.66066667,38.21995833,-790.8644167
3/15/2018,2018,3,15,11.57745833,-244.768625,24.14175,15.04141667,31.16325,-416.202125
3/16/2018,2018,3,16,11.79720833,-243.3799167,23.36425,23.05291667,70.15804167,0.129416667
3/17/2018,2018,3,17,11.082375,-201.9156667,19.36008333,15.41316667,46.14120833,0.097916667
3/18/2018,2018,3,18,10.709375,-203.5000833,19.26895833,16.68895833,44.11654167,0.108458333
3/19/2018,2018,3,19,10.74583333,-160.6830417,19.156125,19.73008333,51.71275,0.104458333
3/20/2018,2018,3,20,11.512875,-328.7979583,18.69329167,21.983875,50.3915,0.11675
3/21/2018,2018,3,21,11.27,-452.7960417,24.21304167,27.41258333,50.331125,0.128166667
3/22/2018,2018,3,22,10.87720833,-33.478125,21.30175,17.648875,41.99908333,0.15325
3/23/2018,2018,3,23,10.431875,-35.72054167,26.424,13.676875,35.97291667,0.1205
3/24/2018,2018,3,24,10.44345833,-157.8045833,23.473125,18.94891667,43.72820833,0.127166667
3/25/2018,2018,3,25,10.48920833,-200.065875,24.25975,21.79933333,41.64383333,0.125166667
3/26/2018,2018,3,26,10.80791667,-242.3353333,24.29041667,23.46691667,41.84508333,0.159458333
3/27/2018,2018,3,27,11.15366667,-160.0084167,25.82025,29.77979167,49.85008333,0.173833333
3/28/2018,2018,3,28,11.83175,-283.8716667,24.54120833,32.03341667,53.66654167,0.1465
3/29/2018,2018,3,29,10.83591667,-494.796125,24.39708333,30.80354167,49.201375,0.167833333
3/30/2018,2018,3,30,10.70320833,-538.493,21.26145833,21.87066667,36.52575,0.113708333
3/31/2018,2018,3,31,9.972291667,-330.7922083,17.76708333,8.283333333,15.019875,-41.54783333
04/01/2018,2018,4,1,10.49304167,-328.9551667,21.23983333,10.01154167,18.650125,0.114083333
04/02/2018,2018,4,2,11.26020833,-328.498,16.64420833,13.513125,22.52529167,0.101125
04/03/2018,2018,4,3,11.29970833,-244.939,-106.8170417,12.73245833,23.00579167,0.08875
04/04/2018,2018,4,4,10.76229167,-329.9915833,-66.172625,9.086541667,17.74770833,0.084541667
04/05/2018,2018,4,5,10.606375,-287.5564167,-25.91941667,9.692375,22.21766667,0.072041667
04/06/2018,2018,4,6,10.49241667,-414.8419583,19.462,11.48895833,21.81825,-124.8115417
04/07/2018,2018,4,7,10.572375,-329.3628333,19.5715,15.45141667,25.16325,-41.53083333
04/08/2018,2018,4,8,10.15929167,-204.019375,22.032875,11.588375,18.735375,0.116833333
04/09/2018,2018,4,9,-74.36904167,-151.9397083,-110.4981667,13.74483333,22.3185,-41.49533333
04/10/2018,2018,4,10,10.37379167,-201.8841667,-70.26,12.12904167,22.53933333,-83.10954167
04/11/2018,2018,4,11,10.44191667,-203.2705833,-152.15225,12.395,19.527875,-83.095125
04/12/2018,2018,4,12,10.41104167,-286.5401667,-198.1848333,11.7165,20.641875,-83.12366667
4/13/2018,2018,4,13,10.63258333,-162.350625,-113.0574167,13.331,25.75141667,-83.10366667
4/14/2018,2018,4,14,10.09025,-287.60975,-28.55975,11.66566667,24.06079167,-124.7455833
4/15/2018,2018,4,15,10.69258333,-288.2350417,15.27225,13.79891667,21.07679167,0.173083333
4/16/2018,2018,4,16,10.73295833,-286.286,14.18491667,20.06145833,29.9035,-83.080875
4/17/2018,2018,4,17,-410.0067917,-497.3351667,-408.93125,-366.0095833,-362.1533333,-374.4498333
4/18/2018,2018,4,18,10.6515,-288.582625,15.186,12.995625,22.64816667,0.157333333
4/19/2018,2018,4,19,10.84141667,-412.911875,-108.784625,11.3985,18.03354167,0.152125
4/20/2018,2018,4,20,10.56,-287.2532083,16.70316667,13.83229167,22.25016667,0.140541667
4/21/2018,2018,4,21,10.480125,-284.68975,-24.45229167,21.198,32.72641667,-41.41704167
4/22/2018,2018,4,22,10.68283333,-286.3535,13.093,18.131125,27.60904167,-83.0595
4/23/2018,2018,4,23,10.41720833,-246.0249167,14.78125,15.99191667,28.30004167,-166.3257083
4/24/2018,2018,4,24,10.77829167,-243.3545,-113.4025417,14.34991667,22.04958333,0.192458333
4/25/2018,2018,4,25,-30.71754167,-202.7379167,-191.1771667,-28.13866667,-20.38783333,-41.42858333
4/26/2018,2018,4,26,10.685375,-160.5407917,13.38958333,12.84733333,19.46720833,0.18425
4/27/2018,2018,4,27,-24.69379167,-237.4940833,-21.81391667,14.0835,22.72133333,-83.07641667
4/28/2018,2018,4,28,10.65570833,-370.9621667,-29.051875,14.810125,23.56470833,-41.439875
4/29/2018,2018,4,29,10.887,-202.4995833,-28.503625,13.50420833,20.795,0.210125
4/30/2018,2018,4,30,-29.47354167,-368.50575,-69.227125,14.16854167,23.91979167,0.188208333
05/01/2018,2018,5,1,-271.5571667,-2.839333333,-495.5590833,16.77458333,26.87491667,0.216708333
05/02/2018,2018,5,2,10.63254167,-330.3448333,-30.29929167,10.28479167,15.45754167,-166.3569583
05/03/2018,2018,5,3,-28.013625,-235.3213333,-71.712875,15.42591667,24.574,-41.42920833
05/04/2018,2018,5,4,10.65283333,-286.8315417,10.23466667,11.79041667,19.54716667,-83.05041667
05/05/2018,2018,5,5,-157.837875,-181.2297083,-198.6725,16.811875,41.22325,0.208166667
05/06/2018,2018,5,6,11.094625,-245.8884583,12.70075,13.80416667,34.75058333,-83.10279167
05/07/2018,2018,5,7,12.13,-413.5426667,-26.45916667,12.84258333,27.10029167,-124.77
05/08/2018,2018,5,8,12.76079167,-328.8596667,17.66591667,20.676,33.76641667,0.154625
05/09/2018,2018,5,9,11.85079167,-202.776875,17.25741667,17.77945833,29.914,0.154958333
05/10/2018,2018,5,10,11.3795,-326.982625,-105.8200833,12.313375,15.617875,0.15425
05/11/2018,2018,5,11,10.85533333,-242.8407917,-27.55341667,15.5995,22.52558333,0.178583333
05/12/2018,2018,5,12,11.60991667,-286.9205833,-155.66975,10.4055,21.09970833,0.194833333
5/13/2018,2018,5,13,11.558375,-368.62275,-111.1502917,8.728166667,14.02483333,0.192958333
5/14/2018,2018,5,14,10.79845833,-538.320625,-196.0945833,10.64470833,25.54804167,-166.3565417
5/15/2018,2018,5,15,10.95516667,-287.4398333,10.348875,8.285291667,25.04533333,-166.376375
5/16/2018,2018,5,16,11.41591667,-244.54025,-156.294,10.18533333,22.42670833,-83.06579167
5/17/2018,2018,5,17,11.27983333,-328.0995,-150.0079583,10.92883333,30.89604167,-83.09141667
5/18/2018,2018,5,18,11.55020833,-326.319125,14.33758333,15.344625,29.608625,0.165083333
5/19/2018,2018,5,19,-223.7057083,-183.95075,-577.69075,18.3415,28.54766667,0.1765
5/20/2018,2018,5,20,-72.6245,-363.6800833,-111.4830417,11.909625,21.28025,-83.09058333
5/21/2018,2018,5,21,11.35458333,-454.7662917,-27.336125,8.098291667,18.82966667,-124.7341667
5/22/2018,2018,5,22,11.96504167,-287.1407083,-191.3982083,7.496541667,18.397375,-124.7077083
5/23/2018,2018,5,23,11.5935,-282.865625,17.85058333,12.278125,20.17791667,-124.7161667
5/24/2018,2018,5,24,11.411875,-285.749625,12.89508333,9.058458333,20.767125,-41.454375
5/25/2018,2018,5,25,-325.041375,-538.0702917,-366.00525,8.424208333,24.54041667,0.189875
5/26/2018,2018,5,26,-815.8984167,-776.207875,-999.0,14.32016667,28.13316667,0.193166667
5/27/2018,2018,5,27,-865.810375,-689.98525,-815.0771667,12.07754167,27.56616667,0.154333333
5/28/2018,2018,5,28,-543.1445417,-515.9474167,-778.8330417,12.53975,24.56158333,-124.7294583
5/29/2018,2018,5,29,-593.7594583,-463.5929167,-999.0,14.49358333,22.487125,0.175833333
5/30/2018,2018,5,30,-442.862625,-344.1899583,-619.3431667,11.74954167,21.91895833,0.279833333
5/31/2018,2018,5,31,13.03183333,-328.6735833,-72.785,12.07304167,22.981625,0.251166667
06/01/2018,2018,6,1,-65.93891667,-323.8487917,-446.88625,11.86625,21.91541667,0.198875
06/02/2018,2018,6,2,12.94266667,-202.96425,-195.2767083,10.88316667,19.93079167,0.193916667
06/03/2018,2018,6,3,13.08554167,-370.1926667,-110.7434583,13.43120833,22.19366667,0.176791667
06/04/2018,2018,6,4,13.84591667,-413.734,-109.6040417,15.498125,25.04775,0.165541667
06/05/2018,2018,6,5,-24.578875,-445.5005,-69.77733333,15.70866667,24.00941667,0.168
06/06/2018,2018,6,6,-402.7630833,-451.03975,-408.9417917,-368.7581667,-364.0145,-374.5134167
06/07/2018,2018,6,7,-29.274625,-372.7811667,-321.3603333,7.48125,16.28358333,0.481916667
06/08/2018,2018,6,8,9.644458333,-288.8787083,-999.0,8.081125,39.450375,0.052583333
06/09/2018,2018,6,9,-33.36708333,-329.5985417,-956.81175,5.132791667,23.50283333,0.080833333
06/10/2018,2018,6,10,9.595875,-247.4899167,-999.0,6.229583333,21.88725,0.1085
06/11/2018,2018,6,11,9.909583333,-246.90925,-999.0,5.214875,19.13708333,0.10975
06/12/2018,2018,6,12,-159.1042917,-363.6287083,-999.0,4.311833333,23.71570833,0.107208333
6/13/2018,2018,6,13,9.341083333,-580.8287083,-999.0,3.708208333,19.17604167,0.1025
6/14/2018,2018,6,14,9.651208333,-38.55783333,-999.0,8.192458333,26.31133333,0.105958333
6/15/2018,2018,6,15,9.176666667,-204.962875,-999.0,6.534791667,23.88675,0.095583333
6/16/2018,2018,6,16,9.066833333,-247.9152083,-999.0,6.155916667,21.76820833,0.088916667
6/17/2018,2018,6,17,9.1575,-415.2052083,-999.0,6.888458333,22.87075,0.106291667
6/18/2018,2018,6,18,8.886875,-288.75275,-999.0,8.189083333,27.66541667,0.126208333
6/19/2018,2018,6,19,10.79845833,-414.4012917,-999.0,8.728083333,17.647125,0.106625
6/20/2018,2018,6,20,10.307625,-288.4942083,-999.0,10.86491667,19.77283333,0.112208333
6/21/2018,2018,6,21,9.532208333,-289.4203333,-999.0,6.615875,13.69116667,0.092458333
6/22/2018,2018,6,22,9.510208333,-413.8865833,-872.204875,6.453666667,12.59445833,0.10175
6/23/2018,2018,6,23,9.967,-289.4809583,-870.9298333,6.706625,11.68175,0.099
6/24/2018,2018,6,24,10.376375,-581.40175,-783.31425,10.96883333,16.95908333,0.090416667
6/25/2018,2018,6,25,9.184916667,-372.6661667,-999.0,8.182458333,12.679375,0.089166667
6/26/2018,2018,6,26,10.00345833,-162.842125,-913.5730833,8.736833333,16.35595833,0.120958333
6/27/2018,2018,6,27,9.811583333,-414.93425,-912.338125,6.731833333,14.29775,0.0955
6/28/2018,2018,6,28,12.099625,-413.724875,-914.607625,9.036916667,15.130625,0.087833333
6/29/2018,2018,6,29,9.783208333,-539.9431667,-999.0,7.872,11.44816667,0.094
6/30/2018,2018,6,30,11.095125,-623.0988333,-999.0,7.610958333,11.06404167,0.091833333
07/01/2018,2018,7,1,11.94375,-413.7736667,-957.202375,12.84370833,19.76895833,0.108625
07/02/2018,2018,7,2,10.08795833,-456.5284167,-999.0,11.717375,19.94158333,0.102916667
07/03/2018,2018,7,3,10.202375,-456.6631667,-999.0,11.06308333,19.02670833,0.097708333
07/04/2018,2018,7,4,8.82975,-162.4864167,-999.0,12.14683333,21.83245833,0.147791667
07/05/2018,2018,7,5,8.988416667,-289.443,-999.0,10.48604167,21.82370833,0.119083333
07/06/2018,2018,7,6,-30.956375,-370.697625,-952.1900833,12.333125,22.48929167,0.107208333
07/07/2018,2018,7,7,9.198708333,-414.843,-999.0,8.861375,17.70045833,0.08875
07/08/2018,2018,7,8,9.202375,-539.9916667,-999.0,7.186125,13.13691667,0.084083333
07/09/2018,2018,7,9,9.502,-373.4233333,-999.0,7.580166667,15.383375,0.093125
07/10/2018,2018,7,10,8.887083333,-331.6557917,-999.0,6.790083333,13.033125,0.082
07/11/2018,2018,7,11,9.69875,-206.340625,-999.0,7.914875,18.44620833,0.093208333
07/12/2018,2018,7,12,9.276875,-456.087375,-999.0,9.372875,16.17075,0.082833333
7/13/2018,2018,7,13,9.533208333,-289.2367917,-999.0,7.949208333,14.28429167,0.079583333
7/14/2018,2018,7,14,9.590791667,-540.5392083,-999.0,6.42225,13.226,0.075125
7/15/2018,2018,7,15,9.570375,-540.4920417,-999.0,6.837708333,10.91379167,0.082875
7/16/2018,2018,7,16,9.777416667,-414.3842083,-914.2611667,7.160958333,10.55233333,0.095458333
7/17/2018,2018,7,17,10.86183333,-331.2137917,-663.287,4.998541667,5.905166667,0.098708333
7/18/2018,2018,7,18,14.78595833,6.043583333,10.81020833,5.454416667,6.151791667,0.111916667
7/19/2018,2018,7,19,15.31866667,-78.734375,20.90770833,6.928541667,7.407416667,0.1
7/20/2018,2018,7,20,15.60925,3.987541667,-20.06395833,4.1605,4.631458333,0.087875
7/21/2018,2018,7,21,15.67591667,-79.47316667,-20.09495833,4.6845,4.896875,0.10275
7/22/2018,2018,7,22,15.75608333,-247.5429583,24.87925,4.421083333,4.707625,0.086666667
7/23/2018,2018,7,23,15.48754167,3.9025,23.38075,6.040166667,6.7375,0.119666667
7/24/2018,2018,7,24,15.903,-121.6342917,19.088375,9.650833333,10.66454167,0.126208333
7/25/2018,2018,7,25,16.04258333,-120.2497083,26.27066667,6.957375,7.729916667,0.133333333
7/26/2018,2018,7,26,15.05741667,-204.6303333,17.33079167,8.921166667,9.654458333,0.134333333
7/27/2018,2018,7,27,16.56720833,-78.35916667,23.05616667,11.34166667,12.46,0.136083333
7/28/2018,2018,7,28,15.48204167,-246.856875,21.31008333,8.559833333,9.619416667,0.122541667
7/29/2018,2018,7,29,15.70758333,-330.598125,18.31091667,7.359416667,7.893458333,0.115208333
7/30/2018,2018,7,30,15.81779167,-455.540625,14.90466667,10.80658333,12.26895833,0.116083333
7/31/2018,2018,7,31,17.186625,-247.4967917,-27.52870833,12.27591667,13.36045833,0.1265
08/01/2018,2018,8,1,16.03254167,-373.1404167,13.88308333,12.04220833,13.25675,0.143416667
08/02/2018,2018,8,2,19.17991667,-331.157,13.24,8.474583333,9.283333333,0.115875
08/03/2018,2018,8,3,15.007625,-289.3785,-28.637875,7.500291667,8.66125,0.113
08/04/2018,2018,8,4,-660.93725,-664.5211667,-662.7689167,-663.0470417,-662.5265417,-665.9517917
08/05/2018,2018,8,5,-491.2137917,-496.5873333,-487.1084583,-497.6553333,-497.4914583,-499.4394167
08/06/2018,2018,8,6,18.40004167,5.416833333,24.97058333,10.38370833,11.36175,0.099625
08/07/2018,2018,8,7,18.39733333,6.104916667,17.81025,10.02358333,12.34358333,0.121375
08/08/2018,2018,8,8,17.923125,4.390875,17.87883333,8.451875,10.709375,0.113333333
08/09/2018,2018,8,9,16.38325,6.166083333,19.5525,10.491375,13.24841667,0.128666667
08/10/2018,2018,8,10,16.46295833,-35.538625,21.232375,7.094833333,9.675291667,0.108125
08/11/2018,2018,8,11,16.96275,5.798041667,19.564125,6.105916667,7.573791667,0.116958333
08/12/2018,2018,8,12,17.892375,5.467583333,23.301,7.538625,9.206208333,0.127916667
8/13/2018,2018,8,13,17.79054167,5.897291667,23.79145833,9.19625,11.20495833,0.12275
8/14/2018,2018,8,14,18.00791667,5.468416667,23.28133333,10.52483333,13.09791667,0.128708333
8/15/2018,2018,8,15,16.780375,-37.89570833,24.69720833,14.89904167,17.32633333,0.132791667
8/16/2018,2018,8,16,16.361125,5.07575,15.71675,13.86158333,15.984875,0.145208333
8/17/2018,2018,8,17,16.09841667,8.088333333,16.68375,11.13729167,13.665,0.140916667
8/18/2018,2018,8,18,16.55133333,5.980375,21.55304167,9.041875,9.80575,-41.5055
8/19/2018,2018,8,19,16.63525,-162.6775,-23.16879167,5.572416667,6.734916667,0.140583333
8/20/2018,2018,8,20,17.79204167,6.917625,13.25583333,5.794875,7.0245,0.128291667
8/21/2018,2018,8,21,17.09575,5.943416667,23.91041667,11.15604167,13.41395833,0.1465
8/22/2018,2018,8,22,16.66216667,-78.0255,18.66395833,15.28283333,18.37683333,0.156
8/23/2018,2018,8,23,16.59166667,-37.49191667,14.67991667,17.52758333,20.95854167,0.152291667
8/24/2018,2018,8,24,16.70591667,-329.5140833,18.65920833,11.48395833,13.81579167,0.117666667
8/25/2018,2018,8,25,-65.40683333,-150.5399583,-149.6675,9.020958333,10.63775,0.151
8/26/2018,2018,8,26,16.464625,3.27275,17.2945,12.685875,15.678375,0.164208333
8/27/2018,2018,8,27,-66.20491667,-121.4211667,-108.532625,-69.76141667,-66.8465,-332.9034583
8/28/2018,2018,8,28,18.26325,5.99275,20.0455,13.76054167,16.88125,-665.9137083
8/29/2018,2018,8,29,16.29820833,-120.4049583,22.36945833,13.95908333,17.40604167,0.149166667
8/30/2018,2018,8,30,17.54258333,-75.35908333,26.17508333,24.361125,27.43945833,0.186041667
8/31/2018,2018,8,31,16.23145833,-162.1390833,20.75066667,19.73854167,23.649875,0.158
09/01/2018,2018,9,1,-110.8236667,-202.8625,-108.6548333,10.905375,13.8155,0.126833333
09/02/2018,2018,9,2,16.157,-247.0352917,21.39841667,9.655333333,12.52029167,0.114791667
09/03/2018,2018,9,3,16.106,4.620416667,18.773,6.762125,9.672,0.108
09/04/2018,2018,9,4,16.83404167,-246.9957917,21.99608333,8.833041667,9.859708333,0.056083333
09/05/2018,2018,9,5,15.7355,-163.6718333,26.64479167,7.777833333,10.37475,0.004708333
09/06/2018,2018,9,6,15.67116667,-120.8022083,17.67229167,8.69675,12.017125,0.004791667
09/07/2018,2018,9,7,15.901625,4.540958333,17.79741667,4.834666667,7.727875,0.0045
09/08/2018,2018,9,8,15.368125,-246.2970417,22.83833333,7.960583333,10.65891667,0.004625
09/09/2018,2018,9,9,15.77066667,-330.8939583,18.97641667,9.671458333,13.04595833,0.004666667
09/10/2018,2018,9,10,-237.796375,-329.4317083,-197.0692917,-202.5644583,-200.0971667,-208.1216667
09/11/2018,2018,9,11,17.04095833,-121.9788333,26.622375,8.018125,10.29958333,0.004041667
09/12/2018,2018,9,12,16.489,-79.21016667,20.41191667,11.219875,14.85770833,0.004
9/13/2018,2018,9,13,16.2805,-455.7518333,28.43658333,8.140666667,10.093375,0.004083333
9/14/2018,2018,9,14,15.49804167,-540.3733333,16.10595833,5.345666667,6.439125,0.004416667
9/15/2018,2018,9,15,-322.4717917,-498.2529583,-324.7735833,-331.31575,-331.3396667,-332.9975417
9/16/2018,2018,9,16,16.18825,2.66075,19.0925,10.48895833,12.72704167,0.005083333
9/17/2018,2018,9,17,15.60675,-79.975375,18.90429167,9.762458333,12.26425,0.004083333
9/18/2018,2018,9,18,15.62241667,-162.786875,21.702875,14.16066667,16.94595833,0.004
9/19/2018,2018,9,19,16.59416667,-161.256375,18.546,17.67429167,20.74895833,0.004583333
9/20/2018,2018,9,20,15.32054167,-79.69925,16.2765,8.81,11.84075,0.003833333
9/21/2018,2018,9,21,16.4455,-38.72316667,23.970375,7.814375,9.817791667,0.004375
9/22/2018,2018,9,22,15.70204167,-164.5335,19.62016667,11.40808333,13.30283333,0.003958333
9/23/2018,2018,9,23,16.12279167,-288.88275,19.864625,13.92329167,16.034,0.004041667
9/24/2018,2018,9,24,17.008875,-163.6513333,-23.01866667,17.4045,20.20720833,0.003791667
9/25/2018,2018,9,25,-27.014625,-368.3049167,-23.63995833,17.02058333,19.56,0.003208333
9/26/2018,2018,9,26,-26.45991667,-324.7384583,-20.60095833,15.64608333,18.593,0.00325
9/27/2018,2018,9,27,15.18220833,-372.4284583,20.38075,16.80608333,19.86079167,0.003666667
9/28/2018,2018,9,28,-68.837,-413.8214583,-68.11904167,-66.92991667,-63.897625,-83.24658333
9/29/2018,2018,9,29,17.39866667,-121.4559583,-21.1965,23.2145,28.79554167,0.00425
9/30/2018,2018,9,30,16.046625,-204.6274167,-21.52254167,24.49791667,30.05875,0.003958333
10/01/2018,2018,10,1,16.20658333,-77.997,-22.05570833,27.795875,33.34575,0.0045
10/02/2018,2018,10,2,15.74508333,-162.037875,-24.10891667,13.92808333,17.19083333,0.004416667
10/03/2018,2018,10,3,16.15191667,-160.8571667,-20.46720833,24.45475,30.51183333,0.00425
10/04/2018,2018,10,4,15.39825,-329.367125,-20.19225,16.46325,23.0455,0.004125
10/05/2018,2018,10,5,15.56191667,-161.8915417,21.4225,23.89016667,29.618875,0.004208333
10/06/2018,2018,10,6,16.16341667,-35.44741667,22.40170833,28.65320833,35.07220833,0.004
10/07/2018,2018,10,7,-69.595375,-201.54775,-104.9145833,-15.14483333,-9.436875,-41.62054167
10/08/2018,2018,10,8,-407.053,-453.963,-403.3307083,-404.919375,-399.3440417,-457.8728333
10/09/2018,2018,10,9,-999.0,-999.0,-999.0,-999.0,-999.0,-999.0
10/10/2018,2018,10,10,-999.0,-999.0,-999.0,-999.0,-999.0,-999.0
10/11/2018,2018,10,11,-999.0,-999.0,-999.0,-999.0,-999.0,-999.0
10/12/2018,2018,10,12,-999.0,-999.0,-999.0,-999.0,-999.0,-999.0
10/13/2018,2018,10,13,-238.2335,-245.0971667,-232.9235833,-235.46825,-230.4615417,-249.74675
10/14/2018,2018,10,14,15.73741667,-79.39883333,17.83108333,16.54533333,19.65266667,0.003875
10/15/2018,2018,10,15,16.5405,6.609166667,21.34058333,19.73641667,24.78383333,0.004125
10/16/2018,2018,10,16,17.56154167,-78.21754167,32.627625,14.50304167,24.99629167,0.0045
10/17/2018,2018,10,17,-107.6096667,-69.97225,-152.1914583,16.43454167,21.897,0.0045
10/18/2018,2018,10,18,15.0895,-36.69479167,-24.26645833,11.97791667,24.51404167,0.004125
10/19/2018,2018,10,19,15.08891667,-75.00170833,16.44533333,19.65195833,32.86720833,0.003833333
10/20/2018,2018,10,20,15.47454167,-117.8664167,-63.50154167,21.72425,39.25304167,0.003875
10/21/2018,2018,10,21,15.24329167,-158.2261667,19.84120833,23.127,40.63291667,0.004541667
10/22/2018,2018,10,22,15.68225,-34.55708333,23.83504167,20.439625,38.86854167,0.004458333
10/23/2018,2018,10,23,-449.7402917,-452.7079583,-450.181625,-406.1499583,-398.6899583,-416.248125
10/24/2018,2018,10,24,16.01595833,-33.66516667,23.146,28.12216667,36.3085,0.00425
10/25/2018,2018,10,25,15.809125,7.893791667,-18.15416667,36.40170833,47.59604167,0.003791667
10/26/2018,2018,10,26,15.97995833,-34.69491667,-20.04691667,27.23104167,44.93066667,0.003291667
10/27/2018,2018,10,27,-25.90258333,-30.893375,-18.73720833,29.183125,46.40666667,0.003291667
10/28/2018,2018,10,28,16.08058333,-200.434625,23.79054167,28.1985,48.01975,0.00325
10/29/2018,2018,10,29,16.50054167,-116.1815833,23.91029167,27.98695833,40.35495833,0.003333333
10/30/2018,2018,10,30,-661.2127083,-873.9933333,-658.5782917,-664.2589583,-659.7985833,-749.243875
10/31/2018,2018,10,31,-999.0,-999.0,-999.0,-999.0,-999.0,-999.0
11/01/2018,2018,11,1,-999.0,-999.0,-999.0,-999.0,-999.0,-999.0
11/02/2018,2018,11,2,-999.0,-999.0,-999.0,-999.0,-999.0,-999.0
11/03/2018,2018,11,3,-999.0,-999.0,-999.0,-999.0,-999.0,-999.0
11/04/2018,2018,11,4,-999.0,-999.0,-999.0,-999.0,-999.0,-999.0
11/05/2018,2018,11,5,-999.0,-999.0,-999.0,-999.0,-999.0,-999.0
11/06/2018,2018,11,6,-999.0,-999.0,-999.0,-999.0,-999.0,-999.0
11/07/2018,2018,11,7,-999.0,-999.0,-999.0,-999.0,-999.0,-999.0
11/08/2018,2018,11,8,-999.0,-999.0,-999.0,-999.0,-999.0,-999.0
11/09/2018,2018,11,9,-999.0,-999.0,-999.0,-999.0,-999.0,-999.0
11/10/2018,2018,11,10,-999.0,-999.0,-999.0,-999.0,-999.0,-999.0
11/11/2018,2018,11,11,-999.0,-999.0,-999.0,-999.0,-999.0,-999.0
11/12/2018,2018,11,12,-999.0,-999.0,-999.0,-999.0,-999.0,-999.0
11/13/2018,2018,11,13,-999.0,-999.0,-999.0,-999.0,-999.0,-999.0
11/14/2018,2018,11,14,-999.0,-999.0,-999.0,-999.0,-999.0,-999.0
11/15/2018,2018,11,15,-999.0,-999.0,-999.0,-999.0,-999.0,-999.0
11/16/2018,2018,11,16,-660.8688333,-659.6542917,-662.49075,-660.0994167,-652.9335417,-665.9983333
11/17/2018,2018,11,17,16.530125,9.1425,-72.11783333,21.638375,29.62933333,0.004583333
11/18/2018,2018,11,18,16.44570833,9.265708333,-72.10383333,24.2445,33.75141667,0.003958333
11/19/2018,2018,11,19,16.75283333,13.56841667,-29.09858333,30.4815,41.26329167,0.003833333
11/20/2018,2018,11,20,17.07958333,19.19270833,-28.737375,45.436875,56.58370833,0.003916667
11/21/2018,2018,11,21,16.72933333,16.25170833,-74.04404167,29.53716667,38.06216667,0.004125
11/22/2018,2018,11,22,16.16,14.16745833,-74.14958333,17.371,29.65391667,0.004041667
11/23/2018,2018,11,23,16.12616667,11.428625,-29.18133333,14.54058333,31.06954167,0.004041667
11/24/2018,2018,11,24,16.24133333,10.67895833,-153.741,12.58479167,33.45283333,0.004291667
11/25/2018,2018,11,25,16.08620833,11.51895833,-71.633875,15.669125,32.11479167,0.003916667
11/26/2018,2018,11,26,16.05908333,11.81804167,-69.64095833,-104.9325,-101.91375,-124.871625
11/27/2018,2018,11,27,15.938875,10.06829167,-155.4551667,16.807,21.7115,0.003708333
11/28/2018,2018,11,28,15.65679167,10.139875,-28.856375,20.613125,26.378,0.003875
11/29/2018,2018,11,29,14.34625,9.615416667,-156.3940417,15.127625,19.50458333,0.003708333
11/30/2018,2018,11,30,13.86666667,8.177791667,-199.4657083,12.64175,17.09291667,0.004
12/01/2018,2018,12,1,14.31570833,8.132125,-454.3503333,15.06875,19.97633333,0.003875
12/02/2018,2018,12,2,13.69695833,-33.197875,-367.5612083,10.63366667,14.84420833,0.004916667
12/03/2018,2018,12,3,14.35325,10.25191667,-284.3878333,25.1055,30.36691667,0.004125
12/04/2018,2018,12,4,14.61858333,12.103875,-449.5259583,26.63008333,31.6925,0.003791667
12/05/2018,2018,12,5,14.37308333,6.973541667,-368.850875,21.76454167,26.17016667,0.003875
12/06/2018,2018,12,6,14.05975,7.632791667,-408.9113333,17.271,22.04245833,0.003208333
12/07/2018,2018,12,7,13.888,-33.53541667,-365.547,17.01841667,21.97054167,0.003208333
12/08/2018,2018,12,8,13.959125,-31.80541667,-410.5495417,17.23758333,22.87883333,0.00325
12/09/2018,2018,12,9,-239.7842917,-283.3461667,-495.539375,-189.126625,-185.334875,-208.1225417
12/10/2018,2018,12,10,14.41875,8.724958333,-198.1855417,25.03879167,30.95425,0.003583333
12/11/2018,2018,12,11,15.04208333,-159.7897083,-366.2616667,28.140875,34.481,0.003291667
12/12/2018,2018,12,12,13.43641667,8.377166667,-408.8138333,21.56283333,26.77508333,0.003958333
12/13/2018,2018,12,13,13.62958333,-35.51333333,-369.71225,17.97270833,23.34195833,0.00375
12/14/2018,2018,12,14,13.12391667,-36.42791667,-494.9885417,8.371125,14.59945833,0.003375
12/15/2018,2018,12,15,13.24870833,-33.60854167,-494.9350417,12.48095833,17.39508333,0.003791667
12/16/2018,2018,12,16,13.67929167,-161.00275,-409.6687917,18.6855,23.51845833,0.002916667
12/17/2018,2018,12,17,13.773375,7.161333333,-157.9460833,19.814125,25.27520833,0.003875
12/18/2018,2018,12,18,13.25966667,10.10779167,-324.59425,14.629625,20.172125,0.003125
12/19/2018,2018,12,19,13.94808333,10.27520833,-283.5561667,17.559375,22.74075,0.003583333
12/20/2018,2018,12,20,-28.41958333,12.68775,-325.4130417,24.61991667,31.68295833,0.003125
12/21/2018,2018,12,21,13.72158333,-30.21808333,-323.663,25.86279167,32.06204167,0.003541667
12/22/2018,2018,12,22,-29.09575,-66.45066667,-660.0598333,21.238,22.434375,0.00425
12/23/2018,2018,12,23,-70.95495833,20.17391667,-747.792125,28.154,29.63191667,0.0035
12/24/2018,2018,12,24,14.03833333,-32.557875,-661.9525,21.02429167,22.95870833,0.002541667
12/25/2018,2018,12,25,13.08841667,-203.0739167,-492.3639583,11.97033333,13.57208333,0.003208333
12/26/2018,2018,12,26,12.97804167,-245.482375,-408.76075,15.19675,18.09929167,0.003083333
12/27/2018,2018,12,27,17.528125,-158.9525417,-411.946375,17.57966667,21.37454167,0.003083333
12/28/2018,2018,12,28,13.47970833,11.31695833,-914.7718333,23.77458333,27.269875,0.002958333
12/29/2018,2018,12,29,12.04733333,7.064375,-455.1017917,7.027291667,8.774791667,0.003375
12/30/2018,2018,12,30,12.36195833,5.347916667,-202.7469167,11.16229167,13.56691667,0.003125
12/31/2018,2018,12,31,13.273875,6.950833333,-241.4994583,16.36229167,18.112875,0.003708333
01/01/2019,2019,1,1,14.244,12.654,10.106,12.91,14.259,0.004
01/02/2019,2019,1,2,13.515,8.444,14.838,7.011,8.906,0.004
01/03/2019,2019,1,3,13.231,7.619,16.515,15.238,18.531,0.004
01/04/2019,2019,1,4,12.935,8.881,11.089,5.76,8.44,0.003
01/05/2019,2019,1,5,12.71,8.904,9.839,13.141,16.734,0.004
01/06/2019,2019,1,6,13.351,8.004,16.915,17.66,21.219,0.004
01/07/2019,2019,1,7,13.463,9.615,9.143,11.692,15.095,0.003
01/08/2019,2019,1,8,12.817,13.163,11.408,12.82,16.949,0.004
01/09/2019,2019,1,9,12.873,11.352,10.402,17.419,21.49,0.003
01/10/2019,2019,1,10,12.875,12.356,11.445,18.277,22.316,0.003
01/11/2019,2019,1,11,13.033,11.39,14.938,19.026,24.238,0.003
01/12/2019,2019,1,12,13.931,12.021,9.774,27.233,33.813,0.003
1/13/2019,2019,1,13,13.996,10.203,12.593,18.374,22.944,0.004
1/14/2019,2019,1,14,12.436,11.08,10.529,11.338,15.285,0.004
1/15/2019,2019,1,15,13.228,12.767,14.343,11.931,15.968,0.004
1/16/2019,2019,1,16,13.613,9.657,11.469,13.081,17.609,0.004
1/17/2019,2019,1,17,14.257,14.788,14.807,20.465,24.086,0.004
1/18/2019,2019,1,18,13.796,12.441,12.977,10.605,14.754,0.004
1/19/2019,2019,1,19,13.626,10.315,10.174,12.364,16.677,0.004
1/20/2019,2019,1,20,13.337,8.788,10.683,17.009,21.188,0.004
1/21/2019,2019,1,21,11.613,21.039,20.313,14.456,18.219,0.006
1/22/2019,2019,1,22,10.338,38.979,19.779,21.675,25.903,0.004
1/23/2019,2019,1,23,11.201,41.324,21.009,20.396,26.098,0.005
1/24/2019,2019,1,24,9.394,36.273,20.869,17.412,22.614,0.004
1/25/2019,2019,1,25,9.041,30.025,20.709,12.647,17.032,0.004
1/26/2019,2019,1,26,9.174,32.051,19.717,11.847,15.932,0.004
1/27/2019,2019,1,27,8.787,27.776,22.381,8.122,11.106,0.005
1/28/2019,2019,1,28,8.631,25.807,21.39,10.217,14.145,0.003
1/29/2019,2019,1,29,7.878,33.107,20.641,8.436,13.111,0.003
1/30/2019,2019,1,30,8.709,35.085,22.235,23.744,29.568,0.004
1/31/2019,2019,1,31,9.488,38.563,18.722,24.545,30.092,0.004
02/01/2019,2019,2,1,8.576,38.551,19.623,9.14,13.195,0.004
02/02/2019,2019,2,2,8.24,38.123,19.801,13.25,18.834,0.004
02/03/2019,2019,2,3,9.139,28.581,20.396,19.236,24.223,0.004
02/04/2019,2019,2,4,8.762,36.805,19.744,12.907,17.475,0.004
02/05/2019,2019,2,5,8.895,35.323,19.317,13.514,18.299,0.004
02/06/2019,2019,2,6,9.037,32.553,18.672,15.798,22.052,0.005
02/07/2019,2019,2,7,9.578,33.394,20.084,17.696,23.7,0.005
02/08/2019,2019,2,8,9.151,32.779,18.503,18.778,24.074,0.004
02/09/2019,2019,2,9,9.636,33.855,18.461,19.973,26.563,0.004
02/10/2019,2019,2,10,9.264,24.633,17.522,16.384,20.825,0.005
02/11/2019,2019,2,11,9.52,25.62,17.898,9.701,15.024,0.005
02/12/2019,2019,2,12,9.714,31.258,19.059,9.286,14.371,0.005
2/13/2019,2019,2,13,9.865,32.628,19.855,19.718,25.345,0.005
2/14/2019,2019,2,14,9.827,35.155,19.678,10.755,15.943,0.004
2/15/2019,2019,2,15,9.737,41.925,20.015,12.813,18.403,0.004
2/16/2019,2019,2,16,9.692,28.642,19.886,24.987,29.642,0.004
2/17/2019,2019,2,17,9.351,31.448,19.606,13.832,19.312,0.005
2/18/2019,2019,2,18,8.945,29.621,17.595,10.864,16.144,0.004
2/19/2019,2019,2,19,9.395,34.004,18.918,14.45,20.405,0.004
2/20/2019,2019,2,20,9.753,30.858,18.51,13.261,18.335,0.004
2/21/2019,2019,2,21,9.214,43.091,19.487,21.438,28.016,0.003
2/22/2019,2019,2,22,9.704,29.835,21.455,28.44,34.495,0.004
2/23/2019,2019,2,23,9.485,33.001,18.895,18.401,23.655,0.004
2/24/2019,2019,2,24,9.379,28.634,21.424,23.869,29.061,0.003
2/25/2019,2019,2,25,9.885,29.51,20.768,23.478,29.192,0.003
2/26/2019,2019,2,26,9.295,34.51,18.703,17.104,22.271,0.003
2/27/2019,2019,2,27,9.243,28.849,18.526,11.558,17.038,0.003
2/28/2019,2019,2,28,8.476,25.441,19.948,16.154,21.222,0.004
03/01/2019,2019,3,1,9.724,27.736,19.79,14.955,24.193,0.004
03/02/2019,2019,3,2,10.107,41.787,19.545,104.072,121.363,0.013
03/03/2019,2019,3,3,9.939,20.274,20.703,36.898,54.975,0.004
03/04/2019,2019,3,4,9.472,30.709,20.586,24.696,38.038,0.004
03/05/2019,2019,3,5,8.651,29.207,17.784,8.89,31.712,0.004
03/06/2019,2019,3,6,9.329,29.781,18.103,20.455,30.649,0.004
03/07/2019,2019,3,7,8.598,27.854,18.06,14.037,24.776,0.004
03/08/2019,2019,3,8,8.4,30.622,18.756,11.692,22.304,0.004
03/09/2019,2019,3,9,9.701,33.673,19.002,20.582,31.109,0.003
03/10/2019,2019,3,10,10.857,25.312,20.736,26.743,48.218,0.004
03/11/2019,2019,3,11,10.364,23.12,20.829,20.384,33.538,0.004
03/12/2019,2019,3,12,9.296,26.347,20.079,22.731,42.491,0.004
3/13/2019,2019,3,13,8.743,31.912,20.279,22.288,41.845,0.004
3/14/2019,2019,3,14,9.887,23.878,21.488,19.975,22.525,0.004
3/15/2019,2019,3,15,8.941,24.296,22.605,19.049,24.814,0.005
3/16/2019,2019,3,16,8.678,34.945,18.888,7.151,16.687,0.005
3/17/2019,2019,3,17,8.547,32.22,17.907,15.269,23.271,0.004
3/18/2019,2019,3,18,7.88,32.944,17.804,12.598,23.215,0.004
3/19/2019,2019,3,19,7.718,32.09,16.424,14.408,24.255,0.004
3/20/2019,2019,3,20,8.07,33.56,16.01,15.098,28.255,0.004
3/21/2019,2019,3,21,8.571,24.72,18.36,16.756,28.618,0.004
3/22/2019,2019,3,22,7.918,26.538,18.907,16.498,29.437,0.005
3/23/2019,2019,3,23,8.154,33.077,21.894,21.027,29.183,0.005
3/24/2019,2019,3,24,7.122,30.315,17.244,10.96,20.233,0.005
3/25/2019,2019,3,25,8.262,36.22,17.32,18.175,25.819,0.004
3/26/2019,2019,3,26,7.04,32.22,17.03,12.707,20.932,0.005
3/27/2019,2019,3,27,7.723,31.847,17.616,11.889,21.744,0.005
3/28/2019,2019,3,28,7.43,23.244,18.561,18.404,30.053,0.005
3/29/2019,2019,3,29,7.908,24.465,19.48,19.415,34.858,0.005
3/30/2019,2019,3,30,8.736,28.814,19.835,21.003,36.176,0.005
3/31/2019,2019,3,31,7.006,28.047,17.839,12.51,27.798,0.005
04/01/2019,2019,4,1,6.406,24.167,15.956,11.97,30.3,0.005
04/02/2019,2019,4,2,6.756,23.222,17.801,11.314,27.219,0.005
04/03/2019,2019,4,3,9.348,23.745,19.955,24.147,32.358,0.004
04/04/2019,2019,4,4,11.611,24.553,20.047,22.752,23.609,-999.0
04/05/2019,2019,4,5,11.551,21.641,19.37,31.726,31.903,-999.0
04/06/2019,2019,4,6,10.774,22.932,18.443,14.345,16.418,-999.0
04/07/2019,2019,4,7,12.505,24.284,19.354,10.07,11.151,-999.0
04/08/2019,2019,4,8,10.138,27.432,18.38,8.183,7.044,-999.0
04/09/2019,2019,4,9,10.596,26.978,16.781,10.877,13.589,-999.0
04/10/2019,2019,4,10,11.911,29.125,17.42,14.835,17.846,-999.0
04/11/2019,2019,4,11,11.292,23.477,18.469,15.503,19.714,-999.0
04/12/2019,2019,4,12,12.238,30.649,17.345,11.69,11.666,-999.0
4/13/2019,2019,4,13,12.575,27.845,15.019,11.121,17.177,-999.0
4/14/2019,2019,4,14,12.522,18.842,17.298,11.657,16.735,-999.0
4/15/2019,2019,4,15,12.093,29.584,15.764,13.674,20.33,-999.0
4/16/2019,2019,4,16,13.97,23.923,20.672,18.78,28.855,-999.0
4/17/2019,2019,4,17,13.006,23.97,17.287,17.303,26.098,-999.0
4/18/2019,2019,4,18,11.949,39.302,11.746,15.869,23.923,-999.0
4/19/2019,2019,4,19,11.664,12.157,19.795,13.229,25.867,-999.0
4/20/2019,2019,4,20,9.649,23.884,18.113,19.893,31.287,-999.0
4/21/2019,2019,4,21,7.685,22.596,17.395,13.274,19.913,-999.0
4/22/2019,2019,4,22,7.548,30.23,14.503,20.221,32.846,-999.0
4/23/2019,2019,4,23,7.276,21.467,14.852,7.691,17.238,-999.0
4/24/2019,2019,4,24,7.29,23.178,14.567,8.785,16.695,-999.0
4/25/2019,2019,4,25,8.658,20.546,14.51,5.665,11.629,-999.0
4/26/2019,2019,4,26,12.243,25.703,16.494,11.59,21.153,-999.0
4/27/2019,2019,4,27,11.484,24.826,15.444,8.934,18.054,-999.0
4/28/2019,2019,4,28,12.039,21.098,17.28,12.811,22.659,-999.0
4/29/2019,2019,4,29,12.021,21.398,16.754,8.396,14.626,-999.0
4/30/2019,2019,4,30,12.404,21.782,17.101,11.899,17.832,-999.0
05/01/2019,2019,5,1,12.649,21.902,17.032,15.214,20.893,
05/02/2019,2019,5,2,12.005,15.949,17.411,17.193,29.085,
05/03/2019,2019,5,3,12.395,22.767,15.269,14.721,23.897,
05/04/2019,2019,5,4,13.796,26.677,16.527,21.953,33.006,
05/05/2019,2019,5,5,12.388,21.875,16.863,13.536,21.977,
05/06/2019,2019,5,6,13.221,32.855,13.485,12.575,20.147,
05/07/2019,2019,5,7,13.613,32.202,14.957,9.15,13.486,
05/08/2019,2019,5,8,14.264,26.502,18.364,9.192,14.76,
05/09/2019,2019,5,9,14.32,22.237,19.874,5.787,7.975,
05/10/2019,2019,5,10,13.786,19.606,18.08,6.492,9.82,
05/11/2019,2019,5,11,13.987,27.257,15.582,6.479,12.864,
05/12/2019,2019,5,12,13.339,22.766,18.466,5.689,11.12,
5/13/2019,2019,5,13,13.554,23.355,16.679,5.217,10.276,
5/14/2019,2019,5,14,14.419,22.14,17.858,13.262,24.715,
5/15/2019,2019,5,15,14.115,31.705,16.485,23.04,38.679,
5/16/2019,2019,5,16,13.334,20.442,16.112,11.983,21.53,
5/17/2019,2019,5,17,12.106,11.876,15.217,10.708,16.777,
5/18/2019,2019,5,18,14.634,16.173,14.682,15.225,23.499,
5/19/2019,2019,5,19,14.069,17.18,14.671,13.145,22.096,
5/20/2019,2019,5,20,13.481,16.218,13.755,18.189,27.921,
5/21/2019,2019,5,21,12.125,17.229,14.387,14.105,21.29,
5/22/2019,2019,5,22,12.304,18.497,15.122,9.986,17.723,
5/23/2019,2019,5,23,12.351,17.757,16.922,14.614,23.597,
5/24/2019,2019,5,24,12.173,22.566,15.967,13.495,21.563,
5/25/2019,2019,5,25,12.101,25.581,16.369,8.467,12.61,
5/26/2019,2019,5,26,14.177,28.628,19.884,7.606,8.991,
5/27/2019,2019,5,27,13.293,20.021,20.637,6.154,9.404,
5/28/2019,2019,5,28,13.785,22.106,23.513,7.739,12.232,
5/29/2019,2019,5,29,12.514,29.3,16.699,10.929,16.109,
5/30/2019,2019,5,30,13.204,21.406,16.08,10.902,17.338,
5/31/2019,2019,5,31,12.392,19.653,15.347,5.863,9.142,
06/01/2019,2019,6,1,12.231,22.219,13.546,3.533,6.326,
06/02/2019,2019,6,2,12.374,21.493,13.333,6.212,9.807,
06/03/2019,2019,6,3,13.184,24.36,18.106,7.427,11.891,
06/04/2019,2019,6,4,11.902,28.261,13.86,7.539,12.749,
06/05/2019,2019,6,5,13.202,24.435,16.602,5.78,10.878,
06/06/2019,2019,6,6,11.81,21.626,14.135,4.716,9.338,
06/07/2019,2019,6,7,11.733,18.101,14.963,19.285,34.385,
06/08/2019,2019,6,8,12.415,20.089,15.442,17.122,24.703,
06/09/2019,2019,6,9,14.91,15.805,20.47,10.912,11.92,
06/10/2019,2019,6,10,13.163,23.312,16.738,22.995,26.243,
06/11/2019,2019,6,11,13.848,19.549,18.151,4.028,7.864,
06/12/2019,2019,6,12,13.222,21.759,14.477,7.65,11.344,
6/13/2019,2019,6,13,12.822,16.23,15.008,7.689,11.605,
6/14/2019,2019,6,14,12.393,22.278,14.683,7.775,11.367,
6/15/2019,2019,6,15,12.282,23.272,14.515,6.407,10.396,
6/16/2019,2019,6,16,12.228,19.569,14.873,7.43,11.848,
6/17/2019,2019,6,17,12.288,20.233,15.892,7.74,13.749,
6/18/2019,2019,6,18,11.761,19.754,14.566,7.428,11.444,
6/19/2019,2019,6,19,12.011,23.335,15.596,10.58,15.285,
6/20/2019,2019,6,20,14.003,18.589,16.81,10.579,14.678,
6/21/2019,2019,6,21,16.489,21.93,18.85,15.977,20.833,
6/22/2019,2019,6,22,13.513,21.851,16.576,12.513,17.156,
6/23/2019,2019,6,23,14.515,19.074,17.348,10.889,19.346,
6/24/2019,2019,6,24,13.711,20.171,15.865,20.339,32.998,
6/25/2019,2019,6,25,14.828,19.06,15.966,36.257,48.353,
6/26/2019,2019,6,26,13.584,19.417,16.606,17.556,21.681,
6/27/2019,2019,6,27,13.613,23.643,16.02,4.484,5.345,
6/28/2019,2019,6,28,14.46,21.508,16.955,10.796,11.626,
6/29/2019,2019,6,29,13.075,16.692,13.95,13.967,14.864,
6/30/2019,2019,6,30,13.71,17.136,14.19,12.453,14.555,
07/01/2019,2019,7,1,10.558,18.446,13.996,8.941,13.903,
07/02/2019,2019,7,2,11.258,24.328,12.913,12.203,17.18,
07/03/2019,2019,7,3,11.22,22.636,16.318,27.104,35.837,
07/04/2019,2019,7,4,13.187,21.75,15.274,28.663,49.526,
07/05/2019,2019,7,5,14.277,19.928,13.97,30.76,50.936,
07/06/2019,2019,7,6,12.715,26.039,11.034,21.639,34.958,
07/07/2019,2019,7,7,12.916,17.153,10.964,23.93,43.7,
07/08/2019,2019,7,8,14.625,18.361,13.974,23.93,43.7,
07/09/2019,2019,7,9,13.623,19.855,10.356,23.93,43.7,
07/10/2019,2019,7,10,13.256,21.42,11.544,16.793,30.095,
07/11/2019,2019,7,11,12.538,21.462,11.331,10.022,7.553,
07/12/2019,2019,7,12,12.243,20.992,12.502,19.102,19.641,
7/13/2019,2019,7,13,13.317,15.498,12.985,18.131,32.084,
7/14/2019,2019,7,14,14.749,13.63,13.21,18.531,13.455,
7/15/2019,2019,7,15,13.328,20.352,11.672,17.057,18.513,
7/16/2019,2019,7,16,13.819,15.288,8.669,9.444,18.637,
7/17/2019,2019,7,17,13.151,14.228,8.983,6.821,12.437,
7/18/2019,2019,7,18,12.44,18.89,10.435,7.387,11.512,
7/19/2019,2019,7,19,12.143,19.172,10.619,10.393,15.471,
7/20/2019,2019,7,20,12.48,14.038,11.323,7.13,10.847,
7/21/2019,2019,7,21,12.724,17.628,8.732,10.171,15.813,
7/22/2019,2019,7,22,12.105,17.508,10.41,8.725,26.789,
7/23/2019,2019,7,23,11.919,13.195,10.664,7.221,21.038,
7/24/2019,2019,7,24,11.842,16.095,11.305,13.1,36.88,
7/25/2019,2019,7,25,11.01,21.583,13.291,20.977,28.293,
7/26/2019,2019,7,26,12.712,29.417,13.776,20.071,27.495,
7/27/2019,2019,7,27,12.846,28.257,17.228,20.305,27.712,
7/28/2019,2019,7,28,12.172,20.552,19.428,9.826,14.075,
7/29/2019,2019,7,29,11.523,26.895,15.77,6.483,10.317,
7/30/2019,2019,7,30,11.033,26.374,16.525,8.398,12.045,
7/31/2019,2019,7,31,11.184,30.723,15.956,10.106,15.159,
08/01/2019,2019,8,1,11.804,33.0,14.793,13.16,20.408,
08/02/2019,2019,8,2,12.255,23.341,16.016,9.523,14.74,
08/03/2019,2019,8,3,12.146,27.695,15.484,10.047,15.036,
08/04/2019,2019,8,4,11.252,21.751,17.6,7.88,12.103,
08/05/2019,2019,8,5,13.01,31.391,17.353,11.724,17.684,
08/06/2019,2019,8,6,11.356,24.052,17.925,11.291,15.72,
08/07/2019,2019,8,7,10.95,26.973,15.644,11.783,17.008,
08/08/2019,2019,8,8,11.25,22.201,14.525,7.378,11.68,
08/09/2019,2019,8,9,12.226,26.779,15.659,7.042,10.86,
08/10/2019,2019,8,10,11.504,22.728,13.878,1.946,3.422,
08/11/2019,2019,8,11,11.244,13.176,16.417,8.854,7.488,
08/12/2019,2019,8,12,10.873,14.088,14.572,21.681,29.282,
8/13/2019,2019,8,13,10.618,18.263,14.4,26.044,32.935,
8/14/2019,2019,8,14,11.022,22.155,12.073,23.317,28.848,
8/15/2019,2019,8,15,10.587,20.437,15.93,28.742,32.212,
8/16/2019,2019,8,16,10.01,19.765,15.143,28.866,36.28,
8/17/2019,2019,8,17,12.325,17.023,15.647,24.88,31.733,
8/18/2019,2019,8,18,11.321,18.184,15.798,17.787,22.056,
8/19/2019,2019,8,19,18.418,50.731,26.807,7.2,8.483,
8/20/2019,2019,8,20,11.81,22.753,14.883,12.33,15.924,
8/21/2019,2019,8,21,13.228,19.785,18.118,19.357,25.08,
8/22/2019,2019,8,22,13.948,17.087,16.521,12.883,16.995,
8/23/2019,2019,8,23,11.878,10.524,16.413,4.39,6.59,
8/24/2019,2019,8,24,13.639,26.714,17.96,4.39,6.59,
8/25/2019,2019,8,25,11.659,19.187,20.333,4.39,6.59,
8/26/2019,2019,8,26,12.715,18.125,19.308,4.39,6.59,
8/27/2019,2019,8,27,11.557,25.68,15.186,4.39,6.59,
8/28/2019,2019,8,28,11.109,23.34,15.682,2.92,3.951,
8/29/2019,2019,8,29,10.885,26.707,17.69,,,
8/30/2019,2019,8,30,11.552,16.393,17.776,,,
8/31/2019,2019,8,31,10.534,12.435,15.847,,,
09/01/2019,2019,9,1,11.586,19.878,18.014,1.26,1.344,
09/02/2019,2019,9,2,11.042,22.562,15.119,14.403,18.799,
09/03/2019,2019,9,3,10.469,21.383,16.039,7.25,12.46,
09/04/2019,2019,9,4,12.645,25.595,14.515,2.545,6.37,
09/05/2019,2019,9,5,,,,,,
09/06/2019,2019,9,6,,,,,,
09/07/2019,2019,9,7,,,,,,
09/08/2019,2019,9,8,,,,,,
09/09/2019,2019,9,9,,,,,,
09/10/2019,2019,9,10,,,,,,
09/11/2019,2019,9,11,,,,,,
09/12/2019,2019,9,12,,,,,,
9/13/2019,2019,9,13,,,,,,
9/14/2019,2019,9,14,12.193,31.417,13.926,8.791,5.639,
9/15/2019,2019,9,15,13.953,31.752,14.47,9.153,10.32,
9/16/2019,2019,9,16,13.285,33.503,10.072,8.715,9.652,
9/17/2019,2019,9,17,13.546,30.756,9.405,7.581,8.962,
9/18/2019,2019,9,18,14.092,33.227,11.079,32.086,34.851,
9/19/2019,2019,9,19,15.096,30.844,14.027,14.274,15.758,
9/20/2019,2019,9,20,15.471,22.054,12.647,9.094,10.629,
9/21/2019,2019,9,21,14.075,27.5,14.793,32.187,35.58,
9/22/2019,2019,9,22,14.658,29.756,13.699,44.162,48.925,
9/23/2019,2019,9,23,13.598,34.905,11.301,46.537,53.396,
9/24/2019,2019,9,24,13.616,34.015,12.668,33.012,38.004,
9/25/2019,2019,9,25,12.646,32.39,11.735,13.89,16.696,
9/26/2019,2019,9,26,12.943,31.606,18.101,18.143,20.091,
9/27/2019,2019,9,27,11.065,35.298,13.43,34.979,37.344,
9/28/2019,2019,9,28,11.616,32.742,13.172,13.533,14.949,
9/29/2019,2019,9,29,12.236,30.127,11.811,21.326,23.281,
9/30/2019,2019,9,30,11.665,29.864,11.031,14.925,15.925,
10/01/2019,2019,10,1,11.586,19.878,18.014,21.178,22.588,
10/02/2019,2019,10,2,11.042,22.562,15.119,17.472,18.691,
10/03/2019,2019,10,3,10.469,21.383,16.039,18.992,19.716,
10/04/2019,2019,10,4,12.645,25.595,14.515,11.965,12.77,
10/05/2019,2019,10,5,,,,28.844,30.026,
10/06/2019,2019,10,6,,,,29.11,30.503,
10/07/2019,2019,10,7,,,,22.043,22.599,
10/08/2019,2019,10,8,,,,17.524,18.387,
10/09/2019,2019,10,9,,,,18.724,20.508,
10/10/2019,2019,10,10,,,,24.729,26.167,
10/11/2019,2019,10,11,,,,33.39,34.764,
10/12/2019,2019,10,12,,,,27.48,28.78,
10/13/2019,2019,10,13,,,,26.825,27.931,
10/14/2019,2019,10,14,12.193,31.417,13.926,29.954,31.9,
10/15/2019,2019,10,15,13.953,31.752,14.47,29.92,30.696,
10/16/2019,2019,10,16,13.285,33.503,10.072,19.954,21.514,
10/17/2019,2019,10,17,13.546,30.756,9.405,11.836,11.474,
10/18/2019,2019,10,18,14.092,33.227,11.079,42.72,40.167,
10/19/2019,2019,10,19,15.096,30.844,14.027,48.349,48.025,
10/20/2019,2019,10,20,15.471,22.054,12.647,43.232,46.58,
10/21/2019,2019,10,21,14.075,27.5,14.793,21.605,24.302,
10/22/2019,2019,10,22,14.658,29.756,13.699,23.964,27.46,
10/23/2019,2019,10,23,13.598,34.905,11.301,24.678,28.138,
10/24/2019,2019,10,24,13.616,34.015,12.668,20.796,23.436,
10/25/2019,2019,10,25,12.646,32.39,11.735,22.435,25.542,
10/26/2019,2019,10,26,12.943,31.606,18.101,22.515,24.872,
10/27/2019,2019,10,27,11.065,35.298,13.43,34.572,39.094,
10/28/2019,2019,10,28,11.616,32.742,13.172,28.622,31.822,
10/29/2019,2019,10,29,12.236,30.127,11.811,,,
10/30/2019,2019,10,30,11.665,29.864,11.031,,,
10/31/2019,2019,10,31,,,,,,
11/01/2019,2019,11,1,,,,,,
11/02/2019,2019,11,2,,,,,,
11/03/2019,2019,11,3,,,,,,
11/04/2019,2019,11,4,,,,,,
11/05/2019,2019,11,5,,,,,,
11/06/2019,2019,11,6,,,,,,
11/07/2019,2019,11,7,,,,,,
11/08/2019,2019,11,8,,,,,,
11/09/2019,2019,11,9,,,,,,
11/10/2019,2019,11,10,,,,,,
11/11/2019,2019,11,11,,,,,,
11/12/2019,2019,11,12,,,,,,
11/13/2019,2019,11,13,12.553,32.677,16.827,31.98,48.1,
11/14/2019,2019,11,14,14.022,39.824,12.483,34.951,50.586,
11/15/2019,2019,11,15,12.997,38.757,9.993,26.798,47.279,0.01
11/16/2019,2019,11,16,15.325,35.947,11.44,28.508,34.286,0.007
11/17/2019,2019,11,17,13.511,29.63,9.669,18.069,21.747,0.007
11/18/2019,2019,11,18,13.74,29.709,9.101,11.464,12.729,0.002
11/19/2019,2019,11,19,13.604,36.33,11.172,21.973,35.005,0.003
11/20/2019,2019,11,20,13.285,31.152,10.752,15.691,27.402,0.005
11/21/2019,2019,11,21,13.352,32.839,10.465,13.535,16.768,0.006
11/22/2019,2019,11,22,13.662,38.32,11.241,12.518,30.639,0.007
11/23/2019,2019,11,23,13.56,32.759,10.819,15.691,18.908,0.004
11/24/2019,2019,11,24,13.51,32.286,10.995,11.207,23.403,0.007
11/25/2019,2019,11,25,13.445,38.523,8.605,8.27,19.765,0.01
11/26/2019,2019,11,26,,,,2.259,26.433,0.006
11/27/2019,2019,11,27,,,,2.641,37.547,0.008
11/28/2019,2019,11,28,,,,1.967,33.42,
11/29/2019,2019,11,29,,,,2.187,45.913,
11/30/2019,2019,11,30,,,,2.513,29.96,
12/01/2019,2019,12,1,11.96,23.045,15.876,6.538,17.3,0.006
12/02/2019,2019,12,2,12.812,40.959,12.727,16.534,31.161,0.005
12/03/2019,2019,12,3,14.179,49.937,10.837,5.284,33.412,0.004
12/04/2019,2019,12,4,12.875,36.242,11.629,4.13,5.979,0.002
12/05/2019,2019,12,5,12.416,34.339,10.356,11.628,13.303,0.0
12/06/2019,2019,12,6,11.801,32.055,6.428,10.974,11.745,0.002
12/07/2019,2019,12,7,11.613,29.013,9.23,12.99,10.905,0.006
12/08/2019,2019,12,8,10.98,37.615,12.438,16.98,16.39,0.007
12/09/2019,2019,12,9,10.318,36.486,7.958,13.503,11.815,0.005
12/10/2019,2019,12,10,10.481,40.766,9.432,17.711,16.604,0.005
12/11/2019,2019,12,11,10.956,40.207,7.291,19.674,20.074,0.003
12/12/2019,2019,12,12,10.858,42.78,8.63,21.485,23.437,0.004
12/13/2019,2019,12,13,11.451,45.393,6.861,20.681,25.513,0.004
12/14/2019,2019,12,14,8.773,51.608,,8.89,10.349,0.006
12/15/2019,2019,12,15,12.144,32.533,2.691,12.005,10.292,0.003
12/16/2019,2019,12,16,10.235,54.399,9.151,9.537,10.238,0.002
12/17/2019,2019,12,17,9.529,49.504,0.811,16.104,26.085,0.003
12/18/2019,2019,12,18,12.78,60.663,13.033,13.904,25.459,0.001
12/19/2019,2019,12,19,11.804,36.414,10.613,23.4,23.509,0.002
12/20/2019,2019,12,20,11.536,37.572,6.46,10.822,11.614,0.007
12/21/2019,2019,12,21,12.02,39.97,8.464,16.908,15.862,0.006
12/22/2019,2019,12,22,12.19,37.337,9.639,8.207,20.906,0.004
12/23/2019,2019,12,23,12.135,57.914,4.91,9.897,20.421,0.009
12/24/2019,2019,12,24,10.635,29.853,0.628,37.73,19.84,0.002
12/25/2019,2019,12,25,12.861,41.589,2.278,31.108,20.86,0.007
12/26/2019,2019,12,26,17.63,41.594,,0.73,13.641,0.01
12/27/2019,2019,12,27,11.544,30.01,2.019,1.45,17.172,0.01
12/28/2019,2019,12,28,10.896,26.234,10.155,0.612,6.449,
12/29/2019,2019,12,29,14.411,67.27,6.633,1.398,12.003,
12/30/2019,2019,12,30,8.802,43.671,10.86,2.38,20.003,0.01
12/31/2019,2019,12,31,14.29,45.705,,23.447,30.171,0.01
01/01/2020,2020,1,1,9.751499963,22.38800001,7.697000027,37.87916772,39.98583372,0.001666667
01/02/2020,2020,1,2,9.275416613,25.7987502,6.830909111,26.5508343,28.0454171,0.002083333
01/03/2020,2020,1,3,9.542083383,46.97125006,6.432631618,7.678333265,8.930416666,0.000416667
01/04/2020,2020,1,4,9.759999951,44.4108332,5.385909185,13.89304347,15.22913054,0.003913043
01/05/2020,2020,1,5,9.167916735,39.19708316,5.779565231,9.859999994,11.15000001,0
01/06/2020,2020,1,6,10.22083338,40.31458314,6.457000017,8.786666691,10.31250012,0.002083333
01/07/2020,2020,1,7,10.3908333,40.40958325,6.982999945,28.06083318,33.9454163,0.0075
01/08/2020,2020,1,8,10.64333332,38.88625018,6.669000027,23.55958275,27.0845836,0.000416667
01/09/2020,2020,1,9,10.37000008,40.32041669,4.769999981,17.76666674,21.38458339,0.00625
01/10/2020,2020,1,10,10.29375001,36.78750022,6.029090895,14.22416663,15.63416682,0.00125
01/11/2020,2020,1,11,10.26083334,36.82000017,5.316190512,13.73666656,15.39208351,0.000833333
01/12/2020,2020,1,12,10.77583325,33.65291659,3.372499979,6.257499937,7.385833293,0.001666667
1/13/2020,2020,1,13,10.59958343,36.94999989,4.180999997,7.676249966,8.77583335,0.00375
1/14/2020,2020,1,14,10.78625007,33.95791666,5.814090943,13.49625001,15.16250017,0.00125
1/15/2020,2020,1,15,9.747894814,43.38315803,4.227222196,5.07105267,4.764736875,0.003333333
1/16/2020,2020,1,16,11.77708344,42.11500049,6.703000061,14.69250004,16.6137499,0.00125
1/17/2020,2020,1,17,11.67250001,37.36333287,6.296499988,13.33541671,15.44124989,0.0025
1/18/2020,2020,1,18,10.64291668,32.55250001,5.991363515,9.766250094,11.24333318,0.002083333
1/19/2020,2020,1,19,10.73458338,35.88000023,6.00222227,15.36583326,17.39458308,0.000833333
1/20/2020,2020,1,20,10.61583338,36.92999991,6.022857166,18.12250027,16.5304166,0.004166667
1/21/2020,2020,1,21,10.48916666,35.61999989,6.369523803,9.450000024,10.8604346,0.00125
1/22/2020,2020,1,22,10.38916661,43.00541687,6.175909087,43.83416673,49.06708341,0.004166667
1/23/2020,2020,1,23,10.30304353,45.93652161,5.581500011,5.581739226,5.784347699,0.007826087
1/24/2020,2020,1,24,10.24333342,45.66166671,4.029047556,17.82416697,20.74791682,0.006666667
1/25/2020,2020,1,25,11.47583338,29.91583351,4.587368388,8.596666664,9.820000062,0.000416667
1/26/2020,2020,1,26,10.85833331,29.41416681,6.374761923,2.319999933,0.370000005,0
1/27/2020,2020,1,27,10.83124999,34.69624972,5.833636325,3.954583277,2.990833297,0
1/28/2020,2020,1,28,11.42208334,37.29083308,6.997500001,16.82791666,18.44291667,0.005416667
1/29/2020,2020,1,29,10.4420834,27.14208333,7.989583349,7.27333343,8.807083448,0.00875
1/30/2020,2020,1,30,10.49750002,36.63000003,8.723478338,16.97624989,19.36000001,0.004583333
1/31/2020,2020,1,31,10.13000015,49.32916689,6.578750028,10.45541684,11.80333346,0.004166667
02/01/2020,2020,2,1,10,41.23083297,5.843043505,17.94999972,19.25666595,0.000833333
02/02/2020,2020,2,2,9.930416544,33.80333336,6.792173922,0.536249999,0.71291666,0
02/03/2020,2020,2,3,9.807391374,43.56826077,6.944210542,17.08833328,18.93916667,0.007391304
02/04/2020,2020,2,4,10.04750001,43.35083361,7.618421109,22.68041668,25.79375029,0.00625
02/05/2020,2020,2,5,11.01666669,43.40541697,6.420476187,13.15666676,15.15250005,0.001666667
02/06/2020,2020,2,6,10.8108333,37.08291642,6.27952383,11.23916655,12.81041672,0.00125
02/07/2020,2020,2,7,10.54166659,37.11125012,4.246499979,8.001250099,9.094166604,0.002083333
02/08/2020,2020,2,8,10.23208336,31.63708321,5.062999982,1.192083335,1.42125002,0.005
02/09/2020,2020,2,9,9.580833316,37.34124994,6.293043523,5.822083359,6.335833301,0.002083333
02/10/2020,2020,2,10,9.976249953,33.19374967,7.80583336,12.1373911,13.84478269,0.002608696
02/11/2020,2020,2,11,11.63541675,37.2058334,5.315217435,30.36791686,28.98249966,0.001666667
02/12/2020,2020,2,12,11.96249998,29.13833304,4.671904744,34.4595833,34.76666631,0.000833333
2/13/2020,2020,2,13,11.6766667,33.37624951,5.35421048,23.81708352,26.86208351,0.000833333
2/14/2020,2020,2,14,11.80916667,23.98958353,3.496499985,13.96956541,17.43391307,0.001666667
2/15/2020,2020,2,15,12.57416658,24.35708322,5.721875025,27.85791665,29.97791689,0.001666667
2/16/2020,2020,2,16,12.88250001,29.69499989,3.949473679,33.73666747,36.95750101,0.000416667
2/17/2020,2020,2,17,11.42291661,26.15874998,5.472105339,34.06000137,37.72000122,0
2/18/2020,2020,2,18,11.70708334,19.57666669,5.96041666,34.06000137,37.72000122,0
2/19/2020,2020,2,19,11.9041667,31.02500015,6.012631592,34.74625095,39.99708347,0
2/20/2020,2020,2,20,11.20583336,35.83291694,5.148181831,37.67458276,42.65208284,0.000833333
2/21/2020,2020,2,21,11.4420834,28.4058335,7.363157893,36.75125082,43.20833333,0.0075
2/22/2020,2020,2,22,11.7749999,22.79000019,6.882000065,41.99000168,49.93000031,0.01
2/23/2020,2020,2,23,12.08750006,31.95000013,4.361111068,29.99083369,35.23000045,0.00875
2/24/2020,2020,2,24,11.99541672,22.00124997,2.856250027,32.34999847,35.65000153,0.01
2/25/2020,2020,2,25,12.46083331,17.5512499,4.601999977,22.26833333,25.59000026,0.0025
2/26/2020,2020,2,26,11.64541666,17.15166644,2.86133337,6.410416663,7.524166611,0.000416667
2/27/2020,2020,2,27,11.82333326,22.54041658,5.255882325,9.274999926,10.26166658,0
2/28/2020,2020,2,28,12.11291667,23.58874979,4.754210572,11.73708335,13.54916679,0
2/29/2020,2020,2,29,12.52874986,15.72086945,5.655999999,15.80833316,18.35916688,0
03/01/2020,2020,3,1,12.26666665,19.94208318,5.135789504,15.48708335,18.14375005,0
03/02/2020,2020,3,2,11.90749995,17.84041656,5.112999935,11.60874998,13.42208338,0
03/03/2020,2020,3,3,12.31117638,16.50235304,5.658461571,18.03833341,20.08458332,0.00125
03/04/2020,2020,3,4,,,,19.97916673,23.22333328,0.00125
03/05/2020,2020,3,5,,,,16.32000001,18.60624991,0
03/06/2020,2020,3,6,,,,15.51333321,18.12375001,0
03/07/2020,2020,3,7,,,,24.90833334,28.09291669,0
03/08/2020,2020,3,8,,,,18.57416659,21.0062501,0
03/09/2020,2020,3,9,,,,18.66208353,21.30083348,0
03/10/2020,2020,3,10,,,,15.17541678,17.37624994,0.000833333
03/11/2020,2020,3,11,9.285714286,25.97857148,2.160000026,10.28624992,11.46166667,0
03/12/2020,2020,3,12,11.38541675,15.56583349,2.189999938,13.56291667,13.955,0
3/13/2020,2020,3,13,11.9883333,19.82083352,3.676999985,18.39291664,19.30250005,0.000833333
3/14/2020,2020,3,14,11.38958327,14.83999983,3.038333341,13.86458327,14.22250013,0
3/15/2020,2020,3,15,11.41666663,14.69208342,4.834615315,9.397500078,9.773333341,0
3/16/2020,2020,3,16,11.72500012,17.23624999,5.502000113,14.75208346,15.30916645,0
3/17/2020,2020,3,17,12.12875001,15.27375013,6.532222218,17.92416686,18.71249984,0
3/18/2020,2020,3,18,11.91416673,12.38374999,5.27055549,15.39791654,16.13791656,0.000416667
3/19/2020,2020,3,19,12.03625011,18.38857153,5.840000153,20.95565203,20.51347809,0.000833333
3/20/2020,2020,3,20,,,,16.04416674,16.85958349,0.0025
3/21/2020,2020,3,21,11.91874993,7.013750076,2.270000011,15.77458338,16.42375005,0.00125
3/22/2020,2020,3,22,11.50217392,10.81043479,3.104285696,16.06478276,16.90782593,0.001159224
3/23/2020,2020,3,23,12.89916678,11.99416665,4.219000006,10.44958332,11.06791668,0.003069432
3/24/2020,2020,3,24,10.92791667,12.57541662,2.888181811,8.33208326,8.812083309,0.003835681
3/25/2020,2020,3,25,11.08416667,17.27541676,3.745714298,13.2616667,13.7533334,0.003927814
3/26/2020,2020,3,26,11.3745834,15.78833325,4.918181796,14.32791662,14.78874982,0.003235753
3/27/2020,2020,3,27,11.03666669,12.7166667,4.85999992,17.86791678,18.59666656,0.003313157
3/28/2020,2020,3,28,12.52800004,12.16933349,10.22857135,7.900666678,8.051333221,0.0027953
3/29/2020,2020,3,29,10.97533347,12.70600003,1.662000009,16.42071424,17.15571465,0.003083813
3/30/2020,2020,3,30,10.42125003,13.9512501,2.028888896,14.57750002,15.16916673,0.003512689
3/31/2020,2020,3,31,11.92624994,16.02291663,5.419090837,15.30916673,15.99291659,
04/01/2020,2020,4,1,11.71291673,12.34291663,3.288888842,11.4012501,11.81875001,
04/02/2020,2020,4,2,11.86083325,17.34458335,5.204000002,15.32333345,15.4954166,
04/03/2020,2020,4,3,11.13041667,15.69958321,4.138888816,18.38624997,18.77083362,
04/04/2020,2020,4,4,11.57958337,12.66000007,4.025999987,10.43666659,10.74375,
04/05/2020,2020,4,5,10.59916667,13.03166674,5.657000041,8.735416745,9.150833343,0.0041679
04/06/2020,2020,4,6,10.66458329,12.11125006,1.759999995,14.69499985,15.27708356,0.003806709
04/07/2020,2020,4,7,11.13416664,12.93958333,3.63777782,20.20833337,20.66666675,0.003846247
04/08/2020,2020,4,8,11.07874993,14.14333327,3.227000034,14.90916674,15.44041667,0.003441225
04/09/2020,2020,4,9,11.8233333,11.68708342,5.353846211,10.02458342,10.27916666,0.003434204
04/10/2020,2020,4,10,12.81625005,11.86739135,8.701764731,13.75083321,13.89666655,0.003173326
04/11/2020,2020,4,11,10.61583332,11.09499996,2.410000001,16.93750004,17.40874996,0.003391897
04/12/2020,2020,4,12,10.65208332,12.5608333,5.240833362,3.929583232,4.80125005,0.000703692
4/13/2020,2020,4,13,11.22125004,14.54458342,6.131764754,5.150000046,4.774166567,0.002095689
4/14/2020,2020,4,14,10.6495833,13.57958337,4.620714239,21.64041642,21.30500021,0.004164884
4/15/2020,2020,4,15,10.83333337,16.28874997,3.4341667,15.4870834,16.13291672,0.003771138
4/16/2020,2020,4,16,11.18500008,17.79923076,3.038000011,10.73625008,11.02541674,0.003864689
4/17/2020,2020,4,17,10.65999985,,,16.05374998,16.3066667,0.00442749
4/18/2020,2020,4,18,10.31999993,10.63399987,2.242000008,10.75500004,10.87166662,0.00353914
4/19/2020,2020,4,19,10.85416659,13.03291672,3.292222192,12.69125008,12.98124998,0.004161873
4/20/2020,2020,4,20,10.62041668,11.24999991,2.601666669,10.52791673,10.7662499,0.003559295
4/21/2020,2020,4,21,10.36416666,12.82624984,2.249999966,14.98250006,15.27541671,0.003523714
4/22/2020,2020,4,22,9.964166681,12.7675,2.331111107,11.60750004,11.75083338,0.003491795
4/23/2020,2020,4,23,11.06823534,16.14294111,2.936666697,11.38458321,11.56999998,0.003292246
4/24/2020,2020,4,24,,,,10.90708344,11.18708331,0.003003824
4/25/2020,2020,4,25,9.49555556,12.79000014,5.609999955,13.31958329,13.75041668,0.003301006
4/26/2020,2020,4,26,10.45208329,13.40083342,2.267499997,10.04583337,10.38249999,0.003336999
4/27/2020,2020,4,27,11.11625,13.54708347,1.907142814,8.683333347,9.122916629,0.003806867
4/28/2020,2020,4,28,11.45166665,12.13347812,9.724285732,6.719583412,7.066666623,0.003469808
4/29/2020,2020,4,29,11.36249991,12.21708325,3.379999928,8.469583258,8.796250065,0.003559707
4/30/2020,2020,4,30,10.69692318,13.48692314,0.99666667,9.413750077,9.720833408,0.003459133
05/01/2020,2020,5,1,,,,11.0420834,11.69666659,0.003123617
05/02/2020,2020,5,2,12.07214274,13.65428574,1.640000006,16.39708338,16.8487498,0.002349854
05/03/2020,2020,5,3,11.35874997,13.47708334,2.553333282,10.40875003,10.89125006,0.002575482
05/04/2020,2020,5,4,11.17708329,10.04291665,2.246999996,9.330000043,9.688749912,0.003296864
05/05/2020,2020,5,5,11.32166672,11.1125,3.763636378,11.81999995,12.11791667,0.004044214
05/06/2020,2020,5,6,10.9291666,11.67666665,2.956250008,10.75124998,11.21999993,0.003631773
05/07/2020,2020,5,7,10.81999995,16.93600016,5.629999816,12.07666654,12.26416672,0.004117184
05/08/2020,2020,5,8,39.63999939,,,15.17874985,15.57583313,0.002016128
05/09/2020,2020,5,9,10.5054545,7.648181926,0.385000015,12.44125007,12.65625002,0.005647723
05/10/2020,2020,5,10,10.84250001,15.07083334,5.151249934,9.013749984,9.752916632,0.003898473
05/11/2020,2020,5,11,11.39833339,16.77666661,4.606999942,12.13833336,12.99499993,0.006915714
05/12/2020,2020,5,12,11.06375003,18.96666666,3.972857169,12.55124978,11.8449998,0.006388025
5/13/2020,2020,5,13,12.18647054,15.02235288,8.364545386,8.003912866,6.380434694,0.001092275
5/14/2020,2020,5,14,,,,6.410416623,5.949583371,0.001983459
5/15/2020,2020,5,15,,,,0.730000019,0.370000005,0.000434235
5/16/2020,2020,5,16,11.06333335,4.618000031,2.486999962,6.620833258,6.152916625,0.004673025
5/17/2020,2020,5,17,11.93041678,12.39083325,3.440000038,9.742857175,15.36999994,0.00539755
5/18/2020,2020,5,18,11.93125002,14.6908335,2.009999999,23.08933356,28.66764679,0.003754289
5/19/2020,2020,5,19,11.69208336,17.48708339,2.629999995,9.021500003,10.69599996,0.003948024
5/20/2020,2020,5,20,11.56666672,22.23750013,2.472857204,22.2704546,24.06545459,0.003683062
5/21/2020,2020,5,21,10.92357142,32.26076933,6.120000213,15.46749989,17.1888893,0.004122553
5/22/2020,2020,5,22,12.32090907,27.42699986,1.590000033,9.140869602,18.50476208,0.004586334
5/23/2020,2020,5,23,14.45666663,10.57266656,1.413333337,6.672499883,19.18086944,0.0050568
5/24/2020,2020,5,24,11.77625,10.70125009,0.99333333,6.550000057,15.90666676,0.004778715
5/25/2020,2020,5,25,11.23791663,18.39125009,0.812499993,13.67791665,22.4533333,0.00417331
5/26/2020,2020,5,26,12.13041667,20.77291644,2.944545453,12.31999997,17.78333331,0.003986693
5/27/2020,2020,5,27,13.11541657,16.30458338,4.894615384,10.09250006,39.65625016,0.003452901
5/28/2020,2020,5,28,12.20625007,12.5224999,7.710769282,10.12916668,37.82166645,0.003056869
5/29/2020,2020,5,29,11.98999985,15.93636361,2.259999948,10.85833332,38.00043479,0.002947557
5/30/2020,2020,5,30,11.63588232,11.7858823,1.580000044,10.37869573,19.85750006,0.003349474
5/31/2020,2020,5,31,12.3595833,14.58666663,10.65500006,6.862500042,12.10000003,0.001666667
06/01/2020,2020,6,1,11.72583334,14.73583345,2.1558333,7.939166675,22.42238092,0.002083333
06/02/2020,2020,6,2,11.63541667,12.3345833,2.321666638,10.18416676,20.44750003,0
06/03/2020,2020,6,3,11.93333324,16.1837501,4.022000046,16.39428578,17.0120001,0
06/04/2020,2020,6,4,12.18708344,15.84750005,3.171250015,24.34500027,14.48799977,0
06/05/2020,2020,6,5,11.5875,13.15166659,3.738571452,31.57000001,31.36000013,0
06/06/2020,2020,6,6,10.93083328,13.97500012,2.018571443,10.20999984,10.23666683,0
06/07/2020,2020,6,7,11.24291662,17.92749999,1.889999986,7.090000093,18.11000061,0.008333333
06/08/2020,2020,6,8,13.0908335,19.16583323,16.79499962,_,48.18000031,0
06/09/2020,2020,6,9,12.24958332,16.80416647,2.609999975,46.95999908,12.76090912,0
06/10/2020,2020,6,10,12.72875007,11.26708326,1.973000039,14.5890001,37.39999962,0.023529412
06/11/2020,2020,6,11,12.79249994,12.54583335,4.855999952,31.56666629,23.02999967,0.057142858
06/12/2020,2020,6,12,10.94500005,9.793750068,4.199999935,25.50999966,4.27500008,0.105882355
6/13/2020,2020,6,13,10.64958336,15.09166666,0.954999983,12.48555536,5.208000058,0.0125
6/14/2020,2020,6,14,11.21052637,17.47105262,1.356666674,8.267999959,21.7737501,0
6/15/2020,2020,6,15,11.73874998,13.9466665,1.436249983,6.891666631,24.81958318,0
6/16/2020,2020,6,16,12.19333331,13.21958329,3.606000048,7.188750123,23.91272705,0
6/17/2020,2020,6,17,12.98875004,16.95913054,7.274000041,9.102499895,30.54190491,0.066666668
6/18/2020,2020,6,18,13.2091668,16.16124982,6.119090861,8.761249957,27.90999999,0.028571429
6/19/2020,2020,6,19,13.03708327,11.34333335,16.13866679,6.683333352,29.41750002,0.100000001
6/20/2020,2020,6,20,12.66458329,14.04458328,3.26000002,9.985416591,16.40100017,0
6/21/2020,2020,6,21,11.88208338,16.57791668,1.12833334,16.01624991,14.44375022,0
6/22/2020,2020,6,22,11.75083335,15.09166672,1.483333326,11.57083337,14.48500016,0
6/23/2020,2020,6,23,13.05636358,14.04772723,29.60444487,9.810416679,5.309090851,0.047619048
6/24/2020,2020,6,24,19.67166662,18.78499985,44.94874986,4.288333385,9.101250033,0
6/25/2020,2020,6,25,19.55291669,18.23583337,46.21583335,9.019583344,8.455416586,0
6/26/2020,2020,6,26,19.12208335,15.29250014,45.20458301,8.517083449,6.026250045,0
6/27/2020,2020,6,27,22.04916668,16.75083331,46.21749989,6.049166637,4.434999976,0
6/28/2020,2020,6,28,20.97083322,19.24541656,50.8687501,4.416666689,5.487500007,0.015384616
6/29/2020,2020,6,29,20.88916675,18.83416649,53.51958338,5.414166741,9.390416717,1.108333349
6/30/2020,2020,6,30,20.68833351,21.38166654,50.99166648,9.303333317,14.5737501,1.112500012
07/01/2020,2020,7,1,20.53875001,22.63083327,46.6312499,14.36416662,11.8195833,1.114615395
07/02/2020,2020,7,2,21.10666672,17.63250005,49.60333379,11.75458333,7.637916657,#DIV/0!
07/03/2020,2020,7,3,24.29958336,13.26166674,57.68181879,7.575833385,4.383478202,1.110000014
07/04/2020,2020,7,4,24.16250006,16.73083345,55.70500008,4.757391326,7.294166704,1.110000014
07/05/2020,2020,7,5,20.76416683,18.09750017,55.96291685,7.142916669,9.441249967,1.110000014
07/06/2020,2020,7,6,20.6291666,17.82708347,47.93041643,9.22541668,5.639583354,1.110833347
07/07/2020,2020,7,7,21.49666667,16.94291663,53.84625022,5.621250011,8.232916648,1.107500017
07/08/2020,2020,7,8,21.76125002,20.53208315,53.01458311,8.16958336,10.32958321,1.110416681
07/09/2020,2020,7,9,23.6566666,18.00708326,53.14333344,10.17333335,11.38958327,1.109166682
07/10/2020,2020,7,10,20.83291666,14.36583348,50.49791686,11.22958329,7.957083397,1.110000014
07/11/2020,2020,7,11,21.77416678,19.89916678,49.54166651,7.914166684,9.52041664,1.110416681
07/12/2020,2020,7,12,24.28666671,19.97833365,59.26954477,9.480000031,8.841250064,1.109166682
7/13/2020,2020,7,13,21.13999995,18.76458323,55.32499981,8.857083383,10.3425,1.110000014
7/14/2020,2020,7,14,20.66291658,18.43375015,51.19583368,10.26791674,8.825833379,1.111666679
7/15/2020,2020,7,15,20.52625004,18.07999984,49.10375007,8.774583183,8.118333355,1.130833348
7/16/2020,2020,7,16,22.21208342,16.6920832,49.84375016,8.265833393,5.990000084,1.115833342
7/17/2020,2020,7,17,23.51125018,17.46833354,50.42217387,6.015000097,6.372916736,1.120416681
7/18/2020,2020,7,18,21.34750001,19.39291684,51.90833314,6.681666737,7.762083362,1.111666679
7/19/2020,2020,7,19,21.79250002,19.6516666,53.64250024,7.721249968,8.740833327,1.111250013
7/20/2020,2020,7,20,21.88249993,17.4916666,49.24583371,8.589166696,4.970416615,1.107500017
7/21/2020,2020,7,21,23.49624999,18.00333329,57.3939131,4.829583359,6.073043494,1.106956539
7/22/2020,2020,7,22,23.10708316,17.62958336,55.98750003,6.528695669,10.10999994,1.095000029
7/23/2020,2020,7,23,21.5958333,16.73999989,55.93416691,9.977916698,11.49916656,1.109583348
7/24/2020,2020,7,24,21.80458331,18.93125006,50.83708382,11.37125005,8.917083343,1.108333349
7/25/2020,2020,7,25,22.42916648,19.55249981,54.44958337,8.810833221,7.039999957,1.108333349
7/26/2020,2020,7,26,24.93833343,18.9845833,56.07583348,7.040416708,8.529166718,1.108750015
7/27/2020,2020,7,27,24.26749984,17.96500003,50.98666636,8.429583321,4.752916691,1.108750015
7/28/2020,2020,7,28,21.63166674,17.00250006,51.97291708,4.724583328,3.914583345,1.109583348
7/29/2020,2020,7,29,22.52083333,16.6958334,50.64583365,3.97375002,6.344166649,1.142083342
7/30/2020,2020,7,30,23.43374976,17.49291662,49.36333338,6.781666701,6.584166703,1.108333349
7/31/2020,2020,7,31,22.16249998,19.17749989,51.9133331,6.554166637,8.339166688,1.111250013
08/01/2020,2020,8,1,21.43624989,19.72333328,49.50958347,8.295416693,10.33708337,1.109166682
08/02/2020,2020,8,2,21.11541653,17.01583358,48.38041655,10.12375001,8.091666669,1.110416681
08/03/2020,2020,8,3,21.56916666,17.04875012,49.90749995,8.068333395,7.094583253,1.111250013
08/04/2020,2020,8,4,21.50500011,16.66916656,48.81625001,7.261250009,6.202500043,1.108750015
08/05/2020,2020,8,5,21.99708343,16.16250006,58.49749947,6.095416668,5.830833361,1.105000019
08/06/2020,2020,8,6,22.09874996,15.44749995,49.00333341,5.782083303,3.78791667,1.107500017
08/07/2020,2020,8,7,23.66166647,19.14333336,53.85125001,3.840833311,5.036249955,1.108750015
08/08/2020,2020,8,8,22.13666685,18.77916666,52.00583331,4.990416711,7.722916742,1.110416681
08/09/2020,2020,8,9,20.73238091,18.43952388,42.75809488,7.748749991,14.73000016,1.065454553
08/10/2020,2020,8,10,18.67458324,12.32416658,40.28958337,14.69333326,13.18458332,#DIV/0!
08/11/2020,2020,8,11,19.37916668,10.84083335,45.10291664,13.22708324,6.933333303,#DIV/0!
08/12/2020,2020,8,12,20.49250023,12.46083329,44.97304344,6.990416683,7.529166609,#DIV/0!
8/13/2020,2020,8,13,20.99869554,14.36304341,44.74499997,7.500416674,8.606249931,1.107999998
8/14/2020,2020,8,14,19.86374994,14.47083326,44.35333339,9.39624998,9.397083335,1.120833337
8/15/2020,2020,8,15,19.49208327,14.6266667,40.85791667,9.260833204,9.38124992,1.120416671
8/16/2020,2020,8,16,20.93999994,15.50666672,44.51272713,9.222916802,9.166666567,1.122500002
8/17/2020,2020,8,17,22.45958328,15.07041649,48.74739133,9.145833279,7.457083295,1.120000005
8/18/2020,2020,8,18,20.42624994,14.36291651,40.56999995,7.436249944,6.637083257,1.124166667
8/19/2020,2020,8,19,19.65541665,15.50666664,40.18916678,6.546666717,6.964999944,1.121250004
8/20/2020,2020,8,20,22.37649989,13.42550011,53.03823538,6.927083358,12.1694738,1.183499998
8/21/2020,2020,8,21,19.94041661,12.6966666,39.12833329,12.16105263,10.52791676,1.119583338
8/22/2020,2020,8,22,19.52083333,12.23874988,37.85041642,10.44666669,9.716250037,1.118750006
8/23/2020,2020,8,23,19.38,12.45749984,35.44916662,9.557083299,11.14124991,1.112916678
8/24/2020,2020,8,24,19.46333345,12.12666672,36.39833339,11.07333344,10.53999998,1.11833334
8/25/2020,2020,8,25,19.10041674,12.79000006,35.83583371,10.41291657,13.84695656,1.135416677
8/26/2020,2020,8,26,19.04541671,10.14291666,34.62416673,14.83086946,10.66624989,1.12166667
8/27/2020,2020,8,27,21.08416653,11.17708331,37.76583346,10.32708329,4.668333329,1.118750006
8/28/2020,2020,8,28,21.96791673,12.30291667,41.00250006,4.7304167,7.891666566,1.123750001
8/29/2020,2020,8,29,20.98958325,15.76583336,37.80416679,7.834166725,9.976666629,1.124166667
8/30/2020,2020,8,30,20.63583322,13.78416681,40.4045833,9.848333329,10.70125004,1.116666675
8/31/2020,2020,8,31,19.11624988,13.4329166,39.67458344,10.51750001,13.6812501,1.116666675
09/01/2020,2020,9,1,17.99249995,10.54083334,36.25874988,13.44166667,9.60666663,1.116250008
09/02/2020,2020,9,2,19.05833336,10.50083327,39.67125003,9.379999985,9.282916596,1.117500007
09/03/2020,2020,9,3,20.9979167,13.14999992,36.84083382,9.050416619,14.18458329,1.116250008
09/04/2020,2020,9,4,21.90791663,16.0495834,39.009583,13.95458327,10.73166669,1.116666675
09/05/2020,2020,9,5,23.88208342,17.42749992,50.18521748,10.61833336,6.554615415,1.11500001
09/06/2020,2020,9,6,24.29875,20.89166669,43.59791692,6.579999933,,1.110000014
09/07/2020,2020,9,7,28.33458328,17.00333333,51.94523784,,,1.113750011
09/08/2020,2020,9,8,23.79166651,17.82125012,49.15625,,,1.113750011
09/09/2020,2020,9,9,24.10416683,17.77541673,49.11875041,,,1.110000014
09/10/2020,2020,9,10,24.86041657,17.91541676,52.39500014,,,1.110833347
09/11/2020,2020,9,11,25.64749996,19.00041684,49.2158335,,,1.110000014
09/12/2020,2020,9,12,24.39291668,19.58750002,49.67291641,,,1.110000014
9/13/2020,2020,9,13,24.62625003,18.37958336,45.27541653,,,1.110000014
9/14/2020,2020,9,14,23.87541668,17.99458333,49.02583345,,,1.110000014
9/15/2020,2020,9,15,23.88291677,21.01874991,49.70333322,,,1.110416681
9/16/2020,2020,9,16,24.39458346,20.62666663,48.63333305,,,1.110000014
9/17/2020,2020,9,17,24.64791679,16.44125005,53.25125027,,15.95000045,1.109166682
9/18/2020,2020,9,18,23.89874983,18.53666687,50.73249976,5.067499891,4.934999943,1.109583348
9/19/2020,2020,9,19,25.13708321,20.74666647,51.54416672,6.039999902,14.26500012,1.110000014
9/20/2020,2020,9,20,23.84416644,16.65791686,58.15739142,10.50666674,11.03166658,1.110000014
9/21/2020,2020,9,21,24.3641669,16.32208331,54.46083339,7.294583301,10.00208342,1.107916683
9/22/2020,2020,9,22,25.13958335,18.30416671,52.43833343,4.047916596,11.1383332,1.109166682
9/23/2020,2020,9,23,25.01124978,16.86291667,53.63958327,6.680416663,12.35041667,1.111250013
9/24/2020,2020,9,24,25.25083343,14.59833348,50.05863641,6.707499996,14.13208334,1.110833347
9/25/2020,2020,9,25,23.54958351,14.27416678,48.94916677,8.299583366,15.23999994,1.110416681
9/26/2020,2020,9,26,23.88416688,16.27583325,47.2029163,9.442916691,13.02916668,1.108750015
9/27/2020,2020,9,27,23.97874999,15.69708323,48.64250024,9.27958334,10.48958331,1.110416681
9/28/2020,2020,9,28,23.75295833,18.36633333,50.477125,9.223749965,15.799,1.052291667
9/29/2020,2020,9,29,24.53925,16.69408333,53.30583333,11.586375,42.60757895,1.019291667
9/30/2020,2020,9,30,26.35908333,17.376875,51.39683333,8.583291667,14.24429167,1.017166667
10/01/2020,2020,10,1,24.43591667,15.68383333,51.18245833,7.464291667,22.022125,1.016375
10/02/2020,2020,10,2,23.14545833,19.26195833,50.346125,8.700625,60.89971429,1.036583333
10/03/2020,2020,10,3,23.92325,21.63291667,49.32679167,11.92913043,24.61866667,1.0195
10/04/2020,2020,10,4,24.944875,21.15541667,48.80470833,18.92645833,20.94258333,1.018541667
10/05/2020,2020,10,5,24.17966667,18.34820833,49.422875,17.73354167,16.17120833,1.016916667
10/06/2020,2020,10,6,24.258375,22.775375,52.42908333,11.58395833,23.97491667,1.016666667
10/07/2020,2020,10,7,25.11925,16.90416667,54.238625,16.74933333,21.920125,1.018166667
10/08/2020,2020,10,8,24.99804167,17.14095833,51.83125,13.64554167,17.231,1.019333333
10/09/2020,2020,10,9,25.90791667,19.31704167,51.50533333,2.965083333,15.57754167,1.019041667
10/10/2020,2020,10,10,26.26316667,20.195375,56.46858333,3.572208333,17.53475,1.016041667
10/11/2020,2020,10,11,25.87120833,18.54670833,57.78391667,6.88725,24.47395833,1.01725
10/12/2020,2020,10,12,24.07570833,19.27170833,48.45083333,9.450625,25.19691667,1.017833333
10/13/2020,2020,10,13,23.7295,21.33083333,49.567,7.025041667,27.91770833,1.017
10/14/2020,2020,10,14,24.32416667,21.55225,54.07066667,9.6985,23.766625,1.017458333
10/15/2020,2020,10,15,25.21041667,18.8255,51.70329167,16.78908333,25.53665217,1.0165
10/16/2020,2020,10,16,25.433,18.63345833,58.110125,12.208,30.807,1.016833333
10/17/2020,2020,10,17,24.93770833,26.10404167,46.12841667,12.98917391,20.126625,1.01525
10/18/2020,2020,10,18,25.054375,14.98095833,56.39658333,15.66066667,19.91654167,1.015708333
10/19/2020,2020,10,19,25.126125,15.92429167,50.96508333,4.088791667,25.18325,1.016708333
10/20/2020,2020,10,20,26.11758333,20.106375,50.33241667,4.767666667,23.80575,1.017583333
10/21/2020,2020,10,21,26.35689474,19.78505263,57.61826316,5.88225,19.82921053,1.019526316
10/22/2020,2020,10,22,26.95220833,16.370125,54.79030435,8.026578947,25.5865,1.014125
10/23/2020,2020,10,23,24.529,18.49508333,48.07508333,10.24108333,50.08645833,1.014916667
10/24/2020,2020,10,24,23.29208333,15.600125,50.86175,4.288083333,54.04504167,1.014583333
10/25/2020,2020,10,25,24.27145833,18.245125,51.85395833,4.3425,53.5365,1.030583333
10/26/2020,2020,10,26,25.53016667,16.7235,53.66870833,8.520208333,51.24686957,1.015208333
10/27/2020,2020,10,27,24.97425,20.4075,48.49145833,7.216875,30.18725,0.781391304
10/28/2020,2020,10,28,24.79441667,18.919875,54.028125,9.297291667,14.37675,0.337541667
10/29/2020,2020,10,29,23.86333333,18.16233333,50.804625,14.595875,15.79483333,0.338625
10/30/2020,2020,10,30,24.61270833,17.622,51.97795833,15.815,6.772,0.340333333
10/31/2020,2020,10,31,23.8095,21.0935,51.414625,7.285208333,14.171125,0.338416667
11/01/2020,2020,11,1,24.672375,19.863125,52.0005,13.96233333,4.946782609,0.338583333
11/02/2020,2020,11,2,25.64575,20.52129167,54.20820833,4.776695652,10.240375,0.337791667
11/03/2020,2020,11,3,24.63470833,20.177125,52.253625,10.42508333,6.695416667,0.339
11/04/2020,2020,11,4,25.08683333,19.46758333,54.443125,6.623583333,0,0.338333333
11/05/2020,2020,11,5,24.71395833,17.13616667,48.49891667,0.109041667,0,0.338291667
11/06/2020,2020,11,6,25.188875,22.04304167,48.469125,0.1105,0,0.338375
11/07/2020,2020,11,7,25.2325,19.64645833,52.94054167,0.109291667,0,0.338333333
11/08/2020,2020,11,8,25.38554167,18.78425,52.09504167,0.108833333,0,0.338541667
11/09/2020,2020,11,9,31.246,12.64242857,54.75714286,0.11,0.4785,0.3361
11/10/2020,2020,11,10,27.829,25.46366667,50.30811111,1.006166667,8.620333333,0.338458333
11/11/2020,2020,11,11,23.74066667,19.2555,54.82241667,9.714916667,26.648875,0.339291667
11/12/2020,2020,11,12,24.51183333,17.612875,50.694125,26.584125,19.694,0.340541667
11/13/2020,2020,11,13,24.33791667,19.42054167,50.13629167,19.39154167,12.17620833,0.338541667
11/14/2020,2020,11,14,24.205125,21.39445833,47.74804167,11.88875,9.7065,0.339333333
11/15/2020,2020,11,15,24.12279167,23.25208333,50.28833333,9.5535,25.19770833,0.33925
11/16/2020,2020,11,16,24.12954167,21.02520833,51.87529167,24.63716667,22.243125,0.338166667
11/17/2020,2020,11,17,24.68383333,20.90525,53.71291667,21.75766667,23.41320833,0.338041667
11/18/2020,2020,11,18,24.52845833,22.36629167,48.53241667,22.88616667,13.195625,0.337958333
11/19/2020,2020,11,19,24.056125,22.896125,48.73795833,12.87354167,18.75275,0.338208333
11/20/2020,2020,11,20,22.963375,20.074375,53.83483333,18.64725,9.816375,0.339041667
11/21/2020,2020,11,21,23.32183333,23.17695833,51.242625,9.558041667,14.00908333,0.338375
11/22/2020,2020,11,22,23.507375,24.48733333,53.74620833,13.59979167,12.38616667,0.338416667
11/23/2020,2020,11,23,24.46558333,22.85258333,52.97270833,11.986125,27.4866087,0.338916667
11/24/2020,2020,11,24,25.04145833,25.00795833,53.67945833,26.79873913,22.8533913,0.340083333
11/25/2020,2020,11,25,24.421375,23.978125,54.7935,22.33569565,15.676875,0.339666667
11/26/2020,2020,11,26,23.95033333,20.474375,48.30445833,15.37166667,9.3655,0.3385
11/27/2020,2020,11,27,23.263875,20.88966667,51.57741667,9.254125,8.112041667,0.337583333
11/28/2020,2020,11,28,24.188,27.433125,51.83541667,8.074333333,29.180125,0.339125
11/29/2020,2020,11,29,23.95345833,28.3845,55.02683333,28.77783333,33.604875,0.339
11/30/2020,2020,11,30,23.45483333,25.13041667,51.38925,32.89583333,27.83470833,0.33875
12/01/2020,2020,12,1,24.60625,23.01608333,50.904125,27.106125,21.72233333,0.3385
12/02/2020,2020,12,2,23.689625,24.50604167,52.22625,21.14579167,21.941625,0.338416667
12/03/2020,2020,12,3,25.47470833,22.634625,53.72104167,21.41116667,17.18595833,0.338166667
12/04/2020,2020,12,4,24.40791667,27.32845833,49.583125,16.83095833,23.18633333,0.33825
12/05/2020,2020,12,5,23.61345833,23.06304167,48.96354167,22.73283333,8.670208333,0.337875
12/06/2020,2020,12,6,24.108375,24.071875,53.77325,8.669416667,24.55378261,0.33875
12/07/2020,2020,12,7,24.428125,26.00683333,48.99075,26.97943478,19.11091667,0.337708333
12/08/2020,2020,12,8,23.31670833,21.02479167,54.33433333,18.846375,15.29475,0.338083333
12/09/2020,2020,12,9,19.32483333,17.50583333,41.62658333,15.23233333,13.64466667,0.340458333
12/10/2020,2020,12,10,20.93516667,16.85479167,42.24241667,13.38979167,8.405041667,0.34175
12/11/2020,2020,12,11,22.13770833,18.94379167,44.43408333,8.397541667,11.68779167,0.340916667
12/12/2020,2020,12,12,21.58695833,19.79041667,48.838375,11.75975,9.556416667,0.341625
12/13/2020,2020,12,13,19.713,21.40141667,38.82579167,9.335583333,9.774291667,0.342166667
12/14/2020,2020,12,14,19.09520833,20.69433333,39.81204167,9.595708333,11.59758333,0.342583333
12/15/2020,2020,12,15,19.24545833,22.92483333,40.39516667,11.27820833,11.340875,0.342458333
12/16/2020,2020,12,16,22.04670833,22.15241667,43.51395833,11.003625,6.119,0.34125
12/17/2020,2020,12,17,21.36391667,19.34554167,40.72333333,6.094041667,4.705041667,0.3415
12/18/2020,2020,12,18,20.43429167,21.26083333,43.72033333,4.904833333,10.27108333,0.341625
12/19/2020,2020,12,19,21.99456522,22.19947826,46.65430435,10.13304167,13.30256522,0.34073913
12/20/2020,2020,12,20,18.87395833,20.62370833,40.44525,14.79421739,11.467,0.341708333
12/21/2020,2020,12,21,20.295875,15.86016667,41.94608333,11.18179167,14.179125,0.340041667
12/22/2020,2020,12,22,20.923625,16.16566667,42.48504167,13.84908333,24.051,0.341875
12/23/2020,2020,12,23,19.635125,14.88883333,42.48241667,23.42177778,,0.339833333
12/24/2020,2020,12,24,23.216625,22.89420833,47.30616667,,,0.340041667
12/25/2020,2020,12,25,23.08033333,19.97116667,46.988375,,,0.340958333
12/26/2020,2020,12,26,20.531125,18.508375,39.87075,,,0.34
12/27/2020,2020,12,27,20.55133333,20.468875,40.89029167,,,0.340041667
12/28/2020,2020,12,28,20.07335,12.43385714,47.24752381,,10.86732977,0.332208333
12/29/2020,2020,12,29,,,,,,
12/30/2020,2020,12,30,,,,,,
12/31/2020,2020,12,31,,,,,,
01/01/2021,2021,1,1,23.203625,15.43958333,41.8715,8.25075,35.65758333,0.33675
01/02/2021,2021,1,2,23.564875,18.78529167,41.012375,8.605166667,44.66366667,0.337958333
01/03/2021,2021,1,3,22.60033333,22.77029167,40.9725,12.893875,40.40145833,0.339375
01/04/2021,2021,1,4,19.42016667,23.35904167,39.13658333,7.665,22.38375,0.341041667
01/05/2021,2021,1,5,19.16708333,18.27004167,43.4455,,,0.342375
01/06/2021,2021,1,6,19.92404167,20.003625,39.42829167,,,0.339083333
01/07/2021,2021,1,7,19.89691667,20.02566667,43.19725,,,0.340583333
01/08/2021,2021,1,8,19.362125,18.61133333,41.88441667,,,0.340708333
01/09/2021,2021,1,9,19.2845,19.37275,40.272125,,,0.340583333
01/10/2021,2021,1,10,19.13354167,17.54954167,39.42895833,,,0.340333333
01/11/2021,2021,1,11,20.02404167,26.06108333,42.226125,,,0.340041667
01/12/2021,2021,1,12,20.29516667,24.458875,41.277125,,,0.340291667
1/13/2021,2021,1,13,20.703625,23.52441667,39.99125,,,0.341291667
1/14/2021,2021,1,14,20.34054167,23.96875,42.37883333,,,0.339791667
1/15/2021,2021,1,15,20.33970833,20.35820833,43.844125,,,0.339625
1/16/2021,2021,1,16,20.13570833,20.61708333,41.71545833,,,0.341
1/17/2021,2021,1,17,20.19616667,17.200125,43.57970833,,,0.340291667
1/18/2021,2021,1,18,21.42625,18.78341667,46.01875,,,0.339375
1/19/2021,2021,1,19,20.56258333,21.64725,45.45704167,,,0.338958333
1/20/2021,2021,1,20,21.69833333,24.15320833,42.30175,,,0.339291667
1/21/2021,2021,1,21,22.627875,21.20695833,45.88645833,,,0.339458333
1/22/2021,2021,1,22,23.52133333,20.16666667,50.41883333,,,0.340166667
1/23/2021,2021,1,23,24.89304167,24.28283333,51.29070833,,,0.34025
1/24/2021,2021,1,24,26.58161538,26.41953846,52.36146154,,,0.342307692
1/25/2021,2021,1,25,24.09666667,25.39879167,53.59029167,,,0.340166667
1/26/2021,2021,1,26,24.27129167,25.31345833,51.46020833,,,0.339375
1/27/2021,2021,1,27,25.39170833,24.95729167,55.63745833,,,0.340541667
1/28/2021,2021,1,28,25.26771429,26.12614286,58.86604762,11.3184,8.9586,0.225791667
1/29/2021,2021,1,29,17.918875,25.64195833,64.73079167,4.082666667,3.01475,0
1/30/2021,2021,1,30,15.727125,24.30225,63.82575,6.635833333,6.177291667,0
1/31/2021,2021,1,31,15.315375,24.275125,53.66658333,9.499958333,9.467041667,0
02/01/2021,2021,2,1,15.14733333,25.640125,49.647875,14.65508333,15.01541667,0
02/02/2021,2021,2,2,16.24629167,30.37995833,50.836875,22.15170833,22.633625,0
02/03/2021,2021,2,3,15.44233333,26.62716667,49.375625,9.906416667,10.030375,0
02/04/2021,2021,2,4,15.09391667,24.92395833,50.58358333,11.1185,11.33354167,0
02/05/2021,2021,2,5,15.06445833,24.12545833,49.709375,15.31175,15.616625,0
02/06/2021,2021,2,6,15.57033333,26.31570833,49.06104167,14.18170833,14.59841667,0
02/07/2021,2021,2,7,16.48716667,25.4485,51.99716667,14.59166667,14.949625,0
02/08/2021,2021,2,8,16.53308333,24.94454167,49.20566667,10.60195833,10.84279167,0
02/09/2021,2021,2,9,16.12554167,25.70691667,50.58308333,7.418166667,7.573291667,0
02/10/2021,2021,2,10,15.60416667,25.09541667,50.505625,6.240458333,6.392625,0
02/11/2021,2021,2,11,17.70770833,21.74166667,55.25233333,7.744,7.985791667,0
02/12/2021,2021,2,12,17.91233333,18.51633333,59.39075,6.517333333,6.684291667,0
2/13/2021,2021,2,13,16.96533333,24.08020833,58.65379167,14.36508333,14.60341667,0
2/14/2021,2021,2,14,17.14404167,24.124125,57.318375,17.52354167,17.82495833,0
2/15/2021,2021,2,15,16.8385,26.77004167,54.81154167,14.88891667,15.18358333,0
2/16/2021,2021,2,16,16.46541667,27.14558333,56.306375,9.62725,9.758083333,0
2/17/2021,2021,2,17,16.14220833,23.12116667,55.94416667,11.65520833,11.94391667,0
2/18/2021,2021,2,18,18.31854167,22.666375,60.05479167,7.746625,7.772958333,0
2/19/2021,2021,2,19,15.62575,23.853375,58.83429167,7.430708333,7.476,0
2/20/2021,2021,2,20,15.25016667,23.897625,55.71716667,13.683875,13.94945833,0
2/21/2021,2021,2,21,15.56408333,22.27891667,53.97166667,20.75875,21.14533333,0
2/22/2021,2021,2,22,16.90870833,23.44341667,55.75654167,21.419625,21.97116667,0
2/23/2021,2021,2,23,17.418125,28.628875,55.34175,26.78141667,27.69483333,0
2/24/2021,2021,2,24,17.54825,26.16183333,53.255,11.852,12.26258333,0
2/25/2021,2021,2,25,17.433375,22.371,55.3625,10.44608333,10.67220833,0
2/26/2021,2021,2,26,18.67891667,22.88283333,55.16525,17.31741667,17.720125,0
2/27/2021,2021,2,27,18.378875,23.16770833,54.426625,18.28808333,18.756375,0
2/28/2021,2021,2,28,17.42391667,21.15866667,51.09533333,12.175625,12.272625,0
03/01/2021,2021,3,1,16.97408333,24.31720833,50.65341667,11.762125,11.957125,0
03/02/2021,2021,3,2,18.000875,23.37141667,53.70333333,12.57570833,12.92158333,0
03/03/2021,2021,3,3,17.596875,22.36379167,50.31825,9.004833333,9.195875,0
03/04/2021,2021,3,4,17.2745,26.05354167,51.84429167,11.9305,12.14954167,0
03/05/2021,2021,3,5,17.32508333,26.01479167,54.73779167,15.05320833,15.380375,0
03/06/2021,2021,3,6,17.178625,26.19704167,54.96691667,19.44370833,19.85479167,0
03/07/2021,2021,3,7,16.72605882,27.26658824,52.28047059,24.47582353,22.73111765,0
03/08/2021,2021,3,8,17.27275,25.552875,57.74166667,19.57408333,20.024,0
03/09/2021,2021,3,9,16.567125,26.810125,53.68575,18.75920833,19.3845,0
03/10/2021,2021,3,10,16.24858333,24.79125,55.87704167,16.61479167,16.98958333,0
03/11/2021,2021,3,11,16.4485,25.21583333,54.213375,13.40633333,13.91779167,0
03/12/2021,2021,3,12,17.26075,22.01829167,53.99120833,17.13366667,17.629875,0
3/13/2021,2021,3,13,16.684125,25.01770833,56.58733333,16.38483333,16.99154167,0
3/14/2021,2021,3,14,17.05754167,22.05720833,56.7415,16.68425,17.190125,0
3/15/2021,2021,3,15,17.62408333,22.03179167,56.3855,13.9845,14.29558333,0
3/16/2021,2021,3,16,17.50875,25.60558333,52.04445833,14.41429167,14.84204167,0
3/17/2021,2021,3,17,18.20475,24.43166667,55.21075,17.228625,17.68579167,0
3/18/2021,2021,3,18,22.28068421,34.45842857,50.88238889,19.751375,19.264875,0
3/19/2021,2021,3,19,17.95079167,29.62545833,46.83083333,9.234958333,9.110375,0
3/20/2021,2021,3,20,18.17610526,27.16484211,48.91405263,7.901789474,7.634578947,0.179210526
3/21/2021,2021,3,21,17.05372222,25.23172222,45.10238889,4.265947368,3.854789474,0.34
3/22/2021,2021,3,22,19.62866667,31.20033333,44.29894444,12.55758333,11.6705,0.339916667
3/23/2021,2021,3,23,16.838375,21.96908333,49.00745833,22.10729167,20.17370833,0.339958333
3/24/2021,2021,3,24,16.26783333,22.11033333,52.40166667,24.55879167,21.39573913,0.340291667
3/25/2021,2021,3,25,15.5315,26.59105556,48.40741176,21.01241667,20.82058333,0.340708333
3/26/2021,2021,3,26,16.124625,22.22454167,52.180125,33.94791667,33.939,0.340416667
3/27/2021,2021,3,27,15.97775,23.153125,49.26104167,23.97245833,26.26866667,0.339958333
3/28/2021,2021,3,28,16.215,20.203875,47.32191667,33.27541667,35.10583333,0.339708333
3/29/2021,2021,3,29,16.34175,18.47683333,46.30625,32.329125,34.09620833,0.33925
3/30/2021,2021,3,30,16.04068182,24.46578261,43.64554545,24.67504167,26.07575,0.33975
3/31/2021,2021,3,31,16.15654167,20.36441667,45.448625,23.95504167,25.17308333,0.339166667
04/01/2021,2021,4,1,15.99208333,19.61116667,45.20775,24.647375,25.98491667,0.338875
04/02/2021,2021,4,2,20.88916675,18.83416649,53.51958338,9.303333317,9.390416717,1.108333349
04/03/2021,2021,4,3,20.68833351,21.38166654,50.99166648,14.36416662,14.5737501,1.112500012
04/04/2021,2021,4,4,20.53875001,22.63083327,46.6312499,11.75458333,11.8195833,1.114615395
04/05/2021,2021,4,5,21.10666672,17.63250005,49.60333379,7.575833385,7.637916657,
04/06/2021,2021,4,6,24.29958336,13.26166674,57.68181879,4.757391326,4.383478202,1.110000014
04/07/2021,2021,4,7,24.16250006,16.73083345,55.70500008,7.142916669,7.294166704,1.110000014
04/08/2021,2021,4,8,20.76416683,18.09750017,55.96291685,9.22541668,9.441249967,1.110000014
04/09/2021,2021,4,9,20.6291666,17.82708347,47.93041643,5.621250011,5.639583354,1.110833347
04/10/2021,2021,4,10,21.49666667,16.94291663,53.84625022,8.16958336,8.232916648,1.107500017
04/11/2021,2021,4,11,21.76125002,20.53208315,53.01458311,10.17333335,10.32958321,1.110416681
04/12/2021,2021,4,12,23.6566666,18.00708326,53.14333344,11.22958329,11.38958327,1.109166682
4/13/2021,2021,4,13,20.83291666,14.36583348,50.49791686,7.914166684,7.957083397,1.110000014
4/14/2021,2021,4,14,21.77416678,19.89916678,49.54166651,9.480000031,9.52041664,1.110416681
4/15/2021,2021,4,15,24.28666671,19.97833365,59.26954477,8.857083383,8.841250064,1.109166682
4/16/2021,2021,4,16,21.13999995,18.76458323,55.32499981,10.26791674,10.3425,1.110000014
4/17/2021,2021,4,17,20.66291658,18.43375015,51.19583368,8.774583183,8.825833379,1.111666679
4/18/2021,2021,4,18,20.52625004,18.07999984,49.10375007,8.265833393,8.118333355,1.130833348
4/19/2021,2021,4,19,22.21208342,16.6920832,49.84375016,6.015000097,5.990000084,1.115833342
4/20/2021,2021,4,20,23.51125018,17.46833354,50.42217387,6.681666737,6.372916736,1.120416681
4/21/2021,2021,4,21,21.34750001,19.39291684,51.90833314,7.721249968,7.762083362,1.111666679
4/22/2021,2021,4,22,21.45374997,19.86125012,50.49666659,10.99249999,11.13999998,1.110000014
4/23/2021,2021,4,23,21.79250002,19.6516666,53.64250024,8.589166696,8.740833327,1.111250013
4/24/2021,2021,4,24,21.88249993,17.4916666,49.24583371,4.829583359,4.970416615,1.107500017
4/25/2021,2021,4,25,23.49624999,18.00333329,57.3939131,6.528695669,6.073043494,1.106956539
4/26/2021,2021,4,26,23.10708316,17.62958336,55.98750003,9.977916698,10.10999994,1.095000029
4/27/2021,2021,4,27,21.5958333,16.73999989,55.93416691,11.37125005,11.49916656,1.109583348
4/28/2021,2021,4,28,21.80458331,18.93125006,50.83708382,8.810833221,8.917083343,1.108333349
4/29/2021,2021,4,29,22.42916648,19.55249981,54.44958337,7.040416708,7.039999957,1.108333349
4/30/2021,2021,4,30,24.93833343,18.9845833,56.07583348,8.429583321,8.529166718,1.108750015
05/01/2021,2021,5,1,24.26749984,17.96500003,50.98666636,4.724583328,4.752916691,1.108750015
05/02/2021,2021,5,2,21.63166674,17.00250006,51.97291708,3.97375002,3.914583345,1.109583348
05/03/2021,2021,5,3,22.52083333,16.6958334,50.64583365,6.781666701,6.344166649,1.142083342
05/04/2021,2021,5,4,23.43374976,17.49291662,49.36333338,6.554166637,6.584166703,1.108333349
05/05/2021,2021,5,5,22.16249998,19.17749989,51.9133331,8.295416693,8.339166688,1.111250013
05/06/2021,2021,5,6,21.43624989,19.72333328,49.50958347,10.12375001,10.33708337,1.109166682
05/07/2021,2021,5,7,21.11541653,17.01583358,48.38041655,8.068333395,8.091666669,1.110416681
05/08/2021,2021,5,8,21.56916666,17.04875012,49.90749995,7.261250009,7.094583253,1.111250013
05/09/2021,2021,5,9,21.50500011,16.66916656,48.81625001,6.095416668,6.202500043,1.108750015
05/10/2021,2021,5,10,21.99708343,16.16250006,58.49749947,5.782083303,5.830833361,1.105000019
05/11/2021,2021,5,11,22.09874996,15.44749995,49.00333341,3.840833311,3.78791667,1.107500017
05/12/2021,2021,5,12,23.66166647,19.14333336,53.85125001,4.990416711,5.036249955,1.108750015
5/13/2021,2021,5,13,22.13666685,18.77916666,52.00583331,7.748749991,7.722916742,1.110416681
5/14/2021,2021,5,14,20.73238091,18.43952388,42.75809488,14.69333326,14.73000016,1.065454553
5/15/2021,2021,5,15,18.67458324,12.32416658,40.28958337,13.22708324,13.18458332,
5/16/2021,2021,5,16,19.37916668,10.84083335,45.10291664,6.990416683,6.933333303,
5/17/2021,2021,5,17,20.49250023,12.46083329,44.97304344,7.500416674,7.529166609,
5/18/2021,2021,5,18,20.99869554,14.36304341,44.74499997,9.39624998,8.606249931,1.107999998
5/19/2021,2021,5,19,19.86374994,14.47083326,44.35333339,9.260833204,9.397083335,1.120833337
5/20/2021,2021,5,20,19.49208327,14.6266667,40.85791667,9.222916802,9.38124992,1.120416671
5/21/2021,2021,5,21,20.93999994,15.50666672,44.51272713,9.145833279,9.166666567,1.122500002
5/22/2021,2021,5,22,22.45958328,15.07041649,48.74739133,7.436249944,7.457083295,1.120000005
5/23/2021,2021,5,23,20.42624994,14.36291651,40.56999995,6.546666717,6.637083257,1.124166667
5/24/2021,2021,5,24,19.65541665,15.50666664,40.18916678,6.927083358,6.964999944,1.121250004
5/25/2021,2021,5,25,22.37649989,13.42550011,53.03823538,12.16105263,12.1694738,1.183499998
5/26/2021,2021,5,26,19.94041661,12.6966666,39.12833329,10.44666669,10.52791676,1.119583338
5/27/2021,2021,5,27,19.52083333,12.23874988,37.85041642,9.557083299,9.716250037,1.118750006
5/28/2021,2021,5,28,19.38,12.45749984,35.44916662,11.07333344,11.14124991,1.112916678
5/29/2021,2021,5,29,19.46333345,12.12666672,36.39833339,10.41291657,10.53999998,1.11833334
5/30/2021,2021,5,30,19.10041674,12.79000006,35.83583371,14.83086946,13.84695656,1.135416677
5/31/2021,2021,5,31,19.04541671,10.14291666,34.62416673,10.32708329,10.66624989,1.12166667
06/01/2021,2021,6,1,21.08416653,11.17708331,37.76583346,4.7304167,4.668333329,1.118750006
06/02/2021,2021,6,2,22.08166671,12.36458331,41.28250003,7.737500049,7.788333232,1.123750001
06/03/2021,2021,6,3,20.89041654,15.96708339,38.14291684,9.954583337,10.09624996,1.123750001
06/04/2021,2021,6,4,20.69374994,14.05000011,39.88833332,10.73291668,10.9154167,1.117083341
06/05/2021,2021,6,5,19.10565202,12.84304341,40.09739138,13.55652174,13.80173924,1.116521747
06/06/2021,2021,6,6,17.94416662,10.57916668,36.80499991,9.404999981,9.634999956,1.116250008
06/07/2021,2021,6,7,19.26375004,10.46458328,39.3729167,9.15958328,9.399166594,1.117083341
06/08/2021,2021,6,8,20.86208336,13.2079166,37.1712505,14.05041663,14.27083327,1.116666675
06/09/2021,2021,6,9,22.25999991,16.19625008,39.1716663,10.58625001,10.69208337,1.116250008
06/10/2021,2021,6,10,23.88208342,17.42749992,50.18521748,6.579999933,6.554615415,1.11500001
06/11/2021,2021,6,11,24.29875,20.89166669,43.59791692,,,1.110000014
06/12/2021,2021,6,12,28.14499998,17.11749999,51.23047602,,,1.114166677
6/13/2021,2021,6,13,23.79624979,17.70541676,49.04541667,,,1.113333344
6/14/2021,2021,6,14,24.22291684,17.90041673,49.40541712,,,1.110000014
6/15/2021,2021,6,15,24.76086948,17.67304358,52.56869573,,,1.110869579
6/16/2021,2021,6,16,25.51541662,18.9620835,48.91291698,,,1.110000014
6/17/2021,2021,6,17,24.47916667,19.54791673,50.06749964,,,1.110000014
6/18/2021,2021,6,18,24.46375004,18.02291667,44.9670833,,,1.110000014
6/19/2021,2021,6,19,23.97130435,18.18826087,49.3939131,,,1.110000014
6/20/2021,2021,6,20,23.88916675,20.96583323,49.94874986,,,1.110416681
6/21/2021,2021,6,21,24.16958348,20.43374999,48.9779164,,,1.110000014
6/22/2021,2021,6,22,24.72541674,16.58124999,52.99583356,5.067499891,15.95000045,1.109166682
6/23/2021,2021,6,23,24.10708316,18.44250019,50.80833308,4.23999993,3.469999969,1.109583348
6/24/2021,2021,6,24,25.05391295,20.68652157,51.61434787,10.93565225,14.86173926,1.110000014
6/25/2021,2021,6,25,23.84416644,16.65791686,58.15739142,7.294583301,11.03166658,1.110000014
6/26/2021,2021,6,26,24.3641669,16.32208331,54.46083339,4.047916596,10.00208342,1.107916683
6/27/2021,2021,6,27,25.13958335,18.30416671,52.43833343,6.680416663,11.1383332,1.109166682
6/28/2021,2021,6,28,25.01124978,16.86291667,53.63958327,6.707499996,12.35041667,1.111250013
6/29/2021,2021,6,29,25.25083343,14.59833348,50.05863641,8.299583366,14.13208334,1.110833347
6/30/2021,2021,6,30,23.54958351,14.27416678,48.94916677,9.442916691,15.23999994,1.110416681
07/01/2021,2021,7,1,23.88416688,16.27583325,47.2029163,9.27958334,13.02916668,1.108750015
07/02/2021,2021,7,2,11.32141667,4.245142857,4.143,11.177125,17.81316667,0.108625
07/03/2021,2021,7,3,10.08795833,2.486,,11.717375,19.11908333,0.102916667
07/04/2021,2021,7,4,10.202375,2.237230769,,9.829333333,17.5485,0.097416667
07/05/2021,2021,7,5,8.82975,4.8163,,12.09558333,20.65204167,0.147791667
07/06/2021,2021,7,6,8.988416667,2.727529412,,10.07558333,19.97416667,0.119083333
07/07/2021,2021,7,7,11.13247826,1.882928571,,12.333125,22.02041667,0.107166667
07/08/2021,2021,7,8,9.198708333,2.412,,8.462,16.374875,0.088666667
07/09/2021,2021,7,9,9.202375,2.472727273,,7.186125,11.66304167,0.083958333
07/10/2021,2021,7,10,9.502,1.922666667,,7.580166667,13.184625,0.093125
07/11/2021,2021,7,11,8.887083333,2.0163125,,6.790083333,10.44479167,0.082
07/12/2021,2021,7,12,9.69875,2.253947368,,7.914875,13.84495833,0.093125
7/13/2021,2021,7,13,9.276875,3.300230769,,8.153375,14.59304167,0.082041667
7/14/2021,2021,7,14,9.533208333,3.018647059,,7.949208333,13.42154167,0.079583333
7/15/2021,2021,7,15,9.590791667,1.278090909,,6.42225,11.14779167,0.074708333
7/16/2021,2021,7,16,9.570375,1.381,,6.837708333,8.455833333,0.082583333
7/17/2021,2021,7,17,9.777416667,3.1985,17.866,7.160958333,8.383666667,0.095375
7/18/2021,2021,7,18,10.86183333,2.6793125,8.139,4.998541667,5.905166667,0.098541667
7/19/2021,2021,7,19,14.78595833,6.043583333,10.81020833,5.454416667,6.151791667,0.111416667
7/20/2021,2021,7,20,15.31866667,4.926136364,17.277625,6.928541667,7.407416667,0.098875
7/21/2021,2021,7,21,15.60925,3.987541667,16.82678261,4.1605,4.631458333,0.086333333
7/22/2021,2021,7,22,15.67591667,4.120181818,19.31826087,4.6845,4.896875,0.10275
7/23/2021,2021,7,23,15.75608333,2.942722222,18.98316667,4.373916667,4.650833333,0.085708333
7/24/2021,2021,7,24,15.48754167,3.9025,16.78920833,6.040166667,6.7375,0.119583333
7/25/2021,2021,7,25,15.83525,3.703666667,17.73666667,8.461375,9.471458333,0.125708333
7/26/2021,2021,7,26,16.04258333,5.286047619,18.168625,6.957375,7.729916667,0.133125
7/27/2021,2021,7,27,15.05741667,4.414315789,17.03145833,8.921166667,9.654458333,0.134125
7/28/2021,2021,7,28,16.56720833,5.335454545,17.97520833,11.34166667,12.46,0.136083333
7/29/2021,2021,7,29,15.48204167,3.8575,19.649875,8.559833333,9.619416667,0.121708333
7/30/2021,2021,7,30,15.70758333,3.6028125,18.05920833,7.359416667,7.893458333,0.114875
7/31/2021,2021,7,31,15.81779167,4.309615385,14.90466667,10.80658333,12.26895833,0.11525
08/01/2021,2021,8,1,16.88538889,3.343214286,15.77511765,11.90861111,12.83322222,0.125666667
08/02/2021,2021,8,2,16.03254167,2.375333333,13.88308333,11.55679167,12.75941667,0.143416667
08/03/2021,2021,8,3,19.17991667,2.7645,13.24,8.474583333,9.283333333,0.115875
08/04/2021,2021,8,4,15.007625,2.818588235,13.48513043,7.500291667,8.66125,0.113
08/05/2021,2021,8,5,15.18825,4.4365,9.69325,8.858875,10.420375,0.144625
08/06/2021,2021,8,6,16.57241667,5.825333333,23.551,3.689333333,4.017083333,0.121166667
08/07/2021,2021,8,7,18.40004167,5.416833333,24.09291667,10.38370833,11.2875,0.099625
08/08/2021,2021,8,8,18.39733333,6.104916667,17.637125,10.02358333,12.34358333,0.121375
08/09/2021,2021,8,9,17.923125,4.390875,17.32233333,8.451875,10.709375,0.113333333
08/10/2021,2021,8,10,16.38325,6.166083333,19.315625,10.491375,13.24841667,0.128666667
08/11/2021,2021,8,11,16.46295833,6.351,17.822375,7.094833333,9.675291667,0.108125
08/12/2021,2021,8,12,16.96275,5.798041667,17.78304167,6.105916667,7.535,0.116958333
8/13/2021,2021,8,13,17.892375,5.467583333,19.13529167,7.538625,9.206208333,0.127916667
8/14/2021,2021,8,14,17.79054167,5.897291667,18.89225,9.129041667,11.06483333,0.12275
8/15/2021,2021,8,15,18.00791667,5.468416667,17.76045833,10.52483333,13.09791667,0.128708333
8/16/2021,2021,8,16,16.780375,3.891434783,20.737875,14.21791667,16.60279167,0.132791667
8/17/2021,2021,8,17,16.361125,5.07575,15.62779167,13.43025,15.397,0.145208333
8/18/2021,2021,8,18,16.09841667,8.088333333,16.27345833,11.13729167,13.665,0.140916667
8/19/2021,2021,8,19,16.55133333,5.980375,21.15704167,9.041875,9.80575,0.124695652
8/20/2021,2021,8,20,16.63525,4.587,18.96047826,5.572416667,6.734916667,0.140583333
8/21/2021,2021,8,21,17.79204167,6.917625,12.52058333,5.794875,7.0245,0.128291667
8/22/2021,2021,8,22,17.09575,5.943416667,19.68383333,11.15604167,13.41395833,0.1465
8/23/2021,2021,8,23,16.66216667,5.699454545,18.44970833,15.28283333,18.2195,0.156
8/24/2021,2021,8,24,16.59166667,4.312782609,14.42725,17.52758333,20.95854167,0.152291667
8/25/2021,2021,8,25,16.70591667,5.228875,17.96704167,11.48395833,13.81579167,0.117666667
8/26/2021,2021,8,26,16.53409524,7.212777778,16.2114,9.020958333,10.63775,0.151
8/27/2021,2021,8,27,16.464625,3.27275,15.41716667,12.685875,15.51975,0.164208333
8/28/2021,2021,8,28,18.59463636,3.947238095,18.53747619,14.71481818,17.89472727,0.1448125
8/29/2021,2021,8,29,18.26325,5.99275,19.36183333,13.76054167,16.88125,0.258875
8/30/2021,2021,8,30,16.29820833,5.108619048,20.896125,13.44116667,16.80029167,0.149166667
8/31/2021,2021,8,31,17.54258333,8.608272727,21.46891667,23.593,26.24816667,0.186041667
09/01/2021,2021,9,1,16.23145833,5.2331,20.202375,19.73854167,23.649875,0.158
09/02/2021,2021,9,2,16.05866667,6.647368421,18.53733333,10.905375,13.8155,0.126708333
09/03/2021,2021,9,3,16.157,3.619611111,21.39841667,9.655333333,12.52029167,0.114583333
09/04/2021,2021,9,4,16.106,4.620416667,18.444125,6.762125,9.672,0.107958333
09/05/2021,2021,9,5,16.83404167,3.672277778,21.47766667,8.918125,9.945208333,0.056083333
09/06/2021,2021,9,6,15.7355,3.3938,23.79720833,7.777833333,10.37475,0.004708333
09/07/2021,2021,9,7,15.67116667,4.654619048,17.67229167,8.93975,12.23716667,0.004791667
09/08/2021,2021,9,8,15.901625,4.540958333,16.55708333,4.834666667,7.727875,0.0045
09/09/2021,2021,9,9,15.368125,4.603944444,22.57883333,7.960583333,10.65891667,0.004625
09/10/2021,2021,9,10,15.77066667,3.1590625,18.97641667,9.671458333,13.04595833,0.004666667
09/11/2021,2021,9,11,15.93816667,5.3524375,13.96510526,7.023842105,10.14042105,0.004333333
09/12/2021,2021,9,12,17.04095833,3.309904762,25.50820833,8.018125,10.29958333,0.004041667
9/13/2021,2021,9,13,16.489,4.407090909,20.41191667,11.219875,14.85770833,0.004
9/14/2021,2021,9,14,16.2805,3.919692308,26.59870833,8.140666667,10.093375,0.004083333
9/15/2021,2021,9,15,15.49804167,1.64,16.10595833,5.345666667,6.6065,0.004434783
9/16/2021,2021,9,16,15.7923125,2.494083333,12.339625,2.526375,2.4905,0.0035
9/17/2021,2021,9,17,16.18825,2.66075,19.0925,10.48895833,12.72704167,0.005083333
9/18/2021,2021,9,18,15.60675,3.572318182,18.90429167,9.762458333,12.26425,0.003916667
9/19/2021,2021,9,19,15.62241667,4.45575,21.702875,14.16066667,16.94595833,0.004
9/20/2021,2021,9,20,16.59416667,6.29235,18.546,17.67429167,20.74895833,0.004583333
9/21/2021,2021,9,21,15.32054167,3.873545455,16.2765,8.81,11.84075,0.003833333
9/22/2021,2021,9,22,16.4455,3.028,21.138875,7.814375,9.817791667,0.004375
9/23/2021,2021,9,23,15.70204167,2.3598,19.62016667,11.40808333,13.30283333,0.003958333
9/24/2021,2021,9,24,16.12279167,3.518470588,19.864625,13.92329167,16.034,0.004041667
9/25/2021,2021,9,25,17.008875,3.4184,19.41530435,17.4045,20.20720833,0.003791667
9/26/2021,2021,9,26,15.2456087,3.005214286,18.767,19.0055,21.62485714,0.003208333
9/27/2021,2021,9,27,15.82443478,3.913,21.93813043,,,0.00325
9/28/2021,2021,9,28,15.18220833,3.514466667,20.38075,,,0.003666667
9/29/2021,2021,9,29,15.72327273,4.163214286,16.5065,,,0.003809524
9/30/2021,2021,9,30,17.39866667,3.90747619,21.31669565,,,0.00425
10/01/2021,2021,10,1,16.046625,4.418,20.97647826,#DIV/0!,#DIV/0!,0.003958333
10/02/2021,2021,10,2,,,,,,
10/03/2021,2021,10,3,,,,,,
10/04/2021,2021,10,4,,,,,,
10/05/2021,2021,10,5,,,,,,
10/06/2021,2021,10,6,,,,,,
10/07/2021,2021,10,7,,,,,,
10/08/2021,2021,10,8,,,,,,
10/09/2021,2021,10,9,,,,,,
10/10/2021,2021,10,10,,,,,,
10/11/2021,2021,10,11,,,,,,
10/12/2021,2021,10,12,,,,,,
10/13/2021,2021,10,13,,,,,,
10/14/2021,2021,10,14,,,,,,
10/15/2021,2021,10,15,,,,,,
10/16/2021,2021,10,16,,,,,,
10/17/2021,2021,10,17,,,,,,
10/18/2021,2021,10,18,,,,,,
10/19/2021,2021,10,19,,,,,,
10/20/2021,2021,10,20,,,,,,
10/21/2021,2021,10,21,,,,,,
10/22/2021,2021,10,22,,,,,,
10/23/2021,2021,10,23,,,,,,
10/24/2021,2021,10,24,,,,,,
10/25/2021,2021,10,25,,,,,,
10/26/2021,2021,10,26,,,,,,
10/27/2021,2021,10,27,,,,,,
10/28/2021,2021,10,28,,,,,,
10/29/2021,2021,10,29,,,,,,
10/30/2021,2021,10,30,,,,,,
10/31/2021,2021,10,31,,,,,,
11/01/2021,2021,11,1,,,,,,
11/02/2021,2021,11,2,,,,,,
11/03/2021,2021,11,3,,,,,,
11/04/2021,2021,11,4,,,,,,
11/05/2021,2021,11,5,,,,,,
11/06/2021,2021,11,6,,,,,,
11/07/2021,2021,11,7,,,,,,
11/08/2021,2021,11,8,,,,,,
11/09/2021,2021,11,9,,,,,,
11/10/2021,2021,11,10,,,,,,
11/11/2021,2021,11,11,,,,,,
11/12/2021,2021,11,12,,,,,,
11/13/2021,2021,11,13,,,,,,
11/14/2021,2021,11,14,,,,,,
11/15/2021,2021,11,15,,,,,,
11/16/2021,2021,11,16,,,,,,
11/17/2021,2021,11,17,,,,,,
11/18/2021,2021,11,18,,,,,,
11/19/2021,2021,11,19,,,,,,
11/20/2021,2021,11,20,,,,,,
11/21/2021,2021,11,21,,,,,,
11/22/2021,2021,11,22,,,,,,
11/23/2021,2021,11,23,,,,,,
11/24/2021,2021,11,24,,,,,,
11/25/2021,2021,11,25,,,,,,
11/26/2021,2021,11,26,,,,,,
11/27/2021,2021,11,27,,,,,,
11/28/2021,2021,11,28,,,,,,
11/29/2021,2021,11,29,,,,,,
11/30/2021,2021,11,30,,,,,,
12/01/2021,2021,12,1,,,,,,
12/02/2021,2021,12,2,,,,,,
12/03/2021,2021,12,3,,,,,,
12/04/2021,2021,12,4,,,,,,
12/05/2021,2021,12,5,,,,,,
12/06/2021,2021,12,6,,,,,,
12/07/2021,2021,12,7,,,,,,
12/08/2021,2021,12,8,,,,,,
12/09/2021,2021,12,9,,,,,,
12/10/2021,2021,12,10,,,,,,
12/11/2021,2021,12,11,,,,,,
12/12/2021,2021,12,12,,,,,,
12/13/2021,2021,12,13,,,,,,
12/14/2021,2021,12,14,,,,,,
12/15/2021,2021,12,15,,,,,,
12/16/2021,2021,12,16,,,,,,
12/17/2021,2021,12,17,,,,,,
12/18/2021,2021,12,18,,,,,,
12/19/2021,2021,12,19,,,,,,
12/20/2021,2021,12,20,,,,,,
12/21/2021,2021,12,21,,,,,,
12/22/2021,2021,12,22,,,,,,
12/23/2021,2021,12,23,,,,,,
12/24/2021,2021,12,24,,,,,,
12/25/2021,2021,12,25,,,,,,
12/26/2021,2021,12,26,,,,,,
12/27/2021,2021,12,27,,,,,,
12/28/2021,2021,12,28,,,,,,
12/29/2021,2021,12,29,,,,,,
12/30/2021,2021,12,30,,,,,,
12/31/2021,2021,12,31,,,,,,
